ISO-10303-21;
HEADER;
/* Generated by software containing ST-Developer
 * from STEP Tools, Inc. (www.steptools.com) 
 */
/* OPTION: using custom renumber hook */

FILE_DESCRIPTION(
/* description */ ('STEP AP242 Edition 2',
'CAx-IF Rec.Pracs.---Representation and Presentation of Product Manufa
cturing Information (PMI)---4.0---2014-10-13',
'CAx-IF Rec.Pracs.---3D Tessellated Geometry---0.4---2014-09-14','2;1',
'CAx-IF Rec.Pracs.---User Defined Attributes---1.5---2016-08-15'),
/* implementation_level */ '2;1');

FILE_NAME(
/* name */ 'Print-PartStudio - Part 1',
/* time_stamp */ '2026-09-26T22:12:24Z',
/* author */ (''),
/* organization */ (''),
/* preprocessor_version */ 'ST-DEVELOPER v20',
/* originating_system */ 'ONSHAPE BY PTC INC, 1.221',
/* authorisation */ '  ');

FILE_SCHEMA (('AP242_MANAGED_MODEL_BASED_3D_ENGINEERING_MIM_LF { 1 0 10303 442 3 1 4 }'));
ENDSEC;

DATA;
#10=SHAPE_REPRESENTATION_RELATIONSHIP('','',#2365,#11);
#11=ADVANCED_BREP_SHAPE_REPRESENTATION('',(#2363),#3823);
#12=B_SPLINE_CURVE_WITH_KNOTS('',3,(#3529,#3530,#3531,#3532),
 .UNSPECIFIED.,.F.,.F.,(4,4),(0.,0.00282967888335816),.UNSPECIFIED.);
#13=B_SPLINE_CURVE_WITH_KNOTS('',3,(#3534,#3535,#3536,#3537),
 .UNSPECIFIED.,.F.,.F.,(4,4),(0.,0.00282967888335809),.UNSPECIFIED.);
#14=B_SPLINE_CURVE_WITH_KNOTS('',3,(#3543,#3544,#3545,#3546),
 .UNSPECIFIED.,.F.,.F.,(4,4),(0.,0.00282967888335816),.UNSPECIFIED.);
#15=B_SPLINE_CURVE_WITH_KNOTS('',3,(#3550,#3551,#3552,#3553),
 .UNSPECIFIED.,.F.,.F.,(4,4),(0.,0.00282967888335816),.UNSPECIFIED.);
#16=CONICAL_SURFACE('',#2425,0.00355,0.785398163397449);
#17=CONICAL_SURFACE('',#2428,0.00355,0.785398163397449);
#18=CONICAL_SURFACE('',#2429,0.00355,0.785398163397449);
#19=CONICAL_SURFACE('',#2432,0.00355,0.785398163397449);
#20=CONICAL_SURFACE('',#2442,0.0005,0.785398163397448);
#21=CONICAL_SURFACE('',#2443,0.0005,0.785398163397448);
#22=CONICAL_SURFACE('',#2446,0.0005,0.785398163397448);
#23=CONICAL_SURFACE('',#2447,0.0005,0.785398163397448);
#24=CYLINDRICAL_SURFACE('',#2381,0.00476250015500899);
#25=CYLINDRICAL_SURFACE('',#2386,0.00476250015500899);
#26=CYLINDRICAL_SURFACE('',#2390,0.00555);
#27=CYLINDRICAL_SURFACE('',#2394,0.00555);
#28=CYLINDRICAL_SURFACE('',#2403,0.00555);
#29=CYLINDRICAL_SURFACE('',#2407,0.00555);
#30=CYLINDRICAL_SURFACE('',#2410,0.00476250015500899);
#31=CYLINDRICAL_SURFACE('',#2415,0.004762500155008);
#32=CYLINDRICAL_SURFACE('',#2519,0.0015);
#33=CYLINDRICAL_SURFACE('',#2522,0.0015);
#34=CYLINDRICAL_SURFACE('',#2524,0.0015);
#35=CYLINDRICAL_SURFACE('',#2526,0.0015);
#36=CIRCLE('',#2373,0.0015);
#37=CIRCLE('',#2374,0.0015);
#38=CIRCLE('',#2375,0.00555);
#39=CIRCLE('',#2376,0.00555);
#40=CIRCLE('',#2377,0.00555);
#41=CIRCLE('',#2378,0.00555);
#42=CIRCLE('',#2379,0.0015);
#43=CIRCLE('',#2380,0.0015);
#44=CIRCLE('',#2382,0.00476250015500899);
#45=CIRCLE('',#2383,0.00476250015500899);
#46=CIRCLE('',#2387,0.00476250015500899);
#47=CIRCLE('',#2389,0.00476250015500899);
#48=CIRCLE('',#2391,0.00555);
#49=CIRCLE('',#2396,0.00555);
#50=CIRCLE('',#2398,0.00355);
#51=CIRCLE('',#2399,0.00355);
#52=CIRCLE('',#2400,0.004762500155008);
#53=CIRCLE('',#2401,0.00476250015500899);
#54=CIRCLE('',#2404,0.00555);
#55=CIRCLE('',#2409,0.00555);
#56=CIRCLE('',#2411,0.00476250015500899);
#57=CIRCLE('',#2416,0.004762500155008);
#58=CIRCLE('',#2421,0.00355);
#59=CIRCLE('',#2422,0.00355);
#60=CIRCLE('',#2436,0.0005);
#61=CIRCLE('',#2437,0.0005);
#62=CIRCLE('',#2439,0.0005);
#63=CIRCLE('',#2440,0.0005);
#64=ELLIPSE('',#2368,0.00479354843624159,0.00476250015500899);
#65=ELLIPSE('',#2369,0.00479354843624158,0.00476250015500899);
#66=ELLIPSE('',#2370,0.00479354843624159,0.00476250015500899);
#67=ELLIPSE('',#2371,0.00479354843624058,0.004762500155008);
#68=ELLIPSE('',#2384,0.00479354843773328,0.00476250015500899);
#69=ELLIPSE('',#2388,0.00479354843773328,0.00476250015500899);
#70=ELLIPSE('',#2392,0.00790005469921017,0.00555);
#71=ELLIPSE('',#2395,0.00790005469921015,0.00555);
#72=ELLIPSE('',#2405,0.00790005469921018,0.00555);
#73=ELLIPSE('',#2408,0.00790005469921017,0.00555);
#74=ELLIPSE('',#2412,0.00479354843773328,0.00476250015500899);
#75=ELLIPSE('',#2417,0.00479354843773228,0.004762500155008);
#76=ELLIPSE('',#2512,0.00212132034355965,0.0015);
#77=ELLIPSE('',#2515,0.00225319736406731,0.0015);
#78=ELLIPSE('',#2516,0.00225319736406731,0.0015);
#79=ELLIPSE('',#2518,0.00212132034355965,0.0015);
#80=ELLIPSE('',#2520,0.00212132034355965,0.0015);
#81=ELLIPSE('',#2521,0.00212132034355965,0.0015);
#82=ELLIPSE('',#2523,0.00212132034355964,0.0015);
#83=ELLIPSE('',#2525,0.00212132034355965,0.0015);
#84=ORIENTED_EDGE('',*,*,#740,.T.);
#85=ORIENTED_EDGE('',*,*,#741,.T.);
#86=ORIENTED_EDGE('',*,*,#742,.F.);
#87=ORIENTED_EDGE('',*,*,#743,.F.);
#88=ORIENTED_EDGE('',*,*,#744,.T.);
#89=ORIENTED_EDGE('',*,*,#745,.T.);
#90=ORIENTED_EDGE('',*,*,#746,.F.);
#91=ORIENTED_EDGE('',*,*,#747,.F.);
#92=ORIENTED_EDGE('',*,*,#748,.T.);
#93=ORIENTED_EDGE('',*,*,#749,.T.);
#94=ORIENTED_EDGE('',*,*,#750,.F.);
#95=ORIENTED_EDGE('',*,*,#751,.F.);
#96=ORIENTED_EDGE('',*,*,#752,.F.);
#97=ORIENTED_EDGE('',*,*,#753,.T.);
#98=ORIENTED_EDGE('',*,*,#754,.T.);
#99=ORIENTED_EDGE('',*,*,#755,.F.);
#100=ORIENTED_EDGE('',*,*,#756,.T.);
#101=ORIENTED_EDGE('',*,*,#757,.T.);
#102=ORIENTED_EDGE('',*,*,#758,.F.);
#103=ORIENTED_EDGE('',*,*,#759,.F.);
#104=ORIENTED_EDGE('',*,*,#760,.T.);
#105=ORIENTED_EDGE('',*,*,#761,.T.);
#106=ORIENTED_EDGE('',*,*,#762,.F.);
#107=ORIENTED_EDGE('',*,*,#763,.F.);
#108=ORIENTED_EDGE('',*,*,#764,.T.);
#109=ORIENTED_EDGE('',*,*,#765,.T.);
#110=ORIENTED_EDGE('',*,*,#766,.F.);
#111=ORIENTED_EDGE('',*,*,#767,.F.);
#112=ORIENTED_EDGE('',*,*,#768,.F.);
#113=ORIENTED_EDGE('',*,*,#769,.T.);
#114=ORIENTED_EDGE('',*,*,#770,.T.);
#115=ORIENTED_EDGE('',*,*,#771,.F.);
#116=ORIENTED_EDGE('',*,*,#772,.F.);
#117=ORIENTED_EDGE('',*,*,#773,.T.);
#118=ORIENTED_EDGE('',*,*,#774,.T.);
#119=ORIENTED_EDGE('',*,*,#775,.F.);
#120=ORIENTED_EDGE('',*,*,#776,.T.);
#121=ORIENTED_EDGE('',*,*,#777,.T.);
#122=ORIENTED_EDGE('',*,*,#778,.F.);
#123=ORIENTED_EDGE('',*,*,#779,.F.);
#124=ORIENTED_EDGE('',*,*,#780,.T.);
#125=ORIENTED_EDGE('',*,*,#781,.T.);
#126=ORIENTED_EDGE('',*,*,#782,.F.);
#127=ORIENTED_EDGE('',*,*,#783,.F.);
#128=ORIENTED_EDGE('',*,*,#784,.F.);
#129=ORIENTED_EDGE('',*,*,#785,.T.);
#130=ORIENTED_EDGE('',*,*,#786,.F.);
#131=ORIENTED_EDGE('',*,*,#787,.T.);
#132=ORIENTED_EDGE('',*,*,#788,.F.);
#133=ORIENTED_EDGE('',*,*,#789,.T.);
#134=ORIENTED_EDGE('',*,*,#790,.T.);
#135=ORIENTED_EDGE('',*,*,#791,.T.);
#136=ORIENTED_EDGE('',*,*,#792,.F.);
#137=ORIENTED_EDGE('',*,*,#793,.F.);
#138=ORIENTED_EDGE('',*,*,#794,.T.);
#139=ORIENTED_EDGE('',*,*,#795,.T.);
#140=ORIENTED_EDGE('',*,*,#796,.F.);
#141=ORIENTED_EDGE('',*,*,#797,.T.);
#142=ORIENTED_EDGE('',*,*,#798,.T.);
#143=ORIENTED_EDGE('',*,*,#799,.F.);
#144=ORIENTED_EDGE('',*,*,#800,.F.);
#145=ORIENTED_EDGE('',*,*,#801,.F.);
#146=ORIENTED_EDGE('',*,*,#802,.T.);
#147=ORIENTED_EDGE('',*,*,#803,.T.);
#148=ORIENTED_EDGE('',*,*,#804,.T.);
#149=ORIENTED_EDGE('',*,*,#805,.T.);
#150=ORIENTED_EDGE('',*,*,#806,.F.);
#151=ORIENTED_EDGE('',*,*,#807,.F.);
#152=ORIENTED_EDGE('',*,*,#808,.T.);
#153=ORIENTED_EDGE('',*,*,#809,.F.);
#154=ORIENTED_EDGE('',*,*,#810,.F.);
#155=ORIENTED_EDGE('',*,*,#811,.T.);
#156=ORIENTED_EDGE('',*,*,#812,.T.);
#157=ORIENTED_EDGE('',*,*,#813,.T.);
#158=ORIENTED_EDGE('',*,*,#814,.F.);
#159=ORIENTED_EDGE('',*,*,#815,.F.);
#160=ORIENTED_EDGE('',*,*,#816,.T.);
#161=ORIENTED_EDGE('',*,*,#817,.F.);
#162=ORIENTED_EDGE('',*,*,#818,.F.);
#163=ORIENTED_EDGE('',*,*,#819,.T.);
#164=ORIENTED_EDGE('',*,*,#820,.T.);
#165=ORIENTED_EDGE('',*,*,#821,.T.);
#166=ORIENTED_EDGE('',*,*,#822,.F.);
#167=ORIENTED_EDGE('',*,*,#823,.F.);
#168=ORIENTED_EDGE('',*,*,#824,.T.);
#169=ORIENTED_EDGE('',*,*,#825,.T.);
#170=ORIENTED_EDGE('',*,*,#826,.T.);
#171=ORIENTED_EDGE('',*,*,#827,.F.);
#172=ORIENTED_EDGE('',*,*,#828,.F.);
#173=ORIENTED_EDGE('',*,*,#829,.F.);
#174=ORIENTED_EDGE('',*,*,#830,.F.);
#175=ORIENTED_EDGE('',*,*,#831,.T.);
#176=ORIENTED_EDGE('',*,*,#832,.F.);
#177=ORIENTED_EDGE('',*,*,#833,.T.);
#178=ORIENTED_EDGE('',*,*,#834,.F.);
#179=ORIENTED_EDGE('',*,*,#835,.F.);
#180=ORIENTED_EDGE('',*,*,#836,.T.);
#181=ORIENTED_EDGE('',*,*,#837,.T.);
#182=ORIENTED_EDGE('',*,*,#838,.T.);
#183=ORIENTED_EDGE('',*,*,#839,.F.);
#184=ORIENTED_EDGE('',*,*,#840,.T.);
#185=ORIENTED_EDGE('',*,*,#841,.T.);
#186=ORIENTED_EDGE('',*,*,#842,.F.);
#187=ORIENTED_EDGE('',*,*,#843,.F.);
#188=ORIENTED_EDGE('',*,*,#844,.T.);
#189=ORIENTED_EDGE('',*,*,#845,.F.);
#190=ORIENTED_EDGE('',*,*,#846,.F.);
#191=ORIENTED_EDGE('',*,*,#847,.T.);
#192=ORIENTED_EDGE('',*,*,#848,.T.);
#193=ORIENTED_EDGE('',*,*,#849,.T.);
#194=ORIENTED_EDGE('',*,*,#850,.F.);
#195=ORIENTED_EDGE('',*,*,#851,.F.);
#196=ORIENTED_EDGE('',*,*,#852,.T.);
#197=ORIENTED_EDGE('',*,*,#853,.T.);
#198=ORIENTED_EDGE('',*,*,#854,.F.);
#199=ORIENTED_EDGE('',*,*,#855,.F.);
#200=ORIENTED_EDGE('',*,*,#856,.T.);
#201=ORIENTED_EDGE('',*,*,#857,.T.);
#202=ORIENTED_EDGE('',*,*,#858,.F.);
#203=ORIENTED_EDGE('',*,*,#859,.F.);
#204=ORIENTED_EDGE('',*,*,#860,.T.);
#205=ORIENTED_EDGE('',*,*,#861,.T.);
#206=ORIENTED_EDGE('',*,*,#862,.F.);
#207=ORIENTED_EDGE('',*,*,#863,.F.);
#208=ORIENTED_EDGE('',*,*,#787,.F.);
#209=ORIENTED_EDGE('',*,*,#864,.T.);
#210=ORIENTED_EDGE('',*,*,#865,.F.);
#211=ORIENTED_EDGE('',*,*,#866,.T.);
#212=ORIENTED_EDGE('',*,*,#867,.F.);
#213=ORIENTED_EDGE('',*,*,#868,.T.);
#214=ORIENTED_EDGE('',*,*,#869,.F.);
#215=ORIENTED_EDGE('',*,*,#870,.F.);
#216=ORIENTED_EDGE('',*,*,#871,.F.);
#217=ORIENTED_EDGE('',*,*,#865,.T.);
#218=ORIENTED_EDGE('',*,*,#870,.T.);
#219=ORIENTED_EDGE('',*,*,#872,.T.);
#220=ORIENTED_EDGE('',*,*,#785,.F.);
#221=ORIENTED_EDGE('',*,*,#873,.F.);
#222=ORIENTED_EDGE('',*,*,#874,.F.);
#223=ORIENTED_EDGE('',*,*,#875,.T.);
#224=ORIENTED_EDGE('',*,*,#876,.F.);
#225=ORIENTED_EDGE('',*,*,#877,.T.);
#226=ORIENTED_EDGE('',*,*,#878,.T.);
#227=ORIENTED_EDGE('',*,*,#879,.T.);
#228=ORIENTED_EDGE('',*,*,#828,.T.);
#229=ORIENTED_EDGE('',*,*,#880,.F.);
#230=ORIENTED_EDGE('',*,*,#881,.T.);
#231=ORIENTED_EDGE('',*,*,#876,.T.);
#232=ORIENTED_EDGE('',*,*,#835,.T.);
#233=ORIENTED_EDGE('',*,*,#882,.F.);
#234=ORIENTED_EDGE('',*,*,#883,.T.);
#235=ORIENTED_EDGE('',*,*,#884,.T.);
#236=ORIENTED_EDGE('',*,*,#880,.T.);
#237=ORIENTED_EDGE('',*,*,#834,.T.);
#238=ORIENTED_EDGE('',*,*,#885,.T.);
#239=ORIENTED_EDGE('',*,*,#886,.T.);
#240=ORIENTED_EDGE('',*,*,#887,.T.);
#241=ORIENTED_EDGE('',*,*,#888,.T.);
#242=ORIENTED_EDGE('',*,*,#889,.T.);
#243=ORIENTED_EDGE('',*,*,#890,.F.);
#244=ORIENTED_EDGE('',*,*,#891,.T.);
#245=ORIENTED_EDGE('',*,*,#892,.F.);
#246=ORIENTED_EDGE('',*,*,#893,.F.);
#247=ORIENTED_EDGE('',*,*,#894,.T.);
#248=ORIENTED_EDGE('',*,*,#882,.T.);
#249=ORIENTED_EDGE('',*,*,#833,.F.);
#250=ORIENTED_EDGE('',*,*,#895,.T.);
#251=ORIENTED_EDGE('',*,*,#896,.T.);
#252=ORIENTED_EDGE('',*,*,#893,.T.);
#253=ORIENTED_EDGE('',*,*,#832,.T.);
#254=ORIENTED_EDGE('',*,*,#897,.F.);
#255=ORIENTED_EDGE('',*,*,#898,.T.);
#256=ORIENTED_EDGE('',*,*,#899,.T.);
#257=ORIENTED_EDGE('',*,*,#900,.T.);
#258=ORIENTED_EDGE('',*,*,#901,.T.);
#259=ORIENTED_EDGE('',*,*,#902,.F.);
#260=ORIENTED_EDGE('',*,*,#903,.T.);
#261=ORIENTED_EDGE('',*,*,#897,.T.);
#262=ORIENTED_EDGE('',*,*,#831,.F.);
#263=ORIENTED_EDGE('',*,*,#904,.T.);
#264=ORIENTED_EDGE('',*,*,#905,.T.);
#265=ORIENTED_EDGE('',*,*,#902,.T.);
#266=ORIENTED_EDGE('',*,*,#830,.T.);
#267=ORIENTED_EDGE('',*,*,#906,.F.);
#268=ORIENTED_EDGE('',*,*,#907,.F.);
#269=ORIENTED_EDGE('',*,*,#789,.F.);
#270=ORIENTED_EDGE('',*,*,#908,.F.);
#271=ORIENTED_EDGE('',*,*,#909,.F.);
#272=ORIENTED_EDGE('',*,*,#892,.T.);
#273=ORIENTED_EDGE('',*,*,#910,.T.);
#274=ORIENTED_EDGE('',*,*,#908,.T.);
#275=ORIENTED_EDGE('',*,*,#788,.T.);
#276=ORIENTED_EDGE('',*,*,#868,.F.);
#277=ORIENTED_EDGE('',*,*,#911,.T.);
#278=ORIENTED_EDGE('',*,*,#873,.T.);
#279=ORIENTED_EDGE('',*,*,#784,.T.);
#280=ORIENTED_EDGE('',*,*,#912,.F.);
#281=ORIENTED_EDGE('',*,*,#913,.T.);
#282=ORIENTED_EDGE('',*,*,#914,.F.);
#283=ORIENTED_EDGE('',*,*,#915,.F.);
#284=ORIENTED_EDGE('',*,*,#890,.T.);
#285=ORIENTED_EDGE('',*,*,#916,.F.);
#286=ORIENTED_EDGE('',*,*,#912,.T.);
#287=ORIENTED_EDGE('',*,*,#791,.F.);
#288=ORIENTED_EDGE('',*,*,#917,.T.);
#289=ORIENTED_EDGE('',*,*,#918,.T.);
#290=ORIENTED_EDGE('',*,*,#919,.T.);
#291=ORIENTED_EDGE('',*,*,#920,.T.);
#292=ORIENTED_EDGE('',*,*,#915,.T.);
#293=ORIENTED_EDGE('',*,*,#921,.T.);
#294=ORIENTED_EDGE('',*,*,#910,.F.);
#295=ORIENTED_EDGE('',*,*,#891,.F.);
#296=ORIENTED_EDGE('',*,*,#879,.F.);
#297=ORIENTED_EDGE('',*,*,#922,.T.);
#298=ORIENTED_EDGE('',*,*,#906,.T.);
#299=ORIENTED_EDGE('',*,*,#829,.T.);
#300=ORIENTED_EDGE('',*,*,#923,.T.);
#301=ORIENTED_EDGE('',*,*,#924,.T.);
#302=ORIENTED_EDGE('',*,*,#925,.F.);
#303=ORIENTED_EDGE('',*,*,#866,.F.);
#304=ORIENTED_EDGE('',*,*,#871,.T.);
#305=ORIENTED_EDGE('',*,*,#875,.F.);
#306=ORIENTED_EDGE('',*,*,#926,.F.);
#307=ORIENTED_EDGE('',*,*,#927,.T.);
#308=ORIENTED_EDGE('',*,*,#925,.T.);
#309=ORIENTED_EDGE('',*,*,#928,.T.);
#310=ORIENTED_EDGE('',*,*,#885,.F.);
#311=ORIENTED_EDGE('',*,*,#909,.T.);
#312=ORIENTED_EDGE('',*,*,#911,.F.);
#313=ORIENTED_EDGE('',*,*,#867,.T.);
#314=ORIENTED_EDGE('',*,*,#889,.F.);
#315=ORIENTED_EDGE('',*,*,#929,.T.);
#316=ORIENTED_EDGE('',*,*,#926,.T.);
#317=ORIENTED_EDGE('',*,*,#874,.T.);
#318=ORIENTED_EDGE('',*,*,#913,.F.);
#319=ORIENTED_EDGE('',*,*,#916,.T.);
#320=ORIENTED_EDGE('',*,*,#930,.F.);
#321=ORIENTED_EDGE('',*,*,#905,.F.);
#322=ORIENTED_EDGE('',*,*,#931,.F.);
#323=ORIENTED_EDGE('',*,*,#888,.F.);
#324=ORIENTED_EDGE('',*,*,#922,.F.);
#325=ORIENTED_EDGE('',*,*,#878,.F.);
#326=ORIENTED_EDGE('',*,*,#932,.F.);
#327=ORIENTED_EDGE('',*,*,#929,.F.);
#328=ORIENTED_EDGE('',*,*,#931,.T.);
#329=ORIENTED_EDGE('',*,*,#904,.F.);
#330=ORIENTED_EDGE('',*,*,#930,.T.);
#331=ORIENTED_EDGE('',*,*,#887,.F.);
#332=ORIENTED_EDGE('',*,*,#933,.F.);
#333=ORIENTED_EDGE('',*,*,#903,.F.);
#334=ORIENTED_EDGE('',*,*,#932,.T.);
#335=ORIENTED_EDGE('',*,*,#877,.F.);
#336=ORIENTED_EDGE('',*,*,#934,.F.);
#337=ORIENTED_EDGE('',*,*,#927,.F.);
#338=ORIENTED_EDGE('',*,*,#933,.T.);
#339=ORIENTED_EDGE('',*,*,#886,.F.);
#340=ORIENTED_EDGE('',*,*,#935,.F.);
#341=ORIENTED_EDGE('',*,*,#895,.F.);
#342=ORIENTED_EDGE('',*,*,#934,.T.);
#343=ORIENTED_EDGE('',*,*,#881,.F.);
#344=ORIENTED_EDGE('',*,*,#936,.F.);
#345=ORIENTED_EDGE('',*,*,#923,.F.);
#346=ORIENTED_EDGE('',*,*,#935,.T.);
#347=ORIENTED_EDGE('',*,*,#928,.F.);
#348=ORIENTED_EDGE('',*,*,#937,.F.);
#349=ORIENTED_EDGE('',*,*,#883,.F.);
#350=ORIENTED_EDGE('',*,*,#894,.F.);
#351=ORIENTED_EDGE('',*,*,#896,.F.);
#352=ORIENTED_EDGE('',*,*,#936,.T.);
#353=ORIENTED_EDGE('',*,*,#884,.F.);
#354=ORIENTED_EDGE('',*,*,#937,.T.);
#355=ORIENTED_EDGE('',*,*,#924,.F.);
#356=ORIENTED_EDGE('',*,*,#864,.F.);
#357=ORIENTED_EDGE('',*,*,#786,.T.);
#358=ORIENTED_EDGE('',*,*,#872,.F.);
#359=ORIENTED_EDGE('',*,*,#869,.T.);
#360=ORIENTED_EDGE('',*,*,#790,.F.);
#361=ORIENTED_EDGE('',*,*,#907,.T.);
#362=ORIENTED_EDGE('',*,*,#921,.F.);
#363=ORIENTED_EDGE('',*,*,#914,.T.);
#364=ORIENTED_EDGE('',*,*,#938,.T.);
#365=ORIENTED_EDGE('',*,*,#939,.T.);
#366=ORIENTED_EDGE('',*,*,#940,.T.);
#367=ORIENTED_EDGE('',*,*,#941,.T.);
#368=ORIENTED_EDGE('',*,*,#942,.T.);
#369=ORIENTED_EDGE('',*,*,#943,.T.);
#370=ORIENTED_EDGE('',*,*,#944,.T.);
#371=ORIENTED_EDGE('',*,*,#945,.T.);
#372=ORIENTED_EDGE('',*,*,#946,.F.);
#373=ORIENTED_EDGE('',*,*,#825,.F.);
#374=ORIENTED_EDGE('',*,*,#947,.F.);
#375=ORIENTED_EDGE('',*,*,#941,.F.);
#376=ORIENTED_EDGE('',*,*,#947,.T.);
#377=ORIENTED_EDGE('',*,*,#824,.F.);
#378=ORIENTED_EDGE('',*,*,#948,.F.);
#379=ORIENTED_EDGE('',*,*,#938,.F.);
#380=ORIENTED_EDGE('',*,*,#946,.T.);
#381=ORIENTED_EDGE('',*,*,#940,.F.);
#382=ORIENTED_EDGE('',*,*,#949,.F.);
#383=ORIENTED_EDGE('',*,*,#826,.F.);
#384=ORIENTED_EDGE('',*,*,#948,.T.);
#385=ORIENTED_EDGE('',*,*,#827,.T.);
#386=ORIENTED_EDGE('',*,*,#949,.T.);
#387=ORIENTED_EDGE('',*,*,#939,.F.);
#388=ORIENTED_EDGE('',*,*,#950,.F.);
#389=ORIENTED_EDGE('',*,*,#837,.F.);
#390=ORIENTED_EDGE('',*,*,#951,.F.);
#391=ORIENTED_EDGE('',*,*,#945,.F.);
#392=ORIENTED_EDGE('',*,*,#951,.T.);
#393=ORIENTED_EDGE('',*,*,#836,.F.);
#394=ORIENTED_EDGE('',*,*,#952,.F.);
#395=ORIENTED_EDGE('',*,*,#942,.F.);
#396=ORIENTED_EDGE('',*,*,#950,.T.);
#397=ORIENTED_EDGE('',*,*,#944,.F.);
#398=ORIENTED_EDGE('',*,*,#953,.F.);
#399=ORIENTED_EDGE('',*,*,#838,.F.);
#400=ORIENTED_EDGE('',*,*,#952,.T.);
#401=ORIENTED_EDGE('',*,*,#839,.T.);
#402=ORIENTED_EDGE('',*,*,#953,.T.);
#403=ORIENTED_EDGE('',*,*,#943,.F.);
#404=ORIENTED_EDGE('',*,*,#954,.T.);
#405=ORIENTED_EDGE('',*,*,#840,.F.);
#406=ORIENTED_EDGE('',*,*,#955,.F.);
#407=ORIENTED_EDGE('',*,*,#781,.F.);
#408=ORIENTED_EDGE('',*,*,#782,.T.);
#409=ORIENTED_EDGE('',*,*,#955,.T.);
#410=ORIENTED_EDGE('',*,*,#843,.T.);
#411=ORIENTED_EDGE('',*,*,#956,.F.);
#412=ORIENTED_EDGE('',*,*,#783,.T.);
#413=ORIENTED_EDGE('',*,*,#956,.T.);
#414=ORIENTED_EDGE('',*,*,#842,.T.);
#415=ORIENTED_EDGE('',*,*,#957,.F.);
#416=ORIENTED_EDGE('',*,*,#957,.T.);
#417=ORIENTED_EDGE('',*,*,#841,.F.);
#418=ORIENTED_EDGE('',*,*,#954,.F.);
#419=ORIENTED_EDGE('',*,*,#780,.F.);
#420=ORIENTED_EDGE('',*,*,#958,.T.);
#421=ORIENTED_EDGE('',*,*,#820,.F.);
#422=ORIENTED_EDGE('',*,*,#959,.F.);
#423=ORIENTED_EDGE('',*,*,#777,.F.);
#424=ORIENTED_EDGE('',*,*,#778,.T.);
#425=ORIENTED_EDGE('',*,*,#959,.T.);
#426=ORIENTED_EDGE('',*,*,#823,.T.);
#427=ORIENTED_EDGE('',*,*,#960,.F.);
#428=ORIENTED_EDGE('',*,*,#779,.T.);
#429=ORIENTED_EDGE('',*,*,#960,.T.);
#430=ORIENTED_EDGE('',*,*,#822,.T.);
#431=ORIENTED_EDGE('',*,*,#961,.F.);
#432=ORIENTED_EDGE('',*,*,#961,.T.);
#433=ORIENTED_EDGE('',*,*,#821,.F.);
#434=ORIENTED_EDGE('',*,*,#958,.F.);
#435=ORIENTED_EDGE('',*,*,#776,.F.);
#436=ORIENTED_EDGE('',*,*,#962,.T.);
#437=ORIENTED_EDGE('',*,*,#844,.F.);
#438=ORIENTED_EDGE('',*,*,#963,.F.);
#439=ORIENTED_EDGE('',*,*,#773,.F.);
#440=ORIENTED_EDGE('',*,*,#963,.T.);
#441=ORIENTED_EDGE('',*,*,#847,.F.);
#442=ORIENTED_EDGE('',*,*,#964,.F.);
#443=ORIENTED_EDGE('',*,*,#774,.F.);
#444=ORIENTED_EDGE('',*,*,#775,.T.);
#445=ORIENTED_EDGE('',*,*,#964,.T.);
#446=ORIENTED_EDGE('',*,*,#846,.T.);
#447=ORIENTED_EDGE('',*,*,#965,.F.);
#448=ORIENTED_EDGE('',*,*,#772,.T.);
#449=ORIENTED_EDGE('',*,*,#965,.T.);
#450=ORIENTED_EDGE('',*,*,#845,.T.);
#451=ORIENTED_EDGE('',*,*,#962,.F.);
#452=ORIENTED_EDGE('',*,*,#966,.T.);
#453=ORIENTED_EDGE('',*,*,#816,.F.);
#454=ORIENTED_EDGE('',*,*,#967,.F.);
#455=ORIENTED_EDGE('',*,*,#769,.F.);
#456=ORIENTED_EDGE('',*,*,#967,.T.);
#457=ORIENTED_EDGE('',*,*,#819,.F.);
#458=ORIENTED_EDGE('',*,*,#968,.F.);
#459=ORIENTED_EDGE('',*,*,#770,.F.);
#460=ORIENTED_EDGE('',*,*,#771,.T.);
#461=ORIENTED_EDGE('',*,*,#968,.T.);
#462=ORIENTED_EDGE('',*,*,#818,.T.);
#463=ORIENTED_EDGE('',*,*,#969,.F.);
#464=ORIENTED_EDGE('',*,*,#768,.T.);
#465=ORIENTED_EDGE('',*,*,#969,.T.);
#466=ORIENTED_EDGE('',*,*,#817,.T.);
#467=ORIENTED_EDGE('',*,*,#966,.F.);
#468=ORIENTED_EDGE('',*,*,#970,.T.);
#469=ORIENTED_EDGE('',*,*,#848,.F.);
#470=ORIENTED_EDGE('',*,*,#971,.F.);
#471=ORIENTED_EDGE('',*,*,#765,.F.);
#472=ORIENTED_EDGE('',*,*,#766,.T.);
#473=ORIENTED_EDGE('',*,*,#971,.T.);
#474=ORIENTED_EDGE('',*,*,#851,.T.);
#475=ORIENTED_EDGE('',*,*,#972,.F.);
#476=ORIENTED_EDGE('',*,*,#767,.T.);
#477=ORIENTED_EDGE('',*,*,#972,.T.);
#478=ORIENTED_EDGE('',*,*,#850,.T.);
#479=ORIENTED_EDGE('',*,*,#973,.F.);
#480=ORIENTED_EDGE('',*,*,#973,.T.);
#481=ORIENTED_EDGE('',*,*,#849,.F.);
#482=ORIENTED_EDGE('',*,*,#970,.F.);
#483=ORIENTED_EDGE('',*,*,#764,.F.);
#484=ORIENTED_EDGE('',*,*,#974,.T.);
#485=ORIENTED_EDGE('',*,*,#812,.F.);
#486=ORIENTED_EDGE('',*,*,#975,.F.);
#487=ORIENTED_EDGE('',*,*,#761,.F.);
#488=ORIENTED_EDGE('',*,*,#762,.T.);
#489=ORIENTED_EDGE('',*,*,#975,.T.);
#490=ORIENTED_EDGE('',*,*,#815,.T.);
#491=ORIENTED_EDGE('',*,*,#976,.F.);
#492=ORIENTED_EDGE('',*,*,#763,.T.);
#493=ORIENTED_EDGE('',*,*,#976,.T.);
#494=ORIENTED_EDGE('',*,*,#814,.T.);
#495=ORIENTED_EDGE('',*,*,#977,.F.);
#496=ORIENTED_EDGE('',*,*,#977,.T.);
#497=ORIENTED_EDGE('',*,*,#813,.F.);
#498=ORIENTED_EDGE('',*,*,#974,.F.);
#499=ORIENTED_EDGE('',*,*,#760,.F.);
#500=ORIENTED_EDGE('',*,*,#978,.T.);
#501=ORIENTED_EDGE('',*,*,#852,.F.);
#502=ORIENTED_EDGE('',*,*,#979,.F.);
#503=ORIENTED_EDGE('',*,*,#757,.F.);
#504=ORIENTED_EDGE('',*,*,#758,.T.);
#505=ORIENTED_EDGE('',*,*,#979,.T.);
#506=ORIENTED_EDGE('',*,*,#855,.T.);
#507=ORIENTED_EDGE('',*,*,#980,.F.);
#508=ORIENTED_EDGE('',*,*,#759,.T.);
#509=ORIENTED_EDGE('',*,*,#980,.T.);
#510=ORIENTED_EDGE('',*,*,#854,.T.);
#511=ORIENTED_EDGE('',*,*,#981,.F.);
#512=ORIENTED_EDGE('',*,*,#981,.T.);
#513=ORIENTED_EDGE('',*,*,#853,.F.);
#514=ORIENTED_EDGE('',*,*,#978,.F.);
#515=ORIENTED_EDGE('',*,*,#756,.F.);
#516=ORIENTED_EDGE('',*,*,#982,.T.);
#517=ORIENTED_EDGE('',*,*,#808,.F.);
#518=ORIENTED_EDGE('',*,*,#983,.F.);
#519=ORIENTED_EDGE('',*,*,#753,.F.);
#520=ORIENTED_EDGE('',*,*,#983,.T.);
#521=ORIENTED_EDGE('',*,*,#811,.F.);
#522=ORIENTED_EDGE('',*,*,#984,.F.);
#523=ORIENTED_EDGE('',*,*,#754,.F.);
#524=ORIENTED_EDGE('',*,*,#755,.T.);
#525=ORIENTED_EDGE('',*,*,#984,.T.);
#526=ORIENTED_EDGE('',*,*,#810,.T.);
#527=ORIENTED_EDGE('',*,*,#985,.F.);
#528=ORIENTED_EDGE('',*,*,#752,.T.);
#529=ORIENTED_EDGE('',*,*,#985,.T.);
#530=ORIENTED_EDGE('',*,*,#809,.T.);
#531=ORIENTED_EDGE('',*,*,#982,.F.);
#532=ORIENTED_EDGE('',*,*,#986,.T.);
#533=ORIENTED_EDGE('',*,*,#856,.F.);
#534=ORIENTED_EDGE('',*,*,#987,.F.);
#535=ORIENTED_EDGE('',*,*,#749,.F.);
#536=ORIENTED_EDGE('',*,*,#750,.T.);
#537=ORIENTED_EDGE('',*,*,#987,.T.);
#538=ORIENTED_EDGE('',*,*,#859,.T.);
#539=ORIENTED_EDGE('',*,*,#988,.F.);
#540=ORIENTED_EDGE('',*,*,#751,.T.);
#541=ORIENTED_EDGE('',*,*,#988,.T.);
#542=ORIENTED_EDGE('',*,*,#858,.T.);
#543=ORIENTED_EDGE('',*,*,#989,.F.);
#544=ORIENTED_EDGE('',*,*,#989,.T.);
#545=ORIENTED_EDGE('',*,*,#857,.F.);
#546=ORIENTED_EDGE('',*,*,#986,.F.);
#547=ORIENTED_EDGE('',*,*,#748,.F.);
#548=ORIENTED_EDGE('',*,*,#990,.T.);
#549=ORIENTED_EDGE('',*,*,#804,.F.);
#550=ORIENTED_EDGE('',*,*,#991,.F.);
#551=ORIENTED_EDGE('',*,*,#745,.F.);
#552=ORIENTED_EDGE('',*,*,#746,.T.);
#553=ORIENTED_EDGE('',*,*,#991,.T.);
#554=ORIENTED_EDGE('',*,*,#807,.T.);
#555=ORIENTED_EDGE('',*,*,#992,.F.);
#556=ORIENTED_EDGE('',*,*,#747,.T.);
#557=ORIENTED_EDGE('',*,*,#992,.T.);
#558=ORIENTED_EDGE('',*,*,#806,.T.);
#559=ORIENTED_EDGE('',*,*,#993,.F.);
#560=ORIENTED_EDGE('',*,*,#993,.T.);
#561=ORIENTED_EDGE('',*,*,#805,.F.);
#562=ORIENTED_EDGE('',*,*,#990,.F.);
#563=ORIENTED_EDGE('',*,*,#744,.F.);
#564=ORIENTED_EDGE('',*,*,#994,.T.);
#565=ORIENTED_EDGE('',*,*,#860,.F.);
#566=ORIENTED_EDGE('',*,*,#995,.F.);
#567=ORIENTED_EDGE('',*,*,#741,.F.);
#568=ORIENTED_EDGE('',*,*,#742,.T.);
#569=ORIENTED_EDGE('',*,*,#995,.T.);
#570=ORIENTED_EDGE('',*,*,#863,.T.);
#571=ORIENTED_EDGE('',*,*,#996,.F.);
#572=ORIENTED_EDGE('',*,*,#743,.T.);
#573=ORIENTED_EDGE('',*,*,#996,.T.);
#574=ORIENTED_EDGE('',*,*,#862,.T.);
#575=ORIENTED_EDGE('',*,*,#997,.F.);
#576=ORIENTED_EDGE('',*,*,#997,.T.);
#577=ORIENTED_EDGE('',*,*,#861,.F.);
#578=ORIENTED_EDGE('',*,*,#994,.F.);
#579=ORIENTED_EDGE('',*,*,#740,.F.);
#580=ORIENTED_EDGE('',*,*,#792,.T.);
#581=ORIENTED_EDGE('',*,*,#998,.T.);
#582=ORIENTED_EDGE('',*,*,#801,.T.);
#583=ORIENTED_EDGE('',*,*,#999,.F.);
#584=ORIENTED_EDGE('',*,*,#793,.T.);
#585=ORIENTED_EDGE('',*,*,#999,.T.);
#586=ORIENTED_EDGE('',*,*,#800,.T.);
#587=ORIENTED_EDGE('',*,*,#1000,.F.);
#588=ORIENTED_EDGE('',*,*,#1000,.T.);
#589=ORIENTED_EDGE('',*,*,#803,.F.);
#590=ORIENTED_EDGE('',*,*,#1001,.F.);
#591=ORIENTED_EDGE('',*,*,#794,.F.);
#592=ORIENTED_EDGE('',*,*,#1001,.T.);
#593=ORIENTED_EDGE('',*,*,#802,.F.);
#594=ORIENTED_EDGE('',*,*,#998,.F.);
#595=ORIENTED_EDGE('',*,*,#795,.F.);
#596=ORIENTED_EDGE('',*,*,#1002,.F.);
#597=ORIENTED_EDGE('',*,*,#1003,.F.);
#598=ORIENTED_EDGE('',*,*,#1004,.T.);
#599=ORIENTED_EDGE('',*,*,#1005,.T.);
#600=ORIENTED_EDGE('',*,*,#1006,.T.);
#601=ORIENTED_EDGE('',*,*,#1007,.F.);
#602=ORIENTED_EDGE('',*,*,#1008,.F.);
#603=ORIENTED_EDGE('',*,*,#1003,.T.);
#604=ORIENTED_EDGE('',*,*,#1009,.T.);
#605=ORIENTED_EDGE('',*,*,#1010,.F.);
#606=ORIENTED_EDGE('',*,*,#1011,.F.);
#607=ORIENTED_EDGE('',*,*,#1007,.T.);
#608=ORIENTED_EDGE('',*,*,#797,.F.);
#609=ORIENTED_EDGE('',*,*,#1012,.F.);
#610=ORIENTED_EDGE('',*,*,#1013,.T.);
#611=ORIENTED_EDGE('',*,*,#1014,.T.);
#612=ORIENTED_EDGE('',*,*,#796,.T.);
#613=ORIENTED_EDGE('',*,*,#1015,.F.);
#614=ORIENTED_EDGE('',*,*,#1016,.F.);
#615=ORIENTED_EDGE('',*,*,#1012,.T.);
#616=ORIENTED_EDGE('',*,*,#799,.T.);
#617=ORIENTED_EDGE('',*,*,#1017,.F.);
#618=ORIENTED_EDGE('',*,*,#1018,.F.);
#619=ORIENTED_EDGE('',*,*,#1015,.T.);
#620=ORIENTED_EDGE('',*,*,#798,.F.);
#621=ORIENTED_EDGE('',*,*,#1014,.F.);
#622=ORIENTED_EDGE('',*,*,#1019,.T.);
#623=ORIENTED_EDGE('',*,*,#1017,.T.);
#624=ORIENTED_EDGE('',*,*,#1020,.F.);
#625=ORIENTED_EDGE('',*,*,#1005,.F.);
#626=ORIENTED_EDGE('',*,*,#1021,.T.);
#627=ORIENTED_EDGE('',*,*,#1010,.T.);
#628=ORIENTED_EDGE('',*,*,#1013,.F.);
#629=ORIENTED_EDGE('',*,*,#1016,.T.);
#630=ORIENTED_EDGE('',*,*,#1018,.T.);
#631=ORIENTED_EDGE('',*,*,#1019,.F.);
#632=ORIENTED_EDGE('',*,*,#1004,.F.);
#633=ORIENTED_EDGE('',*,*,#1008,.T.);
#634=ORIENTED_EDGE('',*,*,#1011,.T.);
#635=ORIENTED_EDGE('',*,*,#1021,.F.);
#636=ORIENTED_EDGE('',*,*,#1006,.F.);
#637=ORIENTED_EDGE('',*,*,#1002,.T.);
#638=ORIENTED_EDGE('',*,*,#1020,.T.);
#639=ORIENTED_EDGE('',*,*,#1009,.F.);
#640=ORIENTED_EDGE('',*,*,#1022,.F.);
#641=ORIENTED_EDGE('',*,*,#1023,.T.);
#642=ORIENTED_EDGE('',*,*,#1024,.T.);
#643=ORIENTED_EDGE('',*,*,#1025,.F.);
#644=ORIENTED_EDGE('',*,*,#1024,.F.);
#645=ORIENTED_EDGE('',*,*,#1026,.T.);
#646=ORIENTED_EDGE('',*,*,#1027,.T.);
#647=ORIENTED_EDGE('',*,*,#1028,.T.);
#648=ORIENTED_EDGE('',*,*,#1029,.F.);
#649=ORIENTED_EDGE('',*,*,#1030,.F.);
#650=ORIENTED_EDGE('',*,*,#1031,.T.);
#651=ORIENTED_EDGE('',*,*,#1028,.F.);
#652=ORIENTED_EDGE('',*,*,#1032,.T.);
#653=ORIENTED_EDGE('',*,*,#1033,.T.);
#654=ORIENTED_EDGE('',*,*,#1034,.T.);
#655=ORIENTED_EDGE('',*,*,#1035,.T.);
#656=ORIENTED_EDGE('',*,*,#1036,.T.);
#657=ORIENTED_EDGE('',*,*,#1035,.F.);
#658=ORIENTED_EDGE('',*,*,#1037,.T.);
#659=ORIENTED_EDGE('',*,*,#1038,.T.);
#660=ORIENTED_EDGE('',*,*,#1022,.T.);
#661=ORIENTED_EDGE('',*,*,#1039,.F.);
#662=ORIENTED_EDGE('',*,*,#1040,.T.);
#663=ORIENTED_EDGE('',*,*,#1041,.T.);
#664=ORIENTED_EDGE('',*,*,#1042,.T.);
#665=ORIENTED_EDGE('',*,*,#1043,.T.);
#666=ORIENTED_EDGE('',*,*,#1044,.F.);
#667=ORIENTED_EDGE('',*,*,#1032,.F.);
#668=ORIENTED_EDGE('',*,*,#1027,.F.);
#669=ORIENTED_EDGE('',*,*,#1045,.F.);
#670=ORIENTED_EDGE('',*,*,#1046,.F.);
#671=ORIENTED_EDGE('',*,*,#1047,.T.);
#672=ORIENTED_EDGE('',*,*,#1045,.T.);
#673=ORIENTED_EDGE('',*,*,#1026,.F.);
#674=ORIENTED_EDGE('',*,*,#1023,.F.);
#675=ORIENTED_EDGE('',*,*,#1038,.F.);
#676=ORIENTED_EDGE('',*,*,#1044,.T.);
#677=ORIENTED_EDGE('',*,*,#1048,.T.);
#678=ORIENTED_EDGE('',*,*,#1049,.T.);
#679=ORIENTED_EDGE('',*,*,#1050,.T.);
#680=ORIENTED_EDGE('',*,*,#1051,.F.);
#681=ORIENTED_EDGE('',*,*,#1033,.F.);
#682=ORIENTED_EDGE('',*,*,#1051,.T.);
#683=ORIENTED_EDGE('',*,*,#1052,.T.);
#684=ORIENTED_EDGE('',*,*,#1053,.T.);
#685=ORIENTED_EDGE('',*,*,#1046,.T.);
#686=ORIENTED_EDGE('',*,*,#1037,.F.);
#687=ORIENTED_EDGE('',*,*,#1034,.F.);
#688=ORIENTED_EDGE('',*,*,#1049,.F.);
#689=ORIENTED_EDGE('',*,*,#1054,.F.);
#690=ORIENTED_EDGE('',*,*,#901,.F.);
#691=ORIENTED_EDGE('',*,*,#1055,.F.);
#692=ORIENTED_EDGE('',*,*,#1043,.F.);
#693=ORIENTED_EDGE('',*,*,#1056,.F.);
#694=ORIENTED_EDGE('',*,*,#898,.F.);
#695=ORIENTED_EDGE('',*,*,#1054,.T.);
#696=ORIENTED_EDGE('',*,*,#1048,.F.);
#697=ORIENTED_EDGE('',*,*,#1055,.T.);
#698=ORIENTED_EDGE('',*,*,#900,.F.);
#699=ORIENTED_EDGE('',*,*,#1057,.F.);
#700=ORIENTED_EDGE('',*,*,#1052,.F.);
#701=ORIENTED_EDGE('',*,*,#1050,.F.);
#702=ORIENTED_EDGE('',*,*,#1042,.F.);
#703=ORIENTED_EDGE('',*,*,#1047,.F.);
#704=ORIENTED_EDGE('',*,*,#1053,.F.);
#705=ORIENTED_EDGE('',*,*,#1057,.T.);
#706=ORIENTED_EDGE('',*,*,#899,.F.);
#707=ORIENTED_EDGE('',*,*,#1056,.T.);
#708=ORIENTED_EDGE('',*,*,#1025,.T.);
#709=ORIENTED_EDGE('',*,*,#1031,.F.);
#710=ORIENTED_EDGE('',*,*,#1058,.F.);
#711=ORIENTED_EDGE('',*,*,#1039,.T.);
#712=ORIENTED_EDGE('',*,*,#918,.F.);
#713=ORIENTED_EDGE('',*,*,#1059,.F.);
#714=ORIENTED_EDGE('',*,*,#1060,.T.);
#715=ORIENTED_EDGE('',*,*,#1061,.T.);
#716=ORIENTED_EDGE('',*,*,#917,.F.);
#717=ORIENTED_EDGE('',*,*,#1062,.F.);
#718=ORIENTED_EDGE('',*,*,#1063,.T.);
#719=ORIENTED_EDGE('',*,*,#1059,.T.);
#720=ORIENTED_EDGE('',*,*,#920,.F.);
#721=ORIENTED_EDGE('',*,*,#1064,.F.);
#722=ORIENTED_EDGE('',*,*,#1065,.T.);
#723=ORIENTED_EDGE('',*,*,#1062,.T.);
#724=ORIENTED_EDGE('',*,*,#919,.F.);
#725=ORIENTED_EDGE('',*,*,#1061,.F.);
#726=ORIENTED_EDGE('',*,*,#1066,.T.);
#727=ORIENTED_EDGE('',*,*,#1064,.T.);
#728=ORIENTED_EDGE('',*,*,#1036,.F.);
#729=ORIENTED_EDGE('',*,*,#1041,.F.);
#730=ORIENTED_EDGE('',*,*,#1067,.T.);
#731=ORIENTED_EDGE('',*,*,#1029,.T.);
#732=ORIENTED_EDGE('',*,*,#1060,.F.);
#733=ORIENTED_EDGE('',*,*,#1063,.F.);
#734=ORIENTED_EDGE('',*,*,#1065,.F.);
#735=ORIENTED_EDGE('',*,*,#1066,.F.);
#736=ORIENTED_EDGE('',*,*,#1040,.F.);
#737=ORIENTED_EDGE('',*,*,#1058,.T.);
#738=ORIENTED_EDGE('',*,*,#1030,.T.);
#739=ORIENTED_EDGE('',*,*,#1067,.F.);
#740=EDGE_CURVE('',#1068,#1069,#1284,.T.);
#741=EDGE_CURVE('',#1069,#1070,#1285,.T.);
#742=EDGE_CURVE('',#1071,#1070,#1286,.T.);
#743=EDGE_CURVE('',#1068,#1071,#1287,.T.);
#744=EDGE_CURVE('',#1072,#1073,#1288,.T.);
#745=EDGE_CURVE('',#1073,#1074,#1289,.T.);
#746=EDGE_CURVE('',#1075,#1074,#1290,.T.);
#747=EDGE_CURVE('',#1072,#1075,#1291,.T.);
#748=EDGE_CURVE('',#1076,#1077,#1292,.T.);
#749=EDGE_CURVE('',#1077,#1078,#1293,.T.);
#750=EDGE_CURVE('',#1079,#1078,#1294,.T.);
#751=EDGE_CURVE('',#1076,#1079,#1295,.T.);
#752=EDGE_CURVE('',#1080,#1081,#1296,.T.);
#753=EDGE_CURVE('',#1080,#1082,#1297,.T.);
#754=EDGE_CURVE('',#1082,#1083,#1298,.T.);
#755=EDGE_CURVE('',#1081,#1083,#1299,.T.);
#756=EDGE_CURVE('',#1084,#1085,#1300,.T.);
#757=EDGE_CURVE('',#1085,#1086,#1301,.T.);
#758=EDGE_CURVE('',#1087,#1086,#1302,.T.);
#759=EDGE_CURVE('',#1084,#1087,#1303,.T.);
#760=EDGE_CURVE('',#1088,#1089,#1304,.T.);
#761=EDGE_CURVE('',#1089,#1090,#1305,.T.);
#762=EDGE_CURVE('',#1091,#1090,#1306,.T.);
#763=EDGE_CURVE('',#1088,#1091,#1307,.T.);
#764=EDGE_CURVE('',#1092,#1093,#1308,.T.);
#765=EDGE_CURVE('',#1093,#1094,#1309,.T.);
#766=EDGE_CURVE('',#1095,#1094,#1310,.T.);
#767=EDGE_CURVE('',#1092,#1095,#1311,.T.);
#768=EDGE_CURVE('',#1096,#1097,#1312,.T.);
#769=EDGE_CURVE('',#1096,#1098,#1313,.T.);
#770=EDGE_CURVE('',#1098,#1099,#1314,.T.);
#771=EDGE_CURVE('',#1097,#1099,#1315,.T.);
#772=EDGE_CURVE('',#1100,#1101,#1316,.T.);
#773=EDGE_CURVE('',#1100,#1102,#1317,.T.);
#774=EDGE_CURVE('',#1102,#1103,#1318,.T.);
#775=EDGE_CURVE('',#1101,#1103,#1319,.T.);
#776=EDGE_CURVE('',#1104,#1105,#1320,.T.);
#777=EDGE_CURVE('',#1105,#1106,#1321,.T.);
#778=EDGE_CURVE('',#1107,#1106,#1322,.T.);
#779=EDGE_CURVE('',#1104,#1107,#1323,.T.);
#780=EDGE_CURVE('',#1108,#1109,#1324,.T.);
#781=EDGE_CURVE('',#1109,#1110,#1325,.T.);
#782=EDGE_CURVE('',#1111,#1110,#1326,.T.);
#783=EDGE_CURVE('',#1108,#1111,#1327,.T.);
#784=EDGE_CURVE('',#1112,#1113,#1328,.T.);
#785=EDGE_CURVE('',#1112,#1114,#64,.T.);
#786=EDGE_CURVE('',#1115,#1114,#1329,.T.);
#787=EDGE_CURVE('',#1115,#1116,#65,.T.);
#788=EDGE_CURVE('',#1117,#1116,#1330,.T.);
#789=EDGE_CURVE('',#1117,#1118,#66,.T.);
#790=EDGE_CURVE('',#1118,#1119,#1331,.T.);
#791=EDGE_CURVE('',#1119,#1113,#67,.T.);
#792=EDGE_CURVE('',#1120,#1121,#1332,.T.);
#793=EDGE_CURVE('',#1122,#1120,#1333,.T.);
#794=EDGE_CURVE('',#1122,#1123,#1334,.T.);
#795=EDGE_CURVE('',#1123,#1121,#1335,.T.);
#796=EDGE_CURVE('',#1124,#1125,#1336,.T.);
#797=EDGE_CURVE('',#1124,#1126,#1337,.T.);
#798=EDGE_CURVE('',#1126,#1127,#1338,.T.);
#799=EDGE_CURVE('',#1125,#1127,#1339,.T.);
#800=EDGE_CURVE('',#1128,#1129,#1340,.T.);
#801=EDGE_CURVE('',#1130,#1128,#1341,.T.);
#802=EDGE_CURVE('',#1130,#1131,#1342,.T.);
#803=EDGE_CURVE('',#1131,#1129,#1343,.T.);
#804=EDGE_CURVE('',#1132,#1133,#1344,.T.);
#805=EDGE_CURVE('',#1133,#1134,#1345,.T.);
#806=EDGE_CURVE('',#1135,#1134,#1346,.T.);
#807=EDGE_CURVE('',#1132,#1135,#1347,.T.);
#808=EDGE_CURVE('',#1136,#1137,#1348,.T.);
#809=EDGE_CURVE('',#1138,#1137,#1349,.T.);
#810=EDGE_CURVE('',#1139,#1138,#1350,.T.);
#811=EDGE_CURVE('',#1139,#1136,#1351,.T.);
#812=EDGE_CURVE('',#1140,#1141,#1352,.T.);
#813=EDGE_CURVE('',#1141,#1142,#1353,.T.);
#814=EDGE_CURVE('',#1143,#1142,#1354,.T.);
#815=EDGE_CURVE('',#1140,#1143,#1355,.T.);
#816=EDGE_CURVE('',#1144,#1145,#1356,.T.);
#817=EDGE_CURVE('',#1146,#1145,#1357,.T.);
#818=EDGE_CURVE('',#1147,#1146,#1358,.T.);
#819=EDGE_CURVE('',#1147,#1144,#1359,.T.);
#820=EDGE_CURVE('',#1148,#1149,#1360,.T.);
#821=EDGE_CURVE('',#1149,#1150,#1361,.T.);
#822=EDGE_CURVE('',#1151,#1150,#1362,.T.);
#823=EDGE_CURVE('',#1148,#1151,#1363,.T.);
#824=EDGE_CURVE('',#1152,#1153,#36,.T.);
#825=EDGE_CURVE('',#1153,#1154,#1364,.T.);
#826=EDGE_CURVE('',#1154,#1155,#37,.T.);
#827=EDGE_CURVE('',#1152,#1155,#1365,.T.);
#828=EDGE_CURVE('',#1156,#1157,#38,.T.);
#829=EDGE_CURVE('',#1158,#1156,#1366,.T.);
#830=EDGE_CURVE('',#1159,#1158,#39,.T.);
#831=EDGE_CURVE('',#1159,#1160,#1367,.T.);
#832=EDGE_CURVE('',#1161,#1160,#40,.T.);
#833=EDGE_CURVE('',#1161,#1162,#1368,.T.);
#834=EDGE_CURVE('',#1163,#1162,#41,.T.);
#835=EDGE_CURVE('',#1157,#1163,#1369,.T.);
#836=EDGE_CURVE('',#1164,#1165,#42,.T.);
#837=EDGE_CURVE('',#1165,#1166,#1370,.T.);
#838=EDGE_CURVE('',#1166,#1167,#43,.T.);
#839=EDGE_CURVE('',#1164,#1167,#1371,.T.);
#840=EDGE_CURVE('',#1168,#1169,#1372,.T.);
#841=EDGE_CURVE('',#1169,#1170,#1373,.T.);
#842=EDGE_CURVE('',#1171,#1170,#1374,.T.);
#843=EDGE_CURVE('',#1168,#1171,#1375,.T.);
#844=EDGE_CURVE('',#1172,#1173,#1376,.T.);
#845=EDGE_CURVE('',#1174,#1173,#1377,.T.);
#846=EDGE_CURVE('',#1175,#1174,#1378,.T.);
#847=EDGE_CURVE('',#1175,#1172,#1379,.T.);
#848=EDGE_CURVE('',#1176,#1177,#1380,.T.);
#849=EDGE_CURVE('',#1177,#1178,#1381,.T.);
#850=EDGE_CURVE('',#1179,#1178,#1382,.T.);
#851=EDGE_CURVE('',#1176,#1179,#1383,.T.);
#852=EDGE_CURVE('',#1180,#1181,#1384,.T.);
#853=EDGE_CURVE('',#1181,#1182,#1385,.T.);
#854=EDGE_CURVE('',#1183,#1182,#1386,.T.);
#855=EDGE_CURVE('',#1180,#1183,#1387,.T.);
#856=EDGE_CURVE('',#1184,#1185,#1388,.T.);
#857=EDGE_CURVE('',#1185,#1186,#1389,.T.);
#858=EDGE_CURVE('',#1187,#1186,#1390,.T.);
#859=EDGE_CURVE('',#1184,#1187,#1391,.T.);
#860=EDGE_CURVE('',#1188,#1189,#1392,.T.);
#861=EDGE_CURVE('',#1189,#1190,#1393,.T.);
#862=EDGE_CURVE('',#1191,#1190,#1394,.T.);
#863=EDGE_CURVE('',#1188,#1191,#1395,.T.);
#864=EDGE_CURVE('',#1115,#1192,#44,.T.);
#865=EDGE_CURVE('',#1193,#1192,#1396,.T.);
#866=EDGE_CURVE('',#1193,#1194,#45,.T.);
#867=EDGE_CURVE('',#1195,#1194,#68,.T.);
#868=EDGE_CURVE('',#1195,#1116,#1397,.T.);
#869=EDGE_CURVE('',#1196,#1192,#1398,.T.);
#870=EDGE_CURVE('',#1197,#1196,#1399,.T.);
#871=EDGE_CURVE('',#1193,#1197,#1400,.T.);
#872=EDGE_CURVE('',#1196,#1114,#46,.T.);
#873=EDGE_CURVE('',#1198,#1112,#1401,.T.);
#874=EDGE_CURVE('',#1199,#1198,#69,.T.);
#875=EDGE_CURVE('',#1199,#1197,#47,.T.);
#876=EDGE_CURVE('',#1200,#1157,#1402,.T.);
#877=EDGE_CURVE('',#1200,#1201,#48,.F.);
#878=EDGE_CURVE('',#1201,#1202,#70,.F.);
#879=EDGE_CURVE('',#1202,#1156,#1403,.T.);
#880=EDGE_CURVE('',#1203,#1163,#1404,.T.);
#881=EDGE_CURVE('',#1203,#1200,#1405,.T.);
#882=EDGE_CURVE('',#1204,#1162,#1406,.T.);
#883=EDGE_CURVE('',#1204,#1205,#71,.T.);
#884=EDGE_CURVE('',#1205,#1203,#49,.F.);
#885=EDGE_CURVE('',#1206,#1207,#1407,.T.);
#886=EDGE_CURVE('',#1207,#1208,#50,.T.);
#887=EDGE_CURVE('',#1208,#1209,#1408,.T.);
#888=EDGE_CURVE('',#1209,#1210,#51,.T.);
#889=EDGE_CURVE('',#1210,#1211,#1409,.T.);
#890=EDGE_CURVE('',#1212,#1211,#52,.T.);
#891=EDGE_CURVE('',#1212,#1213,#1410,.T.);
#892=EDGE_CURVE('',#1206,#1213,#53,.T.);
#893=EDGE_CURVE('',#1214,#1161,#1411,.T.);
#894=EDGE_CURVE('',#1214,#1204,#1412,.T.);
#895=EDGE_CURVE('',#1215,#1216,#54,.F.);
#896=EDGE_CURVE('',#1216,#1214,#72,.F.);
#897=EDGE_CURVE('',#1215,#1160,#1413,.T.);
#898=EDGE_CURVE('',#1217,#1218,#1414,.T.);
#899=EDGE_CURVE('',#1218,#1219,#1415,.T.);
#900=EDGE_CURVE('',#1219,#1220,#1416,.F.);
#901=EDGE_CURVE('',#1220,#1217,#1417,.F.);
#902=EDGE_CURVE('',#1221,#1159,#1418,.T.);
#903=EDGE_CURVE('',#1221,#1215,#1419,.T.);
#904=EDGE_CURVE('',#1222,#1223,#73,.T.);
#905=EDGE_CURVE('',#1223,#1221,#55,.F.);
#906=EDGE_CURVE('',#1222,#1158,#1420,.T.);
#907=EDGE_CURVE('',#1118,#1224,#56,.T.);
#908=EDGE_CURVE('',#1225,#1117,#1421,.T.);
#909=EDGE_CURVE('',#1206,#1225,#74,.T.);
#910=EDGE_CURVE('',#1213,#1224,#1422,.T.);
#911=EDGE_CURVE('',#1195,#1225,#1423,.T.);
#912=EDGE_CURVE('',#1226,#1113,#1424,.T.);
#913=EDGE_CURVE('',#1226,#1198,#1425,.T.);
#914=EDGE_CURVE('',#1227,#1119,#57,.T.);
#915=EDGE_CURVE('',#1212,#1227,#1426,.T.);
#916=EDGE_CURVE('',#1226,#1211,#75,.T.);
#917=EDGE_CURVE('',#1228,#1229,#1427,.T.);
#918=EDGE_CURVE('',#1229,#1230,#1428,.T.);
#919=EDGE_CURVE('',#1230,#1231,#1429,.T.);
#920=EDGE_CURVE('',#1231,#1228,#1430,.T.);
#921=EDGE_CURVE('',#1227,#1224,#1431,.T.);
#922=EDGE_CURVE('',#1202,#1222,#1432,.T.);
#923=EDGE_CURVE('',#1232,#1233,#1433,.T.);
#924=EDGE_CURVE('',#1233,#1234,#58,.T.);
#925=EDGE_CURVE('',#1194,#1234,#1434,.T.);
#926=EDGE_CURVE('',#1235,#1199,#1435,.T.);
#927=EDGE_CURVE('',#1235,#1232,#59,.T.);
#928=EDGE_CURVE('',#1234,#1207,#1436,.T.);
#929=EDGE_CURVE('',#1210,#1235,#1437,.T.);
#930=EDGE_CURVE('',#1221,#1209,#1438,.T.);
#931=EDGE_CURVE('',#1210,#1223,#12,.T.);
#932=EDGE_CURVE('',#1235,#1201,#13,.T.);
#933=EDGE_CURVE('',#1215,#1208,#1439,.T.);
#934=EDGE_CURVE('',#1232,#1200,#1440,.T.);
#935=EDGE_CURVE('',#1216,#1207,#14,.F.);
#936=EDGE_CURVE('',#1233,#1203,#1441,.T.);
#937=EDGE_CURVE('',#1205,#1234,#15,.F.);
#938=EDGE_CURVE('',#1236,#1237,#60,.T.);
#939=EDGE_CURVE('',#1237,#1238,#1442,.T.);
#940=EDGE_CURVE('',#1238,#1239,#61,.T.);
#941=EDGE_CURVE('',#1239,#1236,#1443,.T.);
#942=EDGE_CURVE('',#1240,#1241,#62,.T.);
#943=EDGE_CURVE('',#1241,#1242,#1444,.T.);
#944=EDGE_CURVE('',#1242,#1243,#63,.T.);
#945=EDGE_CURVE('',#1243,#1240,#1445,.T.);
#946=EDGE_CURVE('',#1154,#1239,#1446,.T.);
#947=EDGE_CURVE('',#1236,#1153,#1447,.T.);
#948=EDGE_CURVE('',#1237,#1152,#1448,.T.);
#949=EDGE_CURVE('',#1155,#1238,#1449,.T.);
#950=EDGE_CURVE('',#1166,#1243,#1450,.T.);
#951=EDGE_CURVE('',#1240,#1165,#1451,.T.);
#952=EDGE_CURVE('',#1241,#1164,#1452,.T.);
#953=EDGE_CURVE('',#1167,#1242,#1453,.T.);
#954=EDGE_CURVE('',#1109,#1169,#1454,.T.);
#955=EDGE_CURVE('',#1110,#1168,#1455,.T.);
#956=EDGE_CURVE('',#1111,#1171,#1456,.T.);
#957=EDGE_CURVE('',#1108,#1170,#1457,.T.);
#958=EDGE_CURVE('',#1105,#1149,#1458,.T.);
#959=EDGE_CURVE('',#1106,#1148,#1459,.T.);
#960=EDGE_CURVE('',#1107,#1151,#1460,.T.);
#961=EDGE_CURVE('',#1104,#1150,#1461,.T.);
#962=EDGE_CURVE('',#1100,#1173,#1462,.T.);
#963=EDGE_CURVE('',#1102,#1172,#1463,.T.);
#964=EDGE_CURVE('',#1103,#1175,#1464,.T.);
#965=EDGE_CURVE('',#1101,#1174,#1465,.T.);
#966=EDGE_CURVE('',#1096,#1145,#1466,.T.);
#967=EDGE_CURVE('',#1098,#1144,#1467,.T.);
#968=EDGE_CURVE('',#1099,#1147,#1468,.T.);
#969=EDGE_CURVE('',#1097,#1146,#1469,.T.);
#970=EDGE_CURVE('',#1093,#1177,#1470,.T.);
#971=EDGE_CURVE('',#1094,#1176,#1471,.T.);
#972=EDGE_CURVE('',#1095,#1179,#1472,.T.);
#973=EDGE_CURVE('',#1092,#1178,#1473,.T.);
#974=EDGE_CURVE('',#1089,#1141,#1474,.T.);
#975=EDGE_CURVE('',#1090,#1140,#1475,.T.);
#976=EDGE_CURVE('',#1091,#1143,#1476,.T.);
#977=EDGE_CURVE('',#1088,#1142,#1477,.T.);
#978=EDGE_CURVE('',#1085,#1181,#1478,.T.);
#979=EDGE_CURVE('',#1086,#1180,#1479,.T.);
#980=EDGE_CURVE('',#1087,#1183,#1480,.T.);
#981=EDGE_CURVE('',#1084,#1182,#1481,.T.);
#982=EDGE_CURVE('',#1080,#1137,#1482,.T.);
#983=EDGE_CURVE('',#1082,#1136,#1483,.T.);
#984=EDGE_CURVE('',#1083,#1139,#1484,.T.);
#985=EDGE_CURVE('',#1081,#1138,#1485,.T.);
#986=EDGE_CURVE('',#1077,#1185,#1486,.T.);
#987=EDGE_CURVE('',#1078,#1184,#1487,.T.);
#988=EDGE_CURVE('',#1079,#1187,#1488,.T.);
#989=EDGE_CURVE('',#1076,#1186,#1489,.T.);
#990=EDGE_CURVE('',#1073,#1133,#1490,.T.);
#991=EDGE_CURVE('',#1074,#1132,#1491,.T.);
#992=EDGE_CURVE('',#1075,#1135,#1492,.T.);
#993=EDGE_CURVE('',#1072,#1134,#1493,.T.);
#994=EDGE_CURVE('',#1069,#1189,#1494,.T.);
#995=EDGE_CURVE('',#1070,#1188,#1495,.T.);
#996=EDGE_CURVE('',#1071,#1191,#1496,.T.);
#997=EDGE_CURVE('',#1068,#1190,#1497,.T.);
#998=EDGE_CURVE('',#1121,#1130,#1498,.T.);
#999=EDGE_CURVE('',#1120,#1128,#1499,.T.);
#1000=EDGE_CURVE('',#1122,#1129,#1500,.T.);
#1001=EDGE_CURVE('',#1123,#1131,#1501,.T.);
#1002=EDGE_CURVE('',#1244,#1245,#1502,.T.);
#1003=EDGE_CURVE('',#1246,#1244,#1503,.T.);
#1004=EDGE_CURVE('',#1246,#1247,#1504,.T.);
#1005=EDGE_CURVE('',#1247,#1245,#1505,.T.);
#1006=EDGE_CURVE('',#1244,#1248,#1506,.T.);
#1007=EDGE_CURVE('',#1249,#1248,#1507,.T.);
#1008=EDGE_CURVE('',#1246,#1249,#1508,.T.);
#1009=EDGE_CURVE('',#1248,#1250,#1509,.T.);
#1010=EDGE_CURVE('',#1251,#1250,#1510,.T.);
#1011=EDGE_CURVE('',#1249,#1251,#1511,.T.);
#1012=EDGE_CURVE('',#1252,#1124,#1512,.T.);
#1013=EDGE_CURVE('',#1252,#1253,#1513,.T.);
#1014=EDGE_CURVE('',#1253,#1126,#1514,.T.);
#1015=EDGE_CURVE('',#1254,#1125,#1515,.T.);
#1016=EDGE_CURVE('',#1252,#1254,#1516,.T.);
#1017=EDGE_CURVE('',#1255,#1127,#1517,.T.);
#1018=EDGE_CURVE('',#1254,#1255,#1518,.T.);
#1019=EDGE_CURVE('',#1253,#1255,#1519,.T.);
#1020=EDGE_CURVE('',#1245,#1250,#1520,.T.);
#1021=EDGE_CURVE('',#1247,#1251,#1521,.T.);
#1022=EDGE_CURVE('',#1256,#1257,#1522,.T.);
#1023=EDGE_CURVE('',#1256,#1258,#1523,.T.);
#1024=EDGE_CURVE('',#1258,#1259,#1524,.T.);
#1025=EDGE_CURVE('',#1257,#1259,#1525,.T.);
#1026=EDGE_CURVE('',#1258,#1260,#1526,.T.);
#1027=EDGE_CURVE('',#1260,#1261,#1527,.T.);
#1028=EDGE_CURVE('',#1261,#1262,#1528,.T.);
#1029=EDGE_CURVE('',#1263,#1262,#1529,.T.);
#1030=EDGE_CURVE('',#1264,#1263,#1530,.T.);
#1031=EDGE_CURVE('',#1264,#1259,#1531,.T.);
#1032=EDGE_CURVE('',#1261,#1265,#1532,.T.);
#1033=EDGE_CURVE('',#1265,#1266,#1533,.T.);
#1034=EDGE_CURVE('',#1266,#1267,#1534,.F.);
#1035=EDGE_CURVE('',#1267,#1268,#1535,.T.);
#1036=EDGE_CURVE('',#1268,#1262,#1536,.T.);
#1037=EDGE_CURVE('',#1267,#1269,#1537,.T.);
#1038=EDGE_CURVE('',#1269,#1256,#1538,.T.);
#1039=EDGE_CURVE('',#1270,#1257,#1539,.T.);
#1040=EDGE_CURVE('',#1270,#1271,#1540,.T.);
#1041=EDGE_CURVE('',#1271,#1268,#1541,.T.);
#1042=EDGE_CURVE('',#1272,#1273,#76,.F.);
#1043=EDGE_CURVE('',#1273,#1274,#1542,.F.);
#1044=EDGE_CURVE('',#1265,#1274,#1543,.T.);
#1045=EDGE_CURVE('',#1272,#1260,#1544,.T.);
#1046=EDGE_CURVE('',#1275,#1269,#1545,.T.);
#1047=EDGE_CURVE('',#1275,#1272,#1546,.F.);
#1048=EDGE_CURVE('',#1274,#1276,#77,.T.);
#1049=EDGE_CURVE('',#1276,#1277,#1547,.F.);
#1050=EDGE_CURVE('',#1277,#1278,#78,.T.);
#1051=EDGE_CURVE('',#1266,#1278,#1548,.F.);
#1052=EDGE_CURVE('',#1278,#1279,#1549,.F.);
#1053=EDGE_CURVE('',#1279,#1275,#79,.T.);
#1054=EDGE_CURVE('',#1217,#1276,#80,.F.);
#1055=EDGE_CURVE('',#1277,#1220,#81,.T.);
#1056=EDGE_CURVE('',#1218,#1273,#82,.T.);
#1057=EDGE_CURVE('',#1279,#1219,#83,.F.);
#1058=EDGE_CURVE('',#1270,#1264,#1550,.T.);
#1059=EDGE_CURVE('',#1280,#1229,#1551,.T.);
#1060=EDGE_CURVE('',#1280,#1281,#1552,.T.);
#1061=EDGE_CURVE('',#1281,#1230,#1553,.T.);
#1062=EDGE_CURVE('',#1282,#1228,#1554,.T.);
#1063=EDGE_CURVE('',#1282,#1280,#1555,.T.);
#1064=EDGE_CURVE('',#1283,#1231,#1556,.T.);
#1065=EDGE_CURVE('',#1283,#1282,#1557,.T.);
#1066=EDGE_CURVE('',#1281,#1283,#1558,.T.);
#1067=EDGE_CURVE('',#1271,#1263,#1559,.T.);
#1068=VERTEX_POINT('',#3149);
#1069=VERTEX_POINT('',#3150);
#1070=VERTEX_POINT('',#3152);
#1071=VERTEX_POINT('',#3154);
#1072=VERTEX_POINT('',#3157);
#1073=VERTEX_POINT('',#3158);
#1074=VERTEX_POINT('',#3160);
#1075=VERTEX_POINT('',#3162);
#1076=VERTEX_POINT('',#3165);
#1077=VERTEX_POINT('',#3166);
#1078=VERTEX_POINT('',#3168);
#1079=VERTEX_POINT('',#3170);
#1080=VERTEX_POINT('',#3173);
#1081=VERTEX_POINT('',#3174);
#1082=VERTEX_POINT('',#3176);
#1083=VERTEX_POINT('',#3178);
#1084=VERTEX_POINT('',#3181);
#1085=VERTEX_POINT('',#3182);
#1086=VERTEX_POINT('',#3184);
#1087=VERTEX_POINT('',#3186);
#1088=VERTEX_POINT('',#3189);
#1089=VERTEX_POINT('',#3190);
#1090=VERTEX_POINT('',#3192);
#1091=VERTEX_POINT('',#3194);
#1092=VERTEX_POINT('',#3197);
#1093=VERTEX_POINT('',#3198);
#1094=VERTEX_POINT('',#3200);
#1095=VERTEX_POINT('',#3202);
#1096=VERTEX_POINT('',#3205);
#1097=VERTEX_POINT('',#3206);
#1098=VERTEX_POINT('',#3208);
#1099=VERTEX_POINT('',#3210);
#1100=VERTEX_POINT('',#3213);
#1101=VERTEX_POINT('',#3214);
#1102=VERTEX_POINT('',#3216);
#1103=VERTEX_POINT('',#3218);
#1104=VERTEX_POINT('',#3221);
#1105=VERTEX_POINT('',#3222);
#1106=VERTEX_POINT('',#3224);
#1107=VERTEX_POINT('',#3226);
#1108=VERTEX_POINT('',#3229);
#1109=VERTEX_POINT('',#3230);
#1110=VERTEX_POINT('',#3232);
#1111=VERTEX_POINT('',#3234);
#1112=VERTEX_POINT('',#3237);
#1113=VERTEX_POINT('',#3238);
#1114=VERTEX_POINT('',#3240);
#1115=VERTEX_POINT('',#3242);
#1116=VERTEX_POINT('',#3244);
#1117=VERTEX_POINT('',#3246);
#1118=VERTEX_POINT('',#3248);
#1119=VERTEX_POINT('',#3250);
#1120=VERTEX_POINT('',#3253);
#1121=VERTEX_POINT('',#3254);
#1122=VERTEX_POINT('',#3256);
#1123=VERTEX_POINT('',#3258);
#1124=VERTEX_POINT('',#3261);
#1125=VERTEX_POINT('',#3262);
#1126=VERTEX_POINT('',#3264);
#1127=VERTEX_POINT('',#3266);
#1128=VERTEX_POINT('',#3270);
#1129=VERTEX_POINT('',#3271);
#1130=VERTEX_POINT('',#3273);
#1131=VERTEX_POINT('',#3275);
#1132=VERTEX_POINT('',#3278);
#1133=VERTEX_POINT('',#3279);
#1134=VERTEX_POINT('',#3281);
#1135=VERTEX_POINT('',#3283);
#1136=VERTEX_POINT('',#3286);
#1137=VERTEX_POINT('',#3287);
#1138=VERTEX_POINT('',#3289);
#1139=VERTEX_POINT('',#3291);
#1140=VERTEX_POINT('',#3294);
#1141=VERTEX_POINT('',#3295);
#1142=VERTEX_POINT('',#3297);
#1143=VERTEX_POINT('',#3299);
#1144=VERTEX_POINT('',#3302);
#1145=VERTEX_POINT('',#3303);
#1146=VERTEX_POINT('',#3305);
#1147=VERTEX_POINT('',#3307);
#1148=VERTEX_POINT('',#3310);
#1149=VERTEX_POINT('',#3311);
#1150=VERTEX_POINT('',#3313);
#1151=VERTEX_POINT('',#3315);
#1152=VERTEX_POINT('',#3318);
#1153=VERTEX_POINT('',#3319);
#1154=VERTEX_POINT('',#3321);
#1155=VERTEX_POINT('',#3323);
#1156=VERTEX_POINT('',#3326);
#1157=VERTEX_POINT('',#3327);
#1158=VERTEX_POINT('',#3329);
#1159=VERTEX_POINT('',#3331);
#1160=VERTEX_POINT('',#3333);
#1161=VERTEX_POINT('',#3335);
#1162=VERTEX_POINT('',#3337);
#1163=VERTEX_POINT('',#3339);
#1164=VERTEX_POINT('',#3342);
#1165=VERTEX_POINT('',#3343);
#1166=VERTEX_POINT('',#3345);
#1167=VERTEX_POINT('',#3347);
#1168=VERTEX_POINT('',#3350);
#1169=VERTEX_POINT('',#3351);
#1170=VERTEX_POINT('',#3353);
#1171=VERTEX_POINT('',#3355);
#1172=VERTEX_POINT('',#3358);
#1173=VERTEX_POINT('',#3359);
#1174=VERTEX_POINT('',#3361);
#1175=VERTEX_POINT('',#3363);
#1176=VERTEX_POINT('',#3366);
#1177=VERTEX_POINT('',#3367);
#1178=VERTEX_POINT('',#3369);
#1179=VERTEX_POINT('',#3371);
#1180=VERTEX_POINT('',#3374);
#1181=VERTEX_POINT('',#3375);
#1182=VERTEX_POINT('',#3377);
#1183=VERTEX_POINT('',#3379);
#1184=VERTEX_POINT('',#3382);
#1185=VERTEX_POINT('',#3383);
#1186=VERTEX_POINT('',#3385);
#1187=VERTEX_POINT('',#3387);
#1188=VERTEX_POINT('',#3390);
#1189=VERTEX_POINT('',#3391);
#1190=VERTEX_POINT('',#3393);
#1191=VERTEX_POINT('',#3395);
#1192=VERTEX_POINT('',#3399);
#1193=VERTEX_POINT('',#3401);
#1194=VERTEX_POINT('',#3403);
#1195=VERTEX_POINT('',#3405);
#1196=VERTEX_POINT('',#3409);
#1197=VERTEX_POINT('',#3411);
#1198=VERTEX_POINT('',#3416);
#1199=VERTEX_POINT('',#3418);
#1200=VERTEX_POINT('',#3422);
#1201=VERTEX_POINT('',#3424);
#1202=VERTEX_POINT('',#3426);
#1203=VERTEX_POINT('',#3430);
#1204=VERTEX_POINT('',#3434);
#1205=VERTEX_POINT('',#3436);
#1206=VERTEX_POINT('',#3440);
#1207=VERTEX_POINT('',#3441);
#1208=VERTEX_POINT('',#3443);
#1209=VERTEX_POINT('',#3445);
#1210=VERTEX_POINT('',#3447);
#1211=VERTEX_POINT('',#3449);
#1212=VERTEX_POINT('',#3451);
#1213=VERTEX_POINT('',#3453);
#1214=VERTEX_POINT('',#3457);
#1215=VERTEX_POINT('',#3461);
#1216=VERTEX_POINT('',#3462);
#1217=VERTEX_POINT('',#3467);
#1218=VERTEX_POINT('',#3468);
#1219=VERTEX_POINT('',#3470);
#1220=VERTEX_POINT('',#3472);
#1221=VERTEX_POINT('',#3475);
#1222=VERTEX_POINT('',#3479);
#1223=VERTEX_POINT('',#3480);
#1224=VERTEX_POINT('',#3485);
#1225=VERTEX_POINT('',#3487);
#1226=VERTEX_POINT('',#3494);
#1227=VERTEX_POINT('',#3498);
#1228=VERTEX_POINT('',#3503);
#1229=VERTEX_POINT('',#3504);
#1230=VERTEX_POINT('',#3506);
#1231=VERTEX_POINT('',#3508);
#1232=VERTEX_POINT('',#3515);
#1233=VERTEX_POINT('',#3516);
#1234=VERTEX_POINT('',#3518);
#1235=VERTEX_POINT('',#3521);
#1236=VERTEX_POINT('',#3559);
#1237=VERTEX_POINT('',#3560);
#1238=VERTEX_POINT('',#3562);
#1239=VERTEX_POINT('',#3564);
#1240=VERTEX_POINT('',#3568);
#1241=VERTEX_POINT('',#3569);
#1242=VERTEX_POINT('',#3571);
#1243=VERTEX_POINT('',#3573);
#1244=VERTEX_POINT('',#3689);
#1245=VERTEX_POINT('',#3690);
#1246=VERTEX_POINT('',#3692);
#1247=VERTEX_POINT('',#3694);
#1248=VERTEX_POINT('',#3698);
#1249=VERTEX_POINT('',#3700);
#1250=VERTEX_POINT('',#3704);
#1251=VERTEX_POINT('',#3706);
#1252=VERTEX_POINT('',#3710);
#1253=VERTEX_POINT('',#3712);
#1254=VERTEX_POINT('',#3716);
#1255=VERTEX_POINT('',#3720);
#1256=VERTEX_POINT('',#3731);
#1257=VERTEX_POINT('',#3732);
#1258=VERTEX_POINT('',#3734);
#1259=VERTEX_POINT('',#3736);
#1260=VERTEX_POINT('',#3740);
#1261=VERTEX_POINT('',#3742);
#1262=VERTEX_POINT('',#3744);
#1263=VERTEX_POINT('',#3746);
#1264=VERTEX_POINT('',#3748);
#1265=VERTEX_POINT('',#3752);
#1266=VERTEX_POINT('',#3754);
#1267=VERTEX_POINT('',#3756);
#1268=VERTEX_POINT('',#3758);
#1269=VERTEX_POINT('',#3762);
#1270=VERTEX_POINT('',#3765);
#1271=VERTEX_POINT('',#3767);
#1272=VERTEX_POINT('',#3771);
#1273=VERTEX_POINT('',#3772);
#1274=VERTEX_POINT('',#3774);
#1275=VERTEX_POINT('',#3779);
#1276=VERTEX_POINT('',#3783);
#1277=VERTEX_POINT('',#3785);
#1278=VERTEX_POINT('',#3787);
#1279=VERTEX_POINT('',#3791);
#1280=VERTEX_POINT('',#3805);
#1281=VERTEX_POINT('',#3807);
#1282=VERTEX_POINT('',#3811);
#1283=VERTEX_POINT('',#3815);
#1284=LINE('',#3148,#1560);
#1285=LINE('',#3151,#1561);
#1286=LINE('',#3153,#1562);
#1287=LINE('',#3155,#1563);
#1288=LINE('',#3156,#1564);
#1289=LINE('',#3159,#1565);
#1290=LINE('',#3161,#1566);
#1291=LINE('',#3163,#1567);
#1292=LINE('',#3164,#1568);
#1293=LINE('',#3167,#1569);
#1294=LINE('',#3169,#1570);
#1295=LINE('',#3171,#1571);
#1296=LINE('',#3172,#1572);
#1297=LINE('',#3175,#1573);
#1298=LINE('',#3177,#1574);
#1299=LINE('',#3179,#1575);
#1300=LINE('',#3180,#1576);
#1301=LINE('',#3183,#1577);
#1302=LINE('',#3185,#1578);
#1303=LINE('',#3187,#1579);
#1304=LINE('',#3188,#1580);
#1305=LINE('',#3191,#1581);
#1306=LINE('',#3193,#1582);
#1307=LINE('',#3195,#1583);
#1308=LINE('',#3196,#1584);
#1309=LINE('',#3199,#1585);
#1310=LINE('',#3201,#1586);
#1311=LINE('',#3203,#1587);
#1312=LINE('',#3204,#1588);
#1313=LINE('',#3207,#1589);
#1314=LINE('',#3209,#1590);
#1315=LINE('',#3211,#1591);
#1316=LINE('',#3212,#1592);
#1317=LINE('',#3215,#1593);
#1318=LINE('',#3217,#1594);
#1319=LINE('',#3219,#1595);
#1320=LINE('',#3220,#1596);
#1321=LINE('',#3223,#1597);
#1322=LINE('',#3225,#1598);
#1323=LINE('',#3227,#1599);
#1324=LINE('',#3228,#1600);
#1325=LINE('',#3231,#1601);
#1326=LINE('',#3233,#1602);
#1327=LINE('',#3235,#1603);
#1328=LINE('',#3236,#1604);
#1329=LINE('',#3241,#1605);
#1330=LINE('',#3245,#1606);
#1331=LINE('',#3249,#1607);
#1332=LINE('',#3252,#1608);
#1333=LINE('',#3255,#1609);
#1334=LINE('',#3257,#1610);
#1335=LINE('',#3259,#1611);
#1336=LINE('',#3260,#1612);
#1337=LINE('',#3263,#1613);
#1338=LINE('',#3265,#1614);
#1339=LINE('',#3267,#1615);
#1340=LINE('',#3269,#1616);
#1341=LINE('',#3272,#1617);
#1342=LINE('',#3274,#1618);
#1343=LINE('',#3276,#1619);
#1344=LINE('',#3277,#1620);
#1345=LINE('',#3280,#1621);
#1346=LINE('',#3282,#1622);
#1347=LINE('',#3284,#1623);
#1348=LINE('',#3285,#1624);
#1349=LINE('',#3288,#1625);
#1350=LINE('',#3290,#1626);
#1351=LINE('',#3292,#1627);
#1352=LINE('',#3293,#1628);
#1353=LINE('',#3296,#1629);
#1354=LINE('',#3298,#1630);
#1355=LINE('',#3300,#1631);
#1356=LINE('',#3301,#1632);
#1357=LINE('',#3304,#1633);
#1358=LINE('',#3306,#1634);
#1359=LINE('',#3308,#1635);
#1360=LINE('',#3309,#1636);
#1361=LINE('',#3312,#1637);
#1362=LINE('',#3314,#1638);
#1363=LINE('',#3316,#1639);
#1364=LINE('',#3320,#1640);
#1365=LINE('',#3324,#1641);
#1366=LINE('',#3328,#1642);
#1367=LINE('',#3332,#1643);
#1368=LINE('',#3336,#1644);
#1369=LINE('',#3340,#1645);
#1370=LINE('',#3344,#1646);
#1371=LINE('',#3348,#1647);
#1372=LINE('',#3349,#1648);
#1373=LINE('',#3352,#1649);
#1374=LINE('',#3354,#1650);
#1375=LINE('',#3356,#1651);
#1376=LINE('',#3357,#1652);
#1377=LINE('',#3360,#1653);
#1378=LINE('',#3362,#1654);
#1379=LINE('',#3364,#1655);
#1380=LINE('',#3365,#1656);
#1381=LINE('',#3368,#1657);
#1382=LINE('',#3370,#1658);
#1383=LINE('',#3372,#1659);
#1384=LINE('',#3373,#1660);
#1385=LINE('',#3376,#1661);
#1386=LINE('',#3378,#1662);
#1387=LINE('',#3380,#1663);
#1388=LINE('',#3381,#1664);
#1389=LINE('',#3384,#1665);
#1390=LINE('',#3386,#1666);
#1391=LINE('',#3388,#1667);
#1392=LINE('',#3389,#1668);
#1393=LINE('',#3392,#1669);
#1394=LINE('',#3394,#1670);
#1395=LINE('',#3396,#1671);
#1396=LINE('',#3400,#1672);
#1397=LINE('',#3406,#1673);
#1398=LINE('',#3408,#1674);
#1399=LINE('',#3410,#1675);
#1400=LINE('',#3412,#1676);
#1401=LINE('',#3415,#1677);
#1402=LINE('',#3421,#1678);
#1403=LINE('',#3427,#1679);
#1404=LINE('',#3429,#1680);
#1405=LINE('',#3431,#1681);
#1406=LINE('',#3433,#1682);
#1407=LINE('',#3439,#1683);
#1408=LINE('',#3444,#1684);
#1409=LINE('',#3448,#1685);
#1410=LINE('',#3452,#1686);
#1411=LINE('',#3456,#1687);
#1412=LINE('',#3458,#1688);
#1413=LINE('',#3464,#1689);
#1414=LINE('',#3466,#1690);
#1415=LINE('',#3469,#1691);
#1416=LINE('',#3471,#1692);
#1417=LINE('',#3473,#1693);
#1418=LINE('',#3474,#1694);
#1419=LINE('',#3476,#1695);
#1420=LINE('',#3482,#1696);
#1421=LINE('',#3486,#1697);
#1422=LINE('',#3489,#1698);
#1423=LINE('',#3491,#1699);
#1424=LINE('',#3493,#1700);
#1425=LINE('',#3495,#1701);
#1426=LINE('',#3499,#1702);
#1427=LINE('',#3502,#1703);
#1428=LINE('',#3505,#1704);
#1429=LINE('',#3507,#1705);
#1430=LINE('',#3509,#1706);
#1431=LINE('',#3510,#1707);
#1432=LINE('',#3512,#1708);
#1433=LINE('',#3514,#1709);
#1434=LINE('',#3519,#1710);
#1435=LINE('',#3520,#1711);
#1436=LINE('',#3524,#1712);
#1437=LINE('',#3526,#1713);
#1438=LINE('',#3528,#1714);
#1439=LINE('',#3539,#1715);
#1440=LINE('',#3541,#1716);
#1441=LINE('',#3548,#1717);
#1442=LINE('',#3561,#1718);
#1443=LINE('',#3565,#1719);
#1444=LINE('',#3570,#1720);
#1445=LINE('',#3574,#1721);
#1446=LINE('',#3576,#1722);
#1447=LINE('',#3577,#1723);
#1448=LINE('',#3579,#1724);
#1449=LINE('',#3581,#1725);
#1450=LINE('',#3584,#1726);
#1451=LINE('',#3585,#1727);
#1452=LINE('',#3587,#1728);
#1453=LINE('',#3589,#1729);
#1454=LINE('',#3592,#1730);
#1455=LINE('',#3593,#1731);
#1456=LINE('',#3595,#1732);
#1457=LINE('',#3597,#1733);
#1458=LINE('',#3600,#1734);
#1459=LINE('',#3601,#1735);
#1460=LINE('',#3603,#1736);
#1461=LINE('',#3605,#1737);
#1462=LINE('',#3608,#1738);
#1463=LINE('',#3609,#1739);
#1464=LINE('',#3611,#1740);
#1465=LINE('',#3613,#1741);
#1466=LINE('',#3616,#1742);
#1467=LINE('',#3617,#1743);
#1468=LINE('',#3619,#1744);
#1469=LINE('',#3621,#1745);
#1470=LINE('',#3624,#1746);
#1471=LINE('',#3625,#1747);
#1472=LINE('',#3627,#1748);
#1473=LINE('',#3629,#1749);
#1474=LINE('',#3632,#1750);
#1475=LINE('',#3633,#1751);
#1476=LINE('',#3635,#1752);
#1477=LINE('',#3637,#1753);
#1478=LINE('',#3640,#1754);
#1479=LINE('',#3641,#1755);
#1480=LINE('',#3643,#1756);
#1481=LINE('',#3645,#1757);
#1482=LINE('',#3648,#1758);
#1483=LINE('',#3649,#1759);
#1484=LINE('',#3651,#1760);
#1485=LINE('',#3653,#1761);
#1486=LINE('',#3656,#1762);
#1487=LINE('',#3657,#1763);
#1488=LINE('',#3659,#1764);
#1489=LINE('',#3661,#1765);
#1490=LINE('',#3664,#1766);
#1491=LINE('',#3665,#1767);
#1492=LINE('',#3667,#1768);
#1493=LINE('',#3669,#1769);
#1494=LINE('',#3672,#1770);
#1495=LINE('',#3673,#1771);
#1496=LINE('',#3675,#1772);
#1497=LINE('',#3677,#1773);
#1498=LINE('',#3680,#1774);
#1499=LINE('',#3681,#1775);
#1500=LINE('',#3683,#1776);
#1501=LINE('',#3685,#1777);
#1502=LINE('',#3688,#1778);
#1503=LINE('',#3691,#1779);
#1504=LINE('',#3693,#1780);
#1505=LINE('',#3695,#1781);
#1506=LINE('',#3697,#1782);
#1507=LINE('',#3699,#1783);
#1508=LINE('',#3701,#1784);
#1509=LINE('',#3703,#1785);
#1510=LINE('',#3705,#1786);
#1511=LINE('',#3707,#1787);
#1512=LINE('',#3709,#1788);
#1513=LINE('',#3711,#1789);
#1514=LINE('',#3713,#1790);
#1515=LINE('',#3715,#1791);
#1516=LINE('',#3717,#1792);
#1517=LINE('',#3719,#1793);
#1518=LINE('',#3721,#1794);
#1519=LINE('',#3723,#1795);
#1520=LINE('',#3725,#1796);
#1521=LINE('',#3726,#1797);
#1522=LINE('',#3730,#1798);
#1523=LINE('',#3733,#1799);
#1524=LINE('',#3735,#1800);
#1525=LINE('',#3737,#1801);
#1526=LINE('',#3739,#1802);
#1527=LINE('',#3741,#1803);
#1528=LINE('',#3743,#1804);
#1529=LINE('',#3745,#1805);
#1530=LINE('',#3747,#1806);
#1531=LINE('',#3749,#1807);
#1532=LINE('',#3751,#1808);
#1533=LINE('',#3753,#1809);
#1534=LINE('',#3755,#1810);
#1535=LINE('',#3757,#1811);
#1536=LINE('',#3759,#1812);
#1537=LINE('',#3761,#1813);
#1538=LINE('',#3763,#1814);
#1539=LINE('',#3764,#1815);
#1540=LINE('',#3766,#1816);
#1541=LINE('',#3768,#1817);
#1542=LINE('',#3773,#1818);
#1543=LINE('',#3775,#1819);
#1544=LINE('',#3776,#1820);
#1545=LINE('',#3778,#1821);
#1546=LINE('',#3780,#1822);
#1547=LINE('',#3784,#1823);
#1548=LINE('',#3788,#1824);
#1549=LINE('',#3790,#1825);
#1550=LINE('',#3802,#1826);
#1551=LINE('',#3804,#1827);
#1552=LINE('',#3806,#1828);
#1553=LINE('',#3808,#1829);
#1554=LINE('',#3810,#1830);
#1555=LINE('',#3812,#1831);
#1556=LINE('',#3814,#1832);
#1557=LINE('',#3816,#1833);
#1558=LINE('',#3818,#1834);
#1559=LINE('',#3820,#1835);
#1560=VECTOR('',#2538,1.);
#1561=VECTOR('',#2539,1.);
#1562=VECTOR('',#2540,1.);
#1563=VECTOR('',#2541,1.);
#1564=VECTOR('',#2542,1.);
#1565=VECTOR('',#2543,1.);
#1566=VECTOR('',#2544,1.);
#1567=VECTOR('',#2545,1.);
#1568=VECTOR('',#2546,1.);
#1569=VECTOR('',#2547,1.);
#1570=VECTOR('',#2548,1.);
#1571=VECTOR('',#2549,1.);
#1572=VECTOR('',#2550,1.);
#1573=VECTOR('',#2551,1.);
#1574=VECTOR('',#2552,1.);
#1575=VECTOR('',#2553,1.);
#1576=VECTOR('',#2554,1.);
#1577=VECTOR('',#2555,1.);
#1578=VECTOR('',#2556,1.);
#1579=VECTOR('',#2557,1.);
#1580=VECTOR('',#2558,1.);
#1581=VECTOR('',#2559,1.);
#1582=VECTOR('',#2560,1.);
#1583=VECTOR('',#2561,1.);
#1584=VECTOR('',#2562,1.);
#1585=VECTOR('',#2563,1.);
#1586=VECTOR('',#2564,1.);
#1587=VECTOR('',#2565,1.);
#1588=VECTOR('',#2566,1.);
#1589=VECTOR('',#2567,1.);
#1590=VECTOR('',#2568,1.);
#1591=VECTOR('',#2569,1.);
#1592=VECTOR('',#2570,1.);
#1593=VECTOR('',#2571,1.);
#1594=VECTOR('',#2572,1.);
#1595=VECTOR('',#2573,1.);
#1596=VECTOR('',#2574,1.);
#1597=VECTOR('',#2575,1.);
#1598=VECTOR('',#2576,1.);
#1599=VECTOR('',#2577,1.);
#1600=VECTOR('',#2578,1.);
#1601=VECTOR('',#2579,1.);
#1602=VECTOR('',#2580,1.);
#1603=VECTOR('',#2581,1.);
#1604=VECTOR('',#2582,1.);
#1605=VECTOR('',#2585,1.);
#1606=VECTOR('',#2588,1.);
#1607=VECTOR('',#2591,1.);
#1608=VECTOR('',#2594,1.);
#1609=VECTOR('',#2595,1.);
#1610=VECTOR('',#2596,1.);
#1611=VECTOR('',#2597,1.);
#1612=VECTOR('',#2598,1.);
#1613=VECTOR('',#2599,1.);
#1614=VECTOR('',#2600,1.);
#1615=VECTOR('',#2601,1.);
#1616=VECTOR('',#2604,1.);
#1617=VECTOR('',#2605,1.);
#1618=VECTOR('',#2606,1.);
#1619=VECTOR('',#2607,1.);
#1620=VECTOR('',#2608,1.);
#1621=VECTOR('',#2609,1.);
#1622=VECTOR('',#2610,1.);
#1623=VECTOR('',#2611,1.);
#1624=VECTOR('',#2612,1.);
#1625=VECTOR('',#2613,1.);
#1626=VECTOR('',#2614,1.);
#1627=VECTOR('',#2615,1.);
#1628=VECTOR('',#2616,1.);
#1629=VECTOR('',#2617,1.);
#1630=VECTOR('',#2618,1.);
#1631=VECTOR('',#2619,1.);
#1632=VECTOR('',#2620,1.);
#1633=VECTOR('',#2621,1.);
#1634=VECTOR('',#2622,1.);
#1635=VECTOR('',#2623,1.);
#1636=VECTOR('',#2624,1.);
#1637=VECTOR('',#2625,1.);
#1638=VECTOR('',#2626,1.);
#1639=VECTOR('',#2627,1.);
#1640=VECTOR('',#2630,1.);
#1641=VECTOR('',#2633,1.);
#1642=VECTOR('',#2636,1.);
#1643=VECTOR('',#2639,1.);
#1644=VECTOR('',#2642,1.);
#1645=VECTOR('',#2645,1.);
#1646=VECTOR('',#2648,1.);
#1647=VECTOR('',#2651,1.);
#1648=VECTOR('',#2652,1.);
#1649=VECTOR('',#2653,1.);
#1650=VECTOR('',#2654,1.);
#1651=VECTOR('',#2655,1.);
#1652=VECTOR('',#2656,1.);
#1653=VECTOR('',#2657,1.);
#1654=VECTOR('',#2658,1.);
#1655=VECTOR('',#2659,1.);
#1656=VECTOR('',#2660,1.);
#1657=VECTOR('',#2661,1.);
#1658=VECTOR('',#2662,1.);
#1659=VECTOR('',#2663,1.);
#1660=VECTOR('',#2664,1.);
#1661=VECTOR('',#2665,1.);
#1662=VECTOR('',#2666,1.);
#1663=VECTOR('',#2667,1.);
#1664=VECTOR('',#2668,1.);
#1665=VECTOR('',#2669,1.);
#1666=VECTOR('',#2670,1.);
#1667=VECTOR('',#2671,1.);
#1668=VECTOR('',#2672,1.);
#1669=VECTOR('',#2673,1.);
#1670=VECTOR('',#2674,1.);
#1671=VECTOR('',#2675,1.);
#1672=VECTOR('',#2680,1.);
#1673=VECTOR('',#2685,1.);
#1674=VECTOR('',#2688,1.);
#1675=VECTOR('',#2689,1.);
#1676=VECTOR('',#2690,1.);
#1677=VECTOR('',#2695,1.);
#1678=VECTOR('',#2702,1.);
#1679=VECTOR('',#2707,1.);
#1680=VECTOR('',#2710,1.);
#1681=VECTOR('',#2711,1.);
#1682=VECTOR('',#2714,1.);
#1683=VECTOR('',#2721,1.);
#1684=VECTOR('',#2724,1.);
#1685=VECTOR('',#2727,1.);
#1686=VECTOR('',#2730,1.);
#1687=VECTOR('',#2735,1.);
#1688=VECTOR('',#2736,1.);
#1689=VECTOR('',#2743,1.);
#1690=VECTOR('',#2746,1.);
#1691=VECTOR('',#2747,1.);
#1692=VECTOR('',#2748,1.);
#1693=VECTOR('',#2749,1.);
#1694=VECTOR('',#2750,1.);
#1695=VECTOR('',#2751,1.);
#1696=VECTOR('',#2758,1.);
#1697=VECTOR('',#2763,1.);
#1698=VECTOR('',#2766,1.);
#1699=VECTOR('',#2769,1.);
#1700=VECTOR('',#2772,1.);
#1701=VECTOR('',#2773,1.);
#1702=VECTOR('',#2778,1.);
#1703=VECTOR('',#2783,1.);
#1704=VECTOR('',#2784,1.);
#1705=VECTOR('',#2785,1.);
#1706=VECTOR('',#2786,1.);
#1707=VECTOR('',#2787,1.);
#1708=VECTOR('',#2790,1.);
#1709=VECTOR('',#2793,1.);
#1710=VECTOR('',#2796,1.);
#1711=VECTOR('',#2797,1.);
#1712=VECTOR('',#2802,1.);
#1713=VECTOR('',#2805,1.);
#1714=VECTOR('',#2808,1.);
#1715=VECTOR('',#2813,1.);
#1716=VECTOR('',#2816,1.);
#1717=VECTOR('',#2821,1.);
#1718=VECTOR('',#2834,1.);
#1719=VECTOR('',#2837,1.);
#1720=VECTOR('',#2842,1.);
#1721=VECTOR('',#2845,1.);
#1722=VECTOR('',#2848,1.);
#1723=VECTOR('',#2849,1.);
#1724=VECTOR('',#2852,1.);
#1725=VECTOR('',#2855,1.);
#1726=VECTOR('',#2860,1.);
#1727=VECTOR('',#2861,1.);
#1728=VECTOR('',#2864,1.);
#1729=VECTOR('',#2867,1.);
#1730=VECTOR('',#2872,1.);
#1731=VECTOR('',#2873,1.);
#1732=VECTOR('',#2876,1.);
#1733=VECTOR('',#2879,1.);
#1734=VECTOR('',#2884,1.);
#1735=VECTOR('',#2885,1.);
#1736=VECTOR('',#2888,1.);
#1737=VECTOR('',#2891,1.);
#1738=VECTOR('',#2896,1.);
#1739=VECTOR('',#2897,1.);
#1740=VECTOR('',#2900,1.);
#1741=VECTOR('',#2903,1.);
#1742=VECTOR('',#2908,1.);
#1743=VECTOR('',#2909,1.);
#1744=VECTOR('',#2912,1.);
#1745=VECTOR('',#2915,1.);
#1746=VECTOR('',#2920,1.);
#1747=VECTOR('',#2921,1.);
#1748=VECTOR('',#2924,1.);
#1749=VECTOR('',#2927,1.);
#1750=VECTOR('',#2932,1.);
#1751=VECTOR('',#2933,1.);
#1752=VECTOR('',#2936,1.);
#1753=VECTOR('',#2939,1.);
#1754=VECTOR('',#2944,1.);
#1755=VECTOR('',#2945,1.);
#1756=VECTOR('',#2948,1.);
#1757=VECTOR('',#2951,1.);
#1758=VECTOR('',#2956,1.);
#1759=VECTOR('',#2957,1.);
#1760=VECTOR('',#2960,1.);
#1761=VECTOR('',#2963,1.);
#1762=VECTOR('',#2968,1.);
#1763=VECTOR('',#2969,1.);
#1764=VECTOR('',#2972,1.);
#1765=VECTOR('',#2975,1.);
#1766=VECTOR('',#2980,1.);
#1767=VECTOR('',#2981,1.);
#1768=VECTOR('',#2984,1.);
#1769=VECTOR('',#2987,1.);
#1770=VECTOR('',#2992,1.);
#1771=VECTOR('',#2993,1.);
#1772=VECTOR('',#2996,1.);
#1773=VECTOR('',#2999,1.);
#1774=VECTOR('',#3004,1.);
#1775=VECTOR('',#3005,1.);
#1776=VECTOR('',#3008,1.);
#1777=VECTOR('',#3011,1.);
#1778=VECTOR('',#3016,1.);
#1779=VECTOR('',#3017,1.);
#1780=VECTOR('',#3018,1.);
#1781=VECTOR('',#3019,1.);
#1782=VECTOR('',#3022,1.);
#1783=VECTOR('',#3023,1.);
#1784=VECTOR('',#3024,1.);
#1785=VECTOR('',#3027,1.);
#1786=VECTOR('',#3028,1.);
#1787=VECTOR('',#3029,1.);
#1788=VECTOR('',#3032,1.);
#1789=VECTOR('',#3033,1.);
#1790=VECTOR('',#3034,1.);
#1791=VECTOR('',#3037,1.);
#1792=VECTOR('',#3038,1.);
#1793=VECTOR('',#3041,1.);
#1794=VECTOR('',#3042,1.);
#1795=VECTOR('',#3045,1.);
#1796=VECTOR('',#3048,1.);
#1797=VECTOR('',#3049,1.);
#1798=VECTOR('',#3056,1.);
#1799=VECTOR('',#3057,1.);
#1800=VECTOR('',#3058,1.);
#1801=VECTOR('',#3059,1.);
#1802=VECTOR('',#3062,1.);
#1803=VECTOR('',#3063,1.);
#1804=VECTOR('',#3064,1.);
#1805=VECTOR('',#3065,1.);
#1806=VECTOR('',#3066,1.);
#1807=VECTOR('',#3067,1.);
#1808=VECTOR('',#3070,1.);
#1809=VECTOR('',#3071,1.);
#1810=VECTOR('',#3072,1.);
#1811=VECTOR('',#3073,1.);
#1812=VECTOR('',#3074,1.);
#1813=VECTOR('',#3077,1.);
#1814=VECTOR('',#3078,1.);
#1815=VECTOR('',#3079,1.);
#1816=VECTOR('',#3080,1.);
#1817=VECTOR('',#3081,1.);
#1818=VECTOR('',#3086,1.);
#1819=VECTOR('',#3087,1.);
#1820=VECTOR('',#3088,1.);
#1821=VECTOR('',#3091,1.);
#1822=VECTOR('',#3092,1.);
#1823=VECTOR('',#3097,1.);
#1824=VECTOR('',#3100,1.);
#1825=VECTOR('',#3103,1.);
#1826=VECTOR('',#3124,1.);
#1827=VECTOR('',#3127,1.);
#1828=VECTOR('',#3128,1.);
#1829=VECTOR('',#3129,1.);
#1830=VECTOR('',#3132,1.);
#1831=VECTOR('',#3133,1.);
#1832=VECTOR('',#3136,1.);
#1833=VECTOR('',#3137,1.);
#1834=VECTOR('',#3140,1.);
#1835=VECTOR('',#3143,1.);
#1836=EDGE_LOOP('',(#84,#85,#86,#87));
#1837=EDGE_LOOP('',(#88,#89,#90,#91));
#1838=EDGE_LOOP('',(#92,#93,#94,#95));
#1839=EDGE_LOOP('',(#96,#97,#98,#99));
#1840=EDGE_LOOP('',(#100,#101,#102,#103));
#1841=EDGE_LOOP('',(#104,#105,#106,#107));
#1842=EDGE_LOOP('',(#108,#109,#110,#111));
#1843=EDGE_LOOP('',(#112,#113,#114,#115));
#1844=EDGE_LOOP('',(#116,#117,#118,#119));
#1845=EDGE_LOOP('',(#120,#121,#122,#123));
#1846=EDGE_LOOP('',(#124,#125,#126,#127));
#1847=EDGE_LOOP('',(#128,#129,#130,#131,#132,#133,#134,#135));
#1848=EDGE_LOOP('',(#136,#137,#138,#139));
#1849=EDGE_LOOP('',(#140,#141,#142,#143));
#1850=EDGE_LOOP('',(#144,#145,#146,#147));
#1851=EDGE_LOOP('',(#148,#149,#150,#151));
#1852=EDGE_LOOP('',(#152,#153,#154,#155));
#1853=EDGE_LOOP('',(#156,#157,#158,#159));
#1854=EDGE_LOOP('',(#160,#161,#162,#163));
#1855=EDGE_LOOP('',(#164,#165,#166,#167));
#1856=EDGE_LOOP('',(#168,#169,#170,#171));
#1857=EDGE_LOOP('',(#172,#173,#174,#175,#176,#177,#178,#179));
#1858=EDGE_LOOP('',(#180,#181,#182,#183));
#1859=EDGE_LOOP('',(#184,#185,#186,#187));
#1860=EDGE_LOOP('',(#188,#189,#190,#191));
#1861=EDGE_LOOP('',(#192,#193,#194,#195));
#1862=EDGE_LOOP('',(#196,#197,#198,#199));
#1863=EDGE_LOOP('',(#200,#201,#202,#203));
#1864=EDGE_LOOP('',(#204,#205,#206,#207));
#1865=EDGE_LOOP('',(#208,#209,#210,#211,#212,#213));
#1866=EDGE_LOOP('',(#214,#215,#216,#217));
#1867=EDGE_LOOP('',(#218,#219,#220,#221,#222,#223));
#1868=EDGE_LOOP('',(#224,#225,#226,#227,#228));
#1869=EDGE_LOOP('',(#229,#230,#231,#232));
#1870=EDGE_LOOP('',(#233,#234,#235,#236,#237));
#1871=EDGE_LOOP('',(#238,#239,#240,#241,#242,#243,#244,#245));
#1872=EDGE_LOOP('',(#246,#247,#248,#249));
#1873=EDGE_LOOP('',(#250,#251,#252,#253,#254));
#1874=EDGE_LOOP('',(#255,#256,#257,#258));
#1875=EDGE_LOOP('',(#259,#260,#261,#262));
#1876=EDGE_LOOP('',(#263,#264,#265,#266,#267));
#1877=EDGE_LOOP('',(#268,#269,#270,#271,#272,#273));
#1878=EDGE_LOOP('',(#274,#275,#276,#277));
#1879=EDGE_LOOP('',(#278,#279,#280,#281));
#1880=EDGE_LOOP('',(#282,#283,#284,#285,#286,#287));
#1881=EDGE_LOOP('',(#288,#289,#290,#291));
#1882=EDGE_LOOP('',(#292,#293,#294,#295));
#1883=EDGE_LOOP('',(#296,#297,#298,#299));
#1884=EDGE_LOOP('',(#300,#301,#302,#303,#304,#305,#306,#307));
#1885=EDGE_LOOP('',(#308,#309,#310,#311,#312,#313));
#1886=EDGE_LOOP('',(#314,#315,#316,#317,#318,#319));
#1887=EDGE_LOOP('',(#320,#321,#322,#323));
#1888=EDGE_LOOP('',(#324,#325,#326,#327,#328,#329));
#1889=EDGE_LOOP('',(#330,#331,#332,#333));
#1890=EDGE_LOOP('',(#334,#335,#336,#337));
#1891=EDGE_LOOP('',(#338,#339,#340,#341));
#1892=EDGE_LOOP('',(#342,#343,#344,#345));
#1893=EDGE_LOOP('',(#346,#347,#348,#349,#350,#351));
#1894=EDGE_LOOP('',(#352,#353,#354,#355));
#1895=EDGE_LOOP('',(#356,#357,#358,#359));
#1896=EDGE_LOOP('',(#360,#361,#362,#363));
#1897=EDGE_LOOP('',(#364,#365,#366,#367));
#1898=EDGE_LOOP('',(#368,#369,#370,#371));
#1899=EDGE_LOOP('',(#372,#373,#374,#375));
#1900=EDGE_LOOP('',(#376,#377,#378,#379));
#1901=EDGE_LOOP('',(#380,#381,#382,#383));
#1902=EDGE_LOOP('',(#384,#385,#386,#387));
#1903=EDGE_LOOP('',(#388,#389,#390,#391));
#1904=EDGE_LOOP('',(#392,#393,#394,#395));
#1905=EDGE_LOOP('',(#396,#397,#398,#399));
#1906=EDGE_LOOP('',(#400,#401,#402,#403));
#1907=EDGE_LOOP('',(#404,#405,#406,#407));
#1908=EDGE_LOOP('',(#408,#409,#410,#411));
#1909=EDGE_LOOP('',(#412,#413,#414,#415));
#1910=EDGE_LOOP('',(#416,#417,#418,#419));
#1911=EDGE_LOOP('',(#420,#421,#422,#423));
#1912=EDGE_LOOP('',(#424,#425,#426,#427));
#1913=EDGE_LOOP('',(#428,#429,#430,#431));
#1914=EDGE_LOOP('',(#432,#433,#434,#435));
#1915=EDGE_LOOP('',(#436,#437,#438,#439));
#1916=EDGE_LOOP('',(#440,#441,#442,#443));
#1917=EDGE_LOOP('',(#444,#445,#446,#447));
#1918=EDGE_LOOP('',(#448,#449,#450,#451));
#1919=EDGE_LOOP('',(#452,#453,#454,#455));
#1920=EDGE_LOOP('',(#456,#457,#458,#459));
#1921=EDGE_LOOP('',(#460,#461,#462,#463));
#1922=EDGE_LOOP('',(#464,#465,#466,#467));
#1923=EDGE_LOOP('',(#468,#469,#470,#471));
#1924=EDGE_LOOP('',(#472,#473,#474,#475));
#1925=EDGE_LOOP('',(#476,#477,#478,#479));
#1926=EDGE_LOOP('',(#480,#481,#482,#483));
#1927=EDGE_LOOP('',(#484,#485,#486,#487));
#1928=EDGE_LOOP('',(#488,#489,#490,#491));
#1929=EDGE_LOOP('',(#492,#493,#494,#495));
#1930=EDGE_LOOP('',(#496,#497,#498,#499));
#1931=EDGE_LOOP('',(#500,#501,#502,#503));
#1932=EDGE_LOOP('',(#504,#505,#506,#507));
#1933=EDGE_LOOP('',(#508,#509,#510,#511));
#1934=EDGE_LOOP('',(#512,#513,#514,#515));
#1935=EDGE_LOOP('',(#516,#517,#518,#519));
#1936=EDGE_LOOP('',(#520,#521,#522,#523));
#1937=EDGE_LOOP('',(#524,#525,#526,#527));
#1938=EDGE_LOOP('',(#528,#529,#530,#531));
#1939=EDGE_LOOP('',(#532,#533,#534,#535));
#1940=EDGE_LOOP('',(#536,#537,#538,#539));
#1941=EDGE_LOOP('',(#540,#541,#542,#543));
#1942=EDGE_LOOP('',(#544,#545,#546,#547));
#1943=EDGE_LOOP('',(#548,#549,#550,#551));
#1944=EDGE_LOOP('',(#552,#553,#554,#555));
#1945=EDGE_LOOP('',(#556,#557,#558,#559));
#1946=EDGE_LOOP('',(#560,#561,#562,#563));
#1947=EDGE_LOOP('',(#564,#565,#566,#567));
#1948=EDGE_LOOP('',(#568,#569,#570,#571));
#1949=EDGE_LOOP('',(#572,#573,#574,#575));
#1950=EDGE_LOOP('',(#576,#577,#578,#579));
#1951=EDGE_LOOP('',(#580,#581,#582,#583));
#1952=EDGE_LOOP('',(#584,#585,#586,#587));
#1953=EDGE_LOOP('',(#588,#589,#590,#591));
#1954=EDGE_LOOP('',(#592,#593,#594,#595));
#1955=EDGE_LOOP('',(#596,#597,#598,#599));
#1956=EDGE_LOOP('',(#600,#601,#602,#603));
#1957=EDGE_LOOP('',(#604,#605,#606,#607));
#1958=EDGE_LOOP('',(#608,#609,#610,#611));
#1959=EDGE_LOOP('',(#612,#613,#614,#615));
#1960=EDGE_LOOP('',(#616,#617,#618,#619));
#1961=EDGE_LOOP('',(#620,#621,#622,#623));
#1962=EDGE_LOOP('',(#624,#625,#626,#627));
#1963=EDGE_LOOP('',(#628,#629,#630,#631));
#1964=EDGE_LOOP('',(#632,#633,#634,#635));
#1965=EDGE_LOOP('',(#636,#637,#638,#639));
#1966=EDGE_LOOP('',(#640,#641,#642,#643));
#1967=EDGE_LOOP('',(#644,#645,#646,#647,#648,#649,#650));
#1968=EDGE_LOOP('',(#651,#652,#653,#654,#655,#656));
#1969=EDGE_LOOP('',(#657,#658,#659,#660,#661,#662,#663));
#1970=EDGE_LOOP('',(#664,#665,#666,#667,#668,#669));
#1971=EDGE_LOOP('',(#670,#671,#672,#673,#674,#675));
#1972=EDGE_LOOP('',(#676,#677,#678,#679,#680,#681));
#1973=EDGE_LOOP('',(#682,#683,#684,#685,#686,#687));
#1974=EDGE_LOOP('',(#688,#689,#690,#691));
#1975=EDGE_LOOP('',(#692,#693,#694,#695,#696));
#1976=EDGE_LOOP('',(#697,#698,#699,#700,#701));
#1977=EDGE_LOOP('',(#702,#703,#704,#705,#706,#707));
#1978=EDGE_LOOP('',(#708,#709,#710,#711));
#1979=EDGE_LOOP('',(#712,#713,#714,#715));
#1980=EDGE_LOOP('',(#716,#717,#718,#719));
#1981=EDGE_LOOP('',(#720,#721,#722,#723));
#1982=EDGE_LOOP('',(#724,#725,#726,#727));
#1983=EDGE_LOOP('',(#728,#729,#730,#731));
#1984=EDGE_LOOP('',(#732,#733,#734,#735));
#1985=EDGE_LOOP('',(#736,#737,#738,#739));
#1986=FACE_BOUND('',#1836,.T.);
#1987=FACE_BOUND('',#1837,.T.);
#1988=FACE_BOUND('',#1838,.T.);
#1989=FACE_BOUND('',#1839,.T.);
#1990=FACE_BOUND('',#1840,.T.);
#1991=FACE_BOUND('',#1841,.T.);
#1992=FACE_BOUND('',#1842,.T.);
#1993=FACE_BOUND('',#1843,.T.);
#1994=FACE_BOUND('',#1844,.T.);
#1995=FACE_BOUND('',#1845,.T.);
#1996=FACE_BOUND('',#1846,.T.);
#1997=FACE_BOUND('',#1847,.T.);
#1998=FACE_BOUND('',#1848,.T.);
#1999=FACE_BOUND('',#1849,.T.);
#2000=FACE_BOUND('',#1850,.T.);
#2001=FACE_BOUND('',#1851,.T.);
#2002=FACE_BOUND('',#1852,.T.);
#2003=FACE_BOUND('',#1853,.T.);
#2004=FACE_BOUND('',#1854,.T.);
#2005=FACE_BOUND('',#1855,.T.);
#2006=FACE_BOUND('',#1856,.T.);
#2007=FACE_BOUND('',#1857,.T.);
#2008=FACE_BOUND('',#1858,.T.);
#2009=FACE_BOUND('',#1859,.T.);
#2010=FACE_BOUND('',#1860,.T.);
#2011=FACE_BOUND('',#1861,.T.);
#2012=FACE_BOUND('',#1862,.T.);
#2013=FACE_BOUND('',#1863,.T.);
#2014=FACE_BOUND('',#1864,.T.);
#2015=FACE_BOUND('',#1865,.T.);
#2016=FACE_BOUND('',#1866,.T.);
#2017=FACE_BOUND('',#1867,.T.);
#2018=FACE_BOUND('',#1868,.T.);
#2019=FACE_BOUND('',#1869,.T.);
#2020=FACE_BOUND('',#1870,.T.);
#2021=FACE_BOUND('',#1871,.T.);
#2022=FACE_BOUND('',#1872,.T.);
#2023=FACE_BOUND('',#1873,.T.);
#2024=FACE_BOUND('',#1874,.T.);
#2025=FACE_BOUND('',#1875,.T.);
#2026=FACE_BOUND('',#1876,.T.);
#2027=FACE_BOUND('',#1877,.T.);
#2028=FACE_BOUND('',#1878,.T.);
#2029=FACE_BOUND('',#1879,.T.);
#2030=FACE_BOUND('',#1880,.T.);
#2031=FACE_BOUND('',#1881,.T.);
#2032=FACE_BOUND('',#1882,.T.);
#2033=FACE_BOUND('',#1883,.T.);
#2034=FACE_BOUND('',#1884,.T.);
#2035=FACE_BOUND('',#1885,.T.);
#2036=FACE_BOUND('',#1886,.T.);
#2037=FACE_BOUND('',#1887,.T.);
#2038=FACE_BOUND('',#1888,.T.);
#2039=FACE_BOUND('',#1889,.T.);
#2040=FACE_BOUND('',#1890,.T.);
#2041=FACE_BOUND('',#1891,.T.);
#2042=FACE_BOUND('',#1892,.T.);
#2043=FACE_BOUND('',#1893,.T.);
#2044=FACE_BOUND('',#1894,.T.);
#2045=FACE_BOUND('',#1895,.T.);
#2046=FACE_BOUND('',#1896,.T.);
#2047=FACE_BOUND('',#1897,.T.);
#2048=FACE_BOUND('',#1898,.T.);
#2049=FACE_BOUND('',#1899,.T.);
#2050=FACE_BOUND('',#1900,.T.);
#2051=FACE_BOUND('',#1901,.T.);
#2052=FACE_BOUND('',#1902,.T.);
#2053=FACE_BOUND('',#1903,.T.);
#2054=FACE_BOUND('',#1904,.T.);
#2055=FACE_BOUND('',#1905,.T.);
#2056=FACE_BOUND('',#1906,.T.);
#2057=FACE_BOUND('',#1907,.T.);
#2058=FACE_BOUND('',#1908,.T.);
#2059=FACE_BOUND('',#1909,.T.);
#2060=FACE_BOUND('',#1910,.T.);
#2061=FACE_BOUND('',#1911,.T.);
#2062=FACE_BOUND('',#1912,.T.);
#2063=FACE_BOUND('',#1913,.T.);
#2064=FACE_BOUND('',#1914,.T.);
#2065=FACE_BOUND('',#1915,.T.);
#2066=FACE_BOUND('',#1916,.T.);
#2067=FACE_BOUND('',#1917,.T.);
#2068=FACE_BOUND('',#1918,.T.);
#2069=FACE_BOUND('',#1919,.T.);
#2070=FACE_BOUND('',#1920,.T.);
#2071=FACE_BOUND('',#1921,.T.);
#2072=FACE_BOUND('',#1922,.T.);
#2073=FACE_BOUND('',#1923,.T.);
#2074=FACE_BOUND('',#1924,.T.);
#2075=FACE_BOUND('',#1925,.T.);
#2076=FACE_BOUND('',#1926,.T.);
#2077=FACE_BOUND('',#1927,.T.);
#2078=FACE_BOUND('',#1928,.T.);
#2079=FACE_BOUND('',#1929,.T.);
#2080=FACE_BOUND('',#1930,.T.);
#2081=FACE_BOUND('',#1931,.T.);
#2082=FACE_BOUND('',#1932,.T.);
#2083=FACE_BOUND('',#1933,.T.);
#2084=FACE_BOUND('',#1934,.T.);
#2085=FACE_BOUND('',#1935,.T.);
#2086=FACE_BOUND('',#1936,.T.);
#2087=FACE_BOUND('',#1937,.T.);
#2088=FACE_BOUND('',#1938,.T.);
#2089=FACE_BOUND('',#1939,.T.);
#2090=FACE_BOUND('',#1940,.T.);
#2091=FACE_BOUND('',#1941,.T.);
#2092=FACE_BOUND('',#1942,.T.);
#2093=FACE_BOUND('',#1943,.T.);
#2094=FACE_BOUND('',#1944,.T.);
#2095=FACE_BOUND('',#1945,.T.);
#2096=FACE_BOUND('',#1946,.T.);
#2097=FACE_BOUND('',#1947,.T.);
#2098=FACE_BOUND('',#1948,.T.);
#2099=FACE_BOUND('',#1949,.T.);
#2100=FACE_BOUND('',#1950,.T.);
#2101=FACE_BOUND('',#1951,.T.);
#2102=FACE_BOUND('',#1952,.T.);
#2103=FACE_BOUND('',#1953,.T.);
#2104=FACE_BOUND('',#1954,.T.);
#2105=FACE_BOUND('',#1955,.T.);
#2106=FACE_BOUND('',#1956,.T.);
#2107=FACE_BOUND('',#1957,.T.);
#2108=FACE_BOUND('',#1958,.T.);
#2109=FACE_BOUND('',#1959,.T.);
#2110=FACE_BOUND('',#1960,.T.);
#2111=FACE_BOUND('',#1961,.T.);
#2112=FACE_BOUND('',#1962,.T.);
#2113=FACE_BOUND('',#1963,.T.);
#2114=FACE_BOUND('',#1964,.T.);
#2115=FACE_BOUND('',#1965,.T.);
#2116=FACE_BOUND('',#1966,.T.);
#2117=FACE_BOUND('',#1967,.T.);
#2118=FACE_BOUND('',#1968,.T.);
#2119=FACE_BOUND('',#1969,.T.);
#2120=FACE_BOUND('',#1970,.T.);
#2121=FACE_BOUND('',#1971,.T.);
#2122=FACE_BOUND('',#1972,.T.);
#2123=FACE_BOUND('',#1973,.T.);
#2124=FACE_BOUND('',#1974,.T.);
#2125=FACE_BOUND('',#1975,.T.);
#2126=FACE_BOUND('',#1976,.T.);
#2127=FACE_BOUND('',#1977,.T.);
#2128=FACE_BOUND('',#1978,.T.);
#2129=FACE_BOUND('',#1979,.T.);
#2130=FACE_BOUND('',#1980,.T.);
#2131=FACE_BOUND('',#1981,.T.);
#2132=FACE_BOUND('',#1982,.T.);
#2133=FACE_BOUND('',#1983,.T.);
#2134=FACE_BOUND('',#1984,.T.);
#2135=FACE_BOUND('',#1985,.T.);
#2136=PLANE('',#2367);
#2137=PLANE('',#2372);
#2138=PLANE('',#2385);
#2139=PLANE('',#2393);
#2140=PLANE('',#2397);
#2141=PLANE('',#2402);
#2142=PLANE('',#2406);
#2143=PLANE('',#2413);
#2144=PLANE('',#2414);
#2145=PLANE('',#2418);
#2146=PLANE('',#2419);
#2147=PLANE('',#2420);
#2148=PLANE('',#2423);
#2149=PLANE('',#2424);
#2150=PLANE('',#2426);
#2151=PLANE('',#2427);
#2152=PLANE('',#2430);
#2153=PLANE('',#2431);
#2154=PLANE('',#2433);
#2155=PLANE('',#2434);
#2156=PLANE('',#2435);
#2157=PLANE('',#2438);
#2158=PLANE('',#2441);
#2159=PLANE('',#2444);
#2160=PLANE('',#2445);
#2161=PLANE('',#2448);
#2162=PLANE('',#2449);
#2163=PLANE('',#2450);
#2164=PLANE('',#2451);
#2165=PLANE('',#2452);
#2166=PLANE('',#2453);
#2167=PLANE('',#2454);
#2168=PLANE('',#2455);
#2169=PLANE('',#2456);
#2170=PLANE('',#2457);
#2171=PLANE('',#2458);
#2172=PLANE('',#2459);
#2173=PLANE('',#2460);
#2174=PLANE('',#2461);
#2175=PLANE('',#2462);
#2176=PLANE('',#2463);
#2177=PLANE('',#2464);
#2178=PLANE('',#2465);
#2179=PLANE('',#2466);
#2180=PLANE('',#2467);
#2181=PLANE('',#2468);
#2182=PLANE('',#2469);
#2183=PLANE('',#2470);
#2184=PLANE('',#2471);
#2185=PLANE('',#2472);
#2186=PLANE('',#2473);
#2187=PLANE('',#2474);
#2188=PLANE('',#2475);
#2189=PLANE('',#2476);
#2190=PLANE('',#2477);
#2191=PLANE('',#2478);
#2192=PLANE('',#2479);
#2193=PLANE('',#2480);
#2194=PLANE('',#2481);
#2195=PLANE('',#2482);
#2196=PLANE('',#2483);
#2197=PLANE('',#2484);
#2198=PLANE('',#2485);
#2199=PLANE('',#2486);
#2200=PLANE('',#2487);
#2201=PLANE('',#2488);
#2202=PLANE('',#2489);
#2203=PLANE('',#2490);
#2204=PLANE('',#2491);
#2205=PLANE('',#2492);
#2206=PLANE('',#2493);
#2207=PLANE('',#2494);
#2208=PLANE('',#2495);
#2209=PLANE('',#2496);
#2210=PLANE('',#2497);
#2211=PLANE('',#2498);
#2212=PLANE('',#2499);
#2213=PLANE('',#2500);
#2214=PLANE('',#2501);
#2215=PLANE('',#2502);
#2216=PLANE('',#2503);
#2217=PLANE('',#2504);
#2218=PLANE('',#2505);
#2219=PLANE('',#2506);
#2220=PLANE('',#2507);
#2221=PLANE('',#2508);
#2222=PLANE('',#2509);
#2223=PLANE('',#2510);
#2224=PLANE('',#2511);
#2225=PLANE('',#2513);
#2226=PLANE('',#2514);
#2227=PLANE('',#2517);
#2228=PLANE('',#2527);
#2229=PLANE('',#2528);
#2230=PLANE('',#2529);
#2231=PLANE('',#2530);
#2232=PLANE('',#2531);
#2233=PLANE('',#2532);
#2234=PLANE('',#2533);
#2235=ADVANCED_FACE('',(#1986,#1987,#1988,#1989,#1990,#1991,#1992,#1993,
#1994,#1995,#1996,#1997,#1998,#1999),#2136,.T.);
#2236=ADVANCED_FACE('',(#2000,#2001,#2002,#2003,#2004,#2005,#2006,#2007,
#2008,#2009,#2010,#2011,#2012,#2013,#2014),#2137,.F.);
#2237=ADVANCED_FACE('',(#2015),#24,.F.);
#2238=ADVANCED_FACE('',(#2016),#2138,.F.);
#2239=ADVANCED_FACE('',(#2017),#25,.F.);
#2240=ADVANCED_FACE('',(#2018),#26,.T.);
#2241=ADVANCED_FACE('',(#2019),#2139,.F.);
#2242=ADVANCED_FACE('',(#2020),#27,.T.);
#2243=ADVANCED_FACE('',(#2021),#2140,.T.);
#2244=ADVANCED_FACE('',(#2022),#2141,.T.);
#2245=ADVANCED_FACE('',(#2023),#28,.T.);
#2246=ADVANCED_FACE('',(#2024,#2025),#2142,.T.);
#2247=ADVANCED_FACE('',(#2026),#29,.T.);
#2248=ADVANCED_FACE('',(#2027),#30,.F.);
#2249=ADVANCED_FACE('',(#2028),#2143,.F.);
#2250=ADVANCED_FACE('',(#2029),#2144,.F.);
#2251=ADVANCED_FACE('',(#2030),#31,.F.);
#2252=ADVANCED_FACE('',(#2031,#2032),#2145,.F.);
#2253=ADVANCED_FACE('',(#2033),#2146,.F.);
#2254=ADVANCED_FACE('',(#2034),#2147,.T.);
#2255=ADVANCED_FACE('',(#2035),#2148,.F.);
#2256=ADVANCED_FACE('',(#2036),#2149,.F.);
#2257=ADVANCED_FACE('',(#2037),#16,.T.);
#2258=ADVANCED_FACE('',(#2038),#2150,.F.);
#2259=ADVANCED_FACE('',(#2039),#2151,.F.);
#2260=ADVANCED_FACE('',(#2040),#17,.T.);
#2261=ADVANCED_FACE('',(#2041),#18,.T.);
#2262=ADVANCED_FACE('',(#2042),#2152,.T.);
#2263=ADVANCED_FACE('',(#2043),#2153,.T.);
#2264=ADVANCED_FACE('',(#2044),#19,.T.);
#2265=ADVANCED_FACE('',(#2045),#2154,.F.);
#2266=ADVANCED_FACE('',(#2046),#2155,.T.);
#2267=ADVANCED_FACE('',(#2047),#2156,.T.);
#2268=ADVANCED_FACE('',(#2048),#2157,.T.);
#2269=ADVANCED_FACE('',(#2049),#2158,.F.);
#2270=ADVANCED_FACE('',(#2050),#20,.T.);
#2271=ADVANCED_FACE('',(#2051),#21,.T.);
#2272=ADVANCED_FACE('',(#2052),#2159,.T.);
#2273=ADVANCED_FACE('',(#2053),#2160,.F.);
#2274=ADVANCED_FACE('',(#2054),#22,.T.);
#2275=ADVANCED_FACE('',(#2055),#23,.T.);
#2276=ADVANCED_FACE('',(#2056),#2161,.T.);
#2277=ADVANCED_FACE('',(#2057),#2162,.T.);
#2278=ADVANCED_FACE('',(#2058),#2163,.F.);
#2279=ADVANCED_FACE('',(#2059),#2164,.F.);
#2280=ADVANCED_FACE('',(#2060),#2165,.T.);
#2281=ADVANCED_FACE('',(#2061),#2166,.T.);
#2282=ADVANCED_FACE('',(#2062),#2167,.F.);
#2283=ADVANCED_FACE('',(#2063),#2168,.F.);
#2284=ADVANCED_FACE('',(#2064),#2169,.T.);
#2285=ADVANCED_FACE('',(#2065),#2170,.T.);
#2286=ADVANCED_FACE('',(#2066),#2171,.T.);
#2287=ADVANCED_FACE('',(#2067),#2172,.F.);
#2288=ADVANCED_FACE('',(#2068),#2173,.F.);
#2289=ADVANCED_FACE('',(#2069),#2174,.T.);
#2290=ADVANCED_FACE('',(#2070),#2175,.T.);
#2291=ADVANCED_FACE('',(#2071),#2176,.F.);
#2292=ADVANCED_FACE('',(#2072),#2177,.F.);
#2293=ADVANCED_FACE('',(#2073),#2178,.T.);
#2294=ADVANCED_FACE('',(#2074),#2179,.F.);
#2295=ADVANCED_FACE('',(#2075),#2180,.F.);
#2296=ADVANCED_FACE('',(#2076),#2181,.T.);
#2297=ADVANCED_FACE('',(#2077),#2182,.T.);
#2298=ADVANCED_FACE('',(#2078),#2183,.F.);
#2299=ADVANCED_FACE('',(#2079),#2184,.F.);
#2300=ADVANCED_FACE('',(#2080),#2185,.T.);
#2301=ADVANCED_FACE('',(#2081),#2186,.T.);
#2302=ADVANCED_FACE('',(#2082),#2187,.F.);
#2303=ADVANCED_FACE('',(#2083),#2188,.F.);
#2304=ADVANCED_FACE('',(#2084),#2189,.T.);
#2305=ADVANCED_FACE('',(#2085),#2190,.T.);
#2306=ADVANCED_FACE('',(#2086),#2191,.T.);
#2307=ADVANCED_FACE('',(#2087),#2192,.F.);
#2308=ADVANCED_FACE('',(#2088),#2193,.F.);
#2309=ADVANCED_FACE('',(#2089),#2194,.T.);
#2310=ADVANCED_FACE('',(#2090),#2195,.F.);
#2311=ADVANCED_FACE('',(#2091),#2196,.F.);
#2312=ADVANCED_FACE('',(#2092),#2197,.T.);
#2313=ADVANCED_FACE('',(#2093),#2198,.T.);
#2314=ADVANCED_FACE('',(#2094),#2199,.F.);
#2315=ADVANCED_FACE('',(#2095),#2200,.F.);
#2316=ADVANCED_FACE('',(#2096),#2201,.T.);
#2317=ADVANCED_FACE('',(#2097),#2202,.T.);
#2318=ADVANCED_FACE('',(#2098),#2203,.F.);
#2319=ADVANCED_FACE('',(#2099),#2204,.F.);
#2320=ADVANCED_FACE('',(#2100),#2205,.T.);
#2321=ADVANCED_FACE('',(#2101),#2206,.F.);
#2322=ADVANCED_FACE('',(#2102),#2207,.F.);
#2323=ADVANCED_FACE('',(#2103),#2208,.T.);
#2324=ADVANCED_FACE('',(#2104),#2209,.T.);
#2325=ADVANCED_FACE('',(#2105),#2210,.T.);
#2326=ADVANCED_FACE('',(#2106),#2211,.F.);
#2327=ADVANCED_FACE('',(#2107),#2212,.F.);
#2328=ADVANCED_FACE('',(#2108),#2213,.T.);
#2329=ADVANCED_FACE('',(#2109),#2214,.F.);
#2330=ADVANCED_FACE('',(#2110),#2215,.F.);
#2331=ADVANCED_FACE('',(#2111),#2216,.T.);
#2332=ADVANCED_FACE('',(#2112),#2217,.T.);
#2333=ADVANCED_FACE('',(#2113,#2114),#2218,.T.);
#2334=ADVANCED_FACE('',(#2115),#2219,.T.);
#2335=ADVANCED_FACE('',(#2116),#2220,.F.);
#2336=ADVANCED_FACE('',(#2117),#2221,.F.);
#2337=ADVANCED_FACE('',(#2118),#2222,.T.);
#2338=ADVANCED_FACE('',(#2119),#2223,.T.);
#2339=ADVANCED_FACE('',(#2120),#2224,.T.);
#2340=ADVANCED_FACE('',(#2121),#2225,.T.);
#2341=ADVANCED_FACE('',(#2122),#2226,.F.);
#2342=ADVANCED_FACE('',(#2123),#2227,.F.);
#2343=ADVANCED_FACE('',(#2124),#32,.T.);
#2344=ADVANCED_FACE('',(#2125),#33,.T.);
#2345=ADVANCED_FACE('',(#2126),#34,.T.);
#2346=ADVANCED_FACE('',(#2127),#35,.T.);
#2347=ADVANCED_FACE('',(#2128),#2228,.F.);
#2348=ADVANCED_FACE('',(#2129),#2229,.T.);
#2349=ADVANCED_FACE('',(#2130),#2230,.T.);
#2350=ADVANCED_FACE('',(#2131),#2231,.T.);
#2351=ADVANCED_FACE('',(#2132),#2232,.T.);
#2352=ADVANCED_FACE('',(#2133),#2233,.T.);
#2353=ADVANCED_FACE('',(#2134,#2135),#2234,.T.);
#2354=CLOSED_SHELL('',(#2235,#2236,#2237,#2238,#2239,#2240,#2241,#2242,
#2243,#2244,#2245,#2246,#2247,#2248,#2249,#2250,#2251,#2252,#2253,#2254,
#2255,#2256,#2257,#2258,#2259,#2260,#2261,#2262,#2263,#2264,#2265,#2266,
#2267,#2268,#2269,#2270,#2271,#2272,#2273,#2274,#2275,#2276,#2277,#2278,
#2279,#2280,#2281,#2282,#2283,#2284,#2285,#2286,#2287,#2288,#2289,#2290,
#2291,#2292,#2293,#2294,#2295,#2296,#2297,#2298,#2299,#2300,#2301,#2302,
#2303,#2304,#2305,#2306,#2307,#2308,#2309,#2310,#2311,#2312,#2313,#2314,
#2315,#2316,#2317,#2318,#2319,#2320,#2321,#2322,#2323,#2324,#2325,#2326,
#2327,#2328,#2329,#2330,#2331,#2332,#2333,#2334,#2335,#2336,#2337,#2338,
#2339,#2340,#2341,#2342,#2343,#2344,#2345,#2346,#2347,#2348,#2349,#2350,
#2351,#2352,#2353));
#2355=STYLED_ITEM('',(#2356),#2363);
#2356=PRESENTATION_STYLE_ASSIGNMENT((#2357));
#2357=SURFACE_STYLE_USAGE(.BOTH.,#2358);
#2358=SURFACE_SIDE_STYLE('',(#2359));
#2359=SURFACE_STYLE_FILL_AREA(#2360);
#2360=FILL_AREA_STYLE('',(#2361));
#2361=FILL_AREA_STYLE_COLOUR('',#2362);
#2362=COLOUR_RGB('',0.615686274509804,0.811764705882353,0.929411764705882);
#2363=MANIFOLD_SOLID_BREP('Part 1',#2354);
#2364=SHAPE_DEFINITION_REPRESENTATION(#3828,#2365);
#2365=SHAPE_REPRESENTATION('Part 1',(#2366),#3823);
#2366=AXIS2_PLACEMENT_3D('',#3146,#2534,#2535);
#2367=AXIS2_PLACEMENT_3D('',#3147,#2536,#2537);
#2368=AXIS2_PLACEMENT_3D('',#3239,#2583,#2584);
#2369=AXIS2_PLACEMENT_3D('',#3243,#2586,#2587);
#2370=AXIS2_PLACEMENT_3D('',#3247,#2589,#2590);
#2371=AXIS2_PLACEMENT_3D('',#3251,#2592,#2593);
#2372=AXIS2_PLACEMENT_3D('',#3268,#2602,#2603);
#2373=AXIS2_PLACEMENT_3D('',#3317,#2628,#2629);
#2374=AXIS2_PLACEMENT_3D('',#3322,#2631,#2632);
#2375=AXIS2_PLACEMENT_3D('',#3325,#2634,#2635);
#2376=AXIS2_PLACEMENT_3D('',#3330,#2637,#2638);
#2377=AXIS2_PLACEMENT_3D('',#3334,#2640,#2641);
#2378=AXIS2_PLACEMENT_3D('',#3338,#2643,#2644);
#2379=AXIS2_PLACEMENT_3D('',#3341,#2646,#2647);
#2380=AXIS2_PLACEMENT_3D('',#3346,#2649,#2650);
#2381=AXIS2_PLACEMENT_3D('',#3397,#2676,#2677);
#2382=AXIS2_PLACEMENT_3D('',#3398,#2678,#2679);
#2383=AXIS2_PLACEMENT_3D('',#3402,#2681,#2682);
#2384=AXIS2_PLACEMENT_3D('',#3404,#2683,#2684);
#2385=AXIS2_PLACEMENT_3D('',#3407,#2686,#2687);
#2386=AXIS2_PLACEMENT_3D('',#3413,#2691,#2692);
#2387=AXIS2_PLACEMENT_3D('',#3414,#2693,#2694);
#2388=AXIS2_PLACEMENT_3D('',#3417,#2696,#2697);
#2389=AXIS2_PLACEMENT_3D('',#3419,#2698,#2699);
#2390=AXIS2_PLACEMENT_3D('',#3420,#2700,#2701);
#2391=AXIS2_PLACEMENT_3D('',#3423,#2703,#2704);
#2392=AXIS2_PLACEMENT_3D('',#3425,#2705,#2706);
#2393=AXIS2_PLACEMENT_3D('',#3428,#2708,#2709);
#2394=AXIS2_PLACEMENT_3D('',#3432,#2712,#2713);
#2395=AXIS2_PLACEMENT_3D('',#3435,#2715,#2716);
#2396=AXIS2_PLACEMENT_3D('',#3437,#2717,#2718);
#2397=AXIS2_PLACEMENT_3D('',#3438,#2719,#2720);
#2398=AXIS2_PLACEMENT_3D('',#3442,#2722,#2723);
#2399=AXIS2_PLACEMENT_3D('',#3446,#2725,#2726);
#2400=AXIS2_PLACEMENT_3D('',#3450,#2728,#2729);
#2401=AXIS2_PLACEMENT_3D('',#3454,#2731,#2732);
#2402=AXIS2_PLACEMENT_3D('',#3455,#2733,#2734);
#2403=AXIS2_PLACEMENT_3D('',#3459,#2737,#2738);
#2404=AXIS2_PLACEMENT_3D('',#3460,#2739,#2740);
#2405=AXIS2_PLACEMENT_3D('',#3463,#2741,#2742);
#2406=AXIS2_PLACEMENT_3D('',#3465,#2744,#2745);
#2407=AXIS2_PLACEMENT_3D('',#3477,#2752,#2753);
#2408=AXIS2_PLACEMENT_3D('',#3478,#2754,#2755);
#2409=AXIS2_PLACEMENT_3D('',#3481,#2756,#2757);
#2410=AXIS2_PLACEMENT_3D('',#3483,#2759,#2760);
#2411=AXIS2_PLACEMENT_3D('',#3484,#2761,#2762);
#2412=AXIS2_PLACEMENT_3D('',#3488,#2764,#2765);
#2413=AXIS2_PLACEMENT_3D('',#3490,#2767,#2768);
#2414=AXIS2_PLACEMENT_3D('',#3492,#2770,#2771);
#2415=AXIS2_PLACEMENT_3D('',#3496,#2774,#2775);
#2416=AXIS2_PLACEMENT_3D('',#3497,#2776,#2777);
#2417=AXIS2_PLACEMENT_3D('',#3500,#2779,#2780);
#2418=AXIS2_PLACEMENT_3D('',#3501,#2781,#2782);
#2419=AXIS2_PLACEMENT_3D('',#3511,#2788,#2789);
#2420=AXIS2_PLACEMENT_3D('',#3513,#2791,#2792);
#2421=AXIS2_PLACEMENT_3D('',#3517,#2794,#2795);
#2422=AXIS2_PLACEMENT_3D('',#3522,#2798,#2799);
#2423=AXIS2_PLACEMENT_3D('',#3523,#2800,#2801);
#2424=AXIS2_PLACEMENT_3D('',#3525,#2803,#2804);
#2425=AXIS2_PLACEMENT_3D('',#3527,#2806,#2807);
#2426=AXIS2_PLACEMENT_3D('',#3533,#2809,#2810);
#2427=AXIS2_PLACEMENT_3D('',#3538,#2811,#2812);
#2428=AXIS2_PLACEMENT_3D('',#3540,#2814,#2815);
#2429=AXIS2_PLACEMENT_3D('',#3542,#2817,#2818);
#2430=AXIS2_PLACEMENT_3D('',#3547,#2819,#2820);
#2431=AXIS2_PLACEMENT_3D('',#3549,#2822,#2823);
#2432=AXIS2_PLACEMENT_3D('',#3554,#2824,#2825);
#2433=AXIS2_PLACEMENT_3D('',#3555,#2826,#2827);
#2434=AXIS2_PLACEMENT_3D('',#3556,#2828,#2829);
#2435=AXIS2_PLACEMENT_3D('',#3557,#2830,#2831);
#2436=AXIS2_PLACEMENT_3D('',#3558,#2832,#2833);
#2437=AXIS2_PLACEMENT_3D('',#3563,#2835,#2836);
#2438=AXIS2_PLACEMENT_3D('',#3566,#2838,#2839);
#2439=AXIS2_PLACEMENT_3D('',#3567,#2840,#2841);
#2440=AXIS2_PLACEMENT_3D('',#3572,#2843,#2844);
#2441=AXIS2_PLACEMENT_3D('',#3575,#2846,#2847);
#2442=AXIS2_PLACEMENT_3D('',#3578,#2850,#2851);
#2443=AXIS2_PLACEMENT_3D('',#3580,#2853,#2854);
#2444=AXIS2_PLACEMENT_3D('',#3582,#2856,#2857);
#2445=AXIS2_PLACEMENT_3D('',#3583,#2858,#2859);
#2446=AXIS2_PLACEMENT_3D('',#3586,#2862,#2863);
#2447=AXIS2_PLACEMENT_3D('',#3588,#2865,#2866);
#2448=AXIS2_PLACEMENT_3D('',#3590,#2868,#2869);
#2449=AXIS2_PLACEMENT_3D('',#3591,#2870,#2871);
#2450=AXIS2_PLACEMENT_3D('',#3594,#2874,#2875);
#2451=AXIS2_PLACEMENT_3D('',#3596,#2877,#2878);
#2452=AXIS2_PLACEMENT_3D('',#3598,#2880,#2881);
#2453=AXIS2_PLACEMENT_3D('',#3599,#2882,#2883);
#2454=AXIS2_PLACEMENT_3D('',#3602,#2886,#2887);
#2455=AXIS2_PLACEMENT_3D('',#3604,#2889,#2890);
#2456=AXIS2_PLACEMENT_3D('',#3606,#2892,#2893);
#2457=AXIS2_PLACEMENT_3D('',#3607,#2894,#2895);
#2458=AXIS2_PLACEMENT_3D('',#3610,#2898,#2899);
#2459=AXIS2_PLACEMENT_3D('',#3612,#2901,#2902);
#2460=AXIS2_PLACEMENT_3D('',#3614,#2904,#2905);
#2461=AXIS2_PLACEMENT_3D('',#3615,#2906,#2907);
#2462=AXIS2_PLACEMENT_3D('',#3618,#2910,#2911);
#2463=AXIS2_PLACEMENT_3D('',#3620,#2913,#2914);
#2464=AXIS2_PLACEMENT_3D('',#3622,#2916,#2917);
#2465=AXIS2_PLACEMENT_3D('',#3623,#2918,#2919);
#2466=AXIS2_PLACEMENT_3D('',#3626,#2922,#2923);
#2467=AXIS2_PLACEMENT_3D('',#3628,#2925,#2926);
#2468=AXIS2_PLACEMENT_3D('',#3630,#2928,#2929);
#2469=AXIS2_PLACEMENT_3D('',#3631,#2930,#2931);
#2470=AXIS2_PLACEMENT_3D('',#3634,#2934,#2935);
#2471=AXIS2_PLACEMENT_3D('',#3636,#2937,#2938);
#2472=AXIS2_PLACEMENT_3D('',#3638,#2940,#2941);
#2473=AXIS2_PLACEMENT_3D('',#3639,#2942,#2943);
#2474=AXIS2_PLACEMENT_3D('',#3642,#2946,#2947);
#2475=AXIS2_PLACEMENT_3D('',#3644,#2949,#2950);
#2476=AXIS2_PLACEMENT_3D('',#3646,#2952,#2953);
#2477=AXIS2_PLACEMENT_3D('',#3647,#2954,#2955);
#2478=AXIS2_PLACEMENT_3D('',#3650,#2958,#2959);
#2479=AXIS2_PLACEMENT_3D('',#3652,#2961,#2962);
#2480=AXIS2_PLACEMENT_3D('',#3654,#2964,#2965);
#2481=AXIS2_PLACEMENT_3D('',#3655,#2966,#2967);
#2482=AXIS2_PLACEMENT_3D('',#3658,#2970,#2971);
#2483=AXIS2_PLACEMENT_3D('',#3660,#2973,#2974);
#2484=AXIS2_PLACEMENT_3D('',#3662,#2976,#2977);
#2485=AXIS2_PLACEMENT_3D('',#3663,#2978,#2979);
#2486=AXIS2_PLACEMENT_3D('',#3666,#2982,#2983);
#2487=AXIS2_PLACEMENT_3D('',#3668,#2985,#2986);
#2488=AXIS2_PLACEMENT_3D('',#3670,#2988,#2989);
#2489=AXIS2_PLACEMENT_3D('',#3671,#2990,#2991);
#2490=AXIS2_PLACEMENT_3D('',#3674,#2994,#2995);
#2491=AXIS2_PLACEMENT_3D('',#3676,#2997,#2998);
#2492=AXIS2_PLACEMENT_3D('',#3678,#3000,#3001);
#2493=AXIS2_PLACEMENT_3D('',#3679,#3002,#3003);
#2494=AXIS2_PLACEMENT_3D('',#3682,#3006,#3007);
#2495=AXIS2_PLACEMENT_3D('',#3684,#3009,#3010);
#2496=AXIS2_PLACEMENT_3D('',#3686,#3012,#3013);
#2497=AXIS2_PLACEMENT_3D('',#3687,#3014,#3015);
#2498=AXIS2_PLACEMENT_3D('',#3696,#3020,#3021);
#2499=AXIS2_PLACEMENT_3D('',#3702,#3025,#3026);
#2500=AXIS2_PLACEMENT_3D('',#3708,#3030,#3031);
#2501=AXIS2_PLACEMENT_3D('',#3714,#3035,#3036);
#2502=AXIS2_PLACEMENT_3D('',#3718,#3039,#3040);
#2503=AXIS2_PLACEMENT_3D('',#3722,#3043,#3044);
#2504=AXIS2_PLACEMENT_3D('',#3724,#3046,#3047);
#2505=AXIS2_PLACEMENT_3D('',#3727,#3050,#3051);
#2506=AXIS2_PLACEMENT_3D('',#3728,#3052,#3053);
#2507=AXIS2_PLACEMENT_3D('',#3729,#3054,#3055);
#2508=AXIS2_PLACEMENT_3D('',#3738,#3060,#3061);
#2509=AXIS2_PLACEMENT_3D('',#3750,#3068,#3069);
#2510=AXIS2_PLACEMENT_3D('',#3760,#3075,#3076);
#2511=AXIS2_PLACEMENT_3D('',#3769,#3082,#3083);
#2512=AXIS2_PLACEMENT_3D('',#3770,#3084,#3085);
#2513=AXIS2_PLACEMENT_3D('',#3777,#3089,#3090);
#2514=AXIS2_PLACEMENT_3D('',#3781,#3093,#3094);
#2515=AXIS2_PLACEMENT_3D('',#3782,#3095,#3096);
#2516=AXIS2_PLACEMENT_3D('',#3786,#3098,#3099);
#2517=AXIS2_PLACEMENT_3D('',#3789,#3101,#3102);
#2518=AXIS2_PLACEMENT_3D('',#3792,#3104,#3105);
#2519=AXIS2_PLACEMENT_3D('',#3793,#3106,#3107);
#2520=AXIS2_PLACEMENT_3D('',#3794,#3108,#3109);
#2521=AXIS2_PLACEMENT_3D('',#3795,#3110,#3111);
#2522=AXIS2_PLACEMENT_3D('',#3796,#3112,#3113);
#2523=AXIS2_PLACEMENT_3D('',#3797,#3114,#3115);
#2524=AXIS2_PLACEMENT_3D('',#3798,#3116,#3117);
#2525=AXIS2_PLACEMENT_3D('',#3799,#3118,#3119);
#2526=AXIS2_PLACEMENT_3D('',#3800,#3120,#3121);
#2527=AXIS2_PLACEMENT_3D('',#3801,#3122,#3123);
#2528=AXIS2_PLACEMENT_3D('',#3803,#3125,#3126);
#2529=AXIS2_PLACEMENT_3D('',#3809,#3130,#3131);
#2530=AXIS2_PLACEMENT_3D('',#3813,#3134,#3135);
#2531=AXIS2_PLACEMENT_3D('',#3817,#3138,#3139);
#2532=AXIS2_PLACEMENT_3D('',#3819,#3141,#3142);
#2533=AXIS2_PLACEMENT_3D('',#3821,#3144,#3145);
#2534=DIRECTION('',(0.,0.,1.));
#2535=DIRECTION('',(1.,0.,0.));
#2536=DIRECTION('',(0.,-0.113632048618806,0.993522902366469));
#2537=DIRECTION('',(0.,-0.993522902366469,-0.113632048618806));
#2538=DIRECTION('',(0.,-0.993522902366469,-0.113632048618806));
#2539=DIRECTION('',(-1.,0.,0.));
#2540=DIRECTION('',(0.,-0.993522902366469,-0.113632048618806));
#2541=DIRECTION('',(-1.,0.,0.));
#2542=DIRECTION('',(-1.,0.,0.));
#2543=DIRECTION('',(0.,0.993522902366469,0.113632048618806));
#2544=DIRECTION('',(-1.,0.,0.));
#2545=DIRECTION('',(0.,0.993522902366469,0.113632048618806));
#2546=DIRECTION('',(0.,-0.993522902366469,-0.113632048618806));
#2547=DIRECTION('',(-1.,0.,0.));
#2548=DIRECTION('',(0.,-0.993522902366469,-0.113632048618806));
#2549=DIRECTION('',(-1.,0.,0.));
#2550=DIRECTION('',(0.,0.993522902366469,0.113632048618806));
#2551=DIRECTION('',(-1.,0.,0.));
#2552=DIRECTION('',(0.,0.993522902366469,0.113632048618806));
#2553=DIRECTION('',(-1.,0.,0.));
#2554=DIRECTION('',(-1.,0.,0.));
#2555=DIRECTION('',(0.,0.993522902366469,0.113632048618806));
#2556=DIRECTION('',(-1.,0.,0.));
#2557=DIRECTION('',(0.,0.993522902366469,0.113632048618806));
#2558=DIRECTION('',(0.,0.993522902366469,0.113632048618806));
#2559=DIRECTION('',(1.,0.,0.));
#2560=DIRECTION('',(0.,0.993522902366469,0.113632048618806));
#2561=DIRECTION('',(1.,0.,0.));
#2562=DIRECTION('',(0.,0.993522902366469,0.113632048618806));
#2563=DIRECTION('',(1.,0.,0.));
#2564=DIRECTION('',(0.,0.993522902366469,0.113632048618806));
#2565=DIRECTION('',(1.,0.,0.));
#2566=DIRECTION('',(0.,-0.993522902366469,-0.113632048618806));
#2567=DIRECTION('',(1.,0.,0.));
#2568=DIRECTION('',(0.,-0.993522902366469,-0.113632048618806));
#2569=DIRECTION('',(1.,0.,0.));
#2570=DIRECTION('',(0.,-0.993522902366469,-0.113632048618806));
#2571=DIRECTION('',(1.,0.,0.));
#2572=DIRECTION('',(0.,-0.993522902366469,-0.113632048618806));
#2573=DIRECTION('',(1.,0.,0.));
#2574=DIRECTION('',(0.,0.993522902366469,0.113632048618806));
#2575=DIRECTION('',(1.,0.,0.));
#2576=DIRECTION('',(0.,0.993522902366469,0.113632048618806));
#2577=DIRECTION('',(1.,0.,0.));
#2578=DIRECTION('',(1.,0.,0.));
#2579=DIRECTION('',(0.,-0.993522902366469,-0.113632048618806));
#2580=DIRECTION('',(1.,0.,0.));
#2581=DIRECTION('',(0.,-0.993522902366469,-0.113632048618806));
#2582=DIRECTION('',(0.,0.993522902366469,0.113632048618806));
#2583=DIRECTION('',(0.,-0.113632048618806,0.993522902366469));
#2584=DIRECTION('',(0.,-0.993522902366469,-0.113632048618806));
#2585=DIRECTION('',(-1.,0.,0.));
#2586=DIRECTION('',(0.,-0.113632048618806,0.993522902366469));
#2587=DIRECTION('',(0.,-0.993522902366469,-0.113632048618806));
#2588=DIRECTION('',(0.,-0.993522902366469,-0.113632048618806));
#2589=DIRECTION('',(0.,-0.113632048618806,0.993522902366469));
#2590=DIRECTION('',(0.,-0.993522902366469,-0.113632048618806));
#2591=DIRECTION('',(-1.,0.,0.));
#2592=DIRECTION('',(0.,-0.113632048618806,0.993522902366469));
#2593=DIRECTION('',(0.,-0.993522902366469,-0.113632048618806));
#2594=DIRECTION('',(0.,-0.993522902366469,-0.113632048618806));
#2595=DIRECTION('',(-1.,0.,0.));
#2596=DIRECTION('',(0.,-0.993522902366469,-0.113632048618806));
#2597=DIRECTION('',(-1.,0.,0.));
#2598=DIRECTION('',(-1.,0.,0.));
#2599=DIRECTION('',(0.,-0.993522902366469,-0.113632048618806));
#2600=DIRECTION('',(-1.,0.,0.));
#2601=DIRECTION('',(0.,-0.993522902366469,-0.113632048618806));
#2602=DIRECTION('',(0.,0.,1.));
#2603=DIRECTION('',(1.,0.,0.));
#2604=DIRECTION('',(1.,0.,0.));
#2605=DIRECTION('',(0.,1.,0.));
#2606=DIRECTION('',(1.,0.,0.));
#2607=DIRECTION('',(0.,1.,0.));
#2608=DIRECTION('',(0.,-1.,0.));
#2609=DIRECTION('',(1.,0.,0.));
#2610=DIRECTION('',(0.,-1.,0.));
#2611=DIRECTION('',(1.,0.,0.));
#2612=DIRECTION('',(1.,0.,0.));
#2613=DIRECTION('',(0.,-1.,0.));
#2614=DIRECTION('',(1.,0.,0.));
#2615=DIRECTION('',(0.,-1.,0.));
#2616=DIRECTION('',(-1.,0.,0.));
#2617=DIRECTION('',(0.,-1.,0.));
#2618=DIRECTION('',(-1.,0.,0.));
#2619=DIRECTION('',(0.,-1.,0.));
#2620=DIRECTION('',(-1.,0.,0.));
#2621=DIRECTION('',(0.,1.,0.));
#2622=DIRECTION('',(-1.,0.,0.));
#2623=DIRECTION('',(0.,1.,0.));
#2624=DIRECTION('',(-1.,0.,0.));
#2625=DIRECTION('',(0.,-1.,0.));
#2626=DIRECTION('',(-1.,0.,0.));
#2627=DIRECTION('',(0.,-1.,0.));
#2628=DIRECTION('',(0.,0.,1.));
#2629=DIRECTION('',(1.,0.,0.));
#2630=DIRECTION('',(-1.,-1.46081976924363E-16,0.));
#2631=DIRECTION('',(0.,0.,1.));
#2632=DIRECTION('',(1.,0.,0.));
#2633=DIRECTION('',(-1.,-1.46081976924362E-16,0.));
#2634=DIRECTION('',(0.,0.,1.));
#2635=DIRECTION('',(1.,0.,0.));
#2636=DIRECTION('',(0.,-1.,0.));
#2637=DIRECTION('',(0.,0.,1.));
#2638=DIRECTION('',(1.,0.,0.));
#2639=DIRECTION('',(1.,0.,0.));
#2640=DIRECTION('',(0.,0.,1.));
#2641=DIRECTION('',(1.,0.,0.));
#2642=DIRECTION('',(0.,-1.,0.));
#2643=DIRECTION('',(0.,0.,1.));
#2644=DIRECTION('',(1.,0.,0.));
#2645=DIRECTION('',(1.,0.,0.));
#2646=DIRECTION('',(0.,0.,1.));
#2647=DIRECTION('',(1.,0.,0.));
#2648=DIRECTION('',(-1.,1.46081976924362E-16,0.));
#2649=DIRECTION('',(0.,0.,1.));
#2650=DIRECTION('',(1.,0.,0.));
#2651=DIRECTION('',(-1.,1.46081976924363E-16,0.));
#2652=DIRECTION('',(0.,1.,0.));
#2653=DIRECTION('',(-1.,0.,0.));
#2654=DIRECTION('',(0.,1.,0.));
#2655=DIRECTION('',(-1.,0.,0.));
#2656=DIRECTION('',(-1.,0.,0.));
#2657=DIRECTION('',(0.,1.,0.));
#2658=DIRECTION('',(-1.,0.,0.));
#2659=DIRECTION('',(0.,1.,0.));
#2660=DIRECTION('',(-1.,0.,0.));
#2661=DIRECTION('',(0.,-1.,0.));
#2662=DIRECTION('',(-1.,0.,0.));
#2663=DIRECTION('',(0.,-1.,0.));
#2664=DIRECTION('',(0.,-1.,0.));
#2665=DIRECTION('',(1.,0.,0.));
#2666=DIRECTION('',(0.,-1.,0.));
#2667=DIRECTION('',(1.,0.,0.));
#2668=DIRECTION('',(1.,0.,0.));
#2669=DIRECTION('',(0.,1.,0.));
#2670=DIRECTION('',(1.,0.,0.));
#2671=DIRECTION('',(0.,1.,0.));
#2672=DIRECTION('',(1.,0.,0.));
#2673=DIRECTION('',(0.,1.,0.));
#2674=DIRECTION('',(1.,0.,0.));
#2675=DIRECTION('',(0.,1.,0.));
#2676=DIRECTION('',(0.,0.,-1.));
#2677=DIRECTION('',(-1.,0.,0.));
#2678=DIRECTION('',(0.,0.,-1.));
#2679=DIRECTION('',(-1.,0.,0.));
#2680=DIRECTION('',(0.,0.,-1.));
#2681=DIRECTION('',(0.,0.,1.));
#2682=DIRECTION('',(1.,0.,0.));
#2683=DIRECTION('',(0.,0.113632051321999,-0.993522902057298));
#2684=DIRECTION('',(0.,-0.993522902057298,-0.113632051321999));
#2685=DIRECTION('',(0.,0.,-1.));
#2686=DIRECTION('',(0.,-1.,0.));
#2687=DIRECTION('',(0.,0.,-1.));
#2688=DIRECTION('',(1.,0.,0.));
#2689=DIRECTION('',(0.,0.,-1.));
#2690=DIRECTION('',(-1.,0.,0.));
#2691=DIRECTION('',(0.,0.,-1.));
#2692=DIRECTION('',(-1.,0.,0.));
#2693=DIRECTION('',(0.,0.,-1.));
#2694=DIRECTION('',(-1.,0.,0.));
#2695=DIRECTION('',(0.,0.,-1.));
#2696=DIRECTION('',(0.,0.113632051321999,-0.993522902057298));
#2697=DIRECTION('',(0.,-0.993522902057298,-0.113632051321999));
#2698=DIRECTION('',(0.,0.,1.));
#2699=DIRECTION('',(1.,0.,0.));
#2700=DIRECTION('',(0.,0.,-1.));
#2701=DIRECTION('',(-1.,0.,0.));
#2702=DIRECTION('',(0.,0.,-1.));
#2703=DIRECTION('',(0.,0.,1.));
#2704=DIRECTION('',(1.,0.,0.));
#2705=DIRECTION('',(0.707106781186547,0.0803499940499232,-0.702526781308854));
#2706=DIRECTION('',(-0.698034639233758,-0.0793191079499434,-0.711657306253384));
#2707=DIRECTION('',(0.,0.,-1.));
#2708=DIRECTION('',(0.,1.,0.));
#2709=DIRECTION('',(0.,0.,1.));
#2710=DIRECTION('',(0.,0.,-1.));
#2711=DIRECTION('',(-1.,0.,0.));
#2712=DIRECTION('',(0.,0.,-1.));
#2713=DIRECTION('',(-1.,0.,0.));
#2714=DIRECTION('',(0.,0.,-1.));
#2715=DIRECTION('',(0.707106781186546,-0.0803499940499234,0.702526781308855));
#2716=DIRECTION('',(0.69803463923376,-0.079319107949944,-0.711657306253382));
#2717=DIRECTION('',(0.,0.,1.));
#2718=DIRECTION('',(1.,0.,0.));
#2719=DIRECTION('',(0.,0.,1.));
#2720=DIRECTION('',(1.,0.,0.));
#2721=DIRECTION('',(1.,0.,0.));
#2722=DIRECTION('',(0.,0.,1.));
#2723=DIRECTION('',(1.,0.,0.));
#2724=DIRECTION('',(-1.,0.,0.));
#2725=DIRECTION('',(0.,0.,1.));
#2726=DIRECTION('',(1.,0.,0.));
#2727=DIRECTION('',(1.,0.,0.));
#2728=DIRECTION('',(0.,0.,1.));
#2729=DIRECTION('',(1.,0.,0.));
#2730=DIRECTION('',(1.,0.,0.));
#2731=DIRECTION('',(0.,0.,1.));
#2732=DIRECTION('',(1.,0.,0.));
#2733=DIRECTION('',(1.,0.,0.));
#2734=DIRECTION('',(0.,0.,-1.));
#2735=DIRECTION('',(0.,0.,-1.));
#2736=DIRECTION('',(0.,-0.993522902057298,-0.113632051321999));
#2737=DIRECTION('',(0.,0.,-1.));
#2738=DIRECTION('',(-1.,0.,0.));
#2739=DIRECTION('',(0.,0.,1.));
#2740=DIRECTION('',(1.,0.,0.));
#2741=DIRECTION('',(0.707106781186546,-0.0803499940499234,0.702526781308855));
#2742=DIRECTION('',(0.69803463923376,-0.079319107949944,-0.711657306253382));
#2743=DIRECTION('',(0.,0.,-1.));
#2744=DIRECTION('',(0.,1.,0.));
#2745=DIRECTION('',(0.,0.,1.));
#2746=DIRECTION('',(1.16846610349541E-15,0.,-1.));
#2747=DIRECTION('',(1.,0.,0.));
#2748=DIRECTION('',(0.,0.,-1.));
#2749=DIRECTION('',(1.,0.,0.));
#2750=DIRECTION('',(0.,0.,-1.));
#2751=DIRECTION('',(1.,0.,0.));
#2752=DIRECTION('',(0.,0.,-1.));
#2753=DIRECTION('',(-1.,0.,0.));
#2754=DIRECTION('',(0.707106781186547,0.0803499940499232,-0.702526781308854));
#2755=DIRECTION('',(-0.698034639233758,-0.0793191079499434,-0.711657306253384));
#2756=DIRECTION('',(0.,0.,1.));
#2757=DIRECTION('',(1.,0.,0.));
#2758=DIRECTION('',(0.,0.,-1.));
#2759=DIRECTION('',(0.,0.,-1.));
#2760=DIRECTION('',(-1.,0.,0.));
#2761=DIRECTION('',(0.,0.,1.));
#2762=DIRECTION('',(1.,0.,0.));
#2763=DIRECTION('',(0.,0.,-1.));
#2764=DIRECTION('',(0.,0.113632051321999,-0.993522902057298));
#2765=DIRECTION('',(0.,-0.993522902057298,-0.113632051321999));
#2766=DIRECTION('',(0.,0.,-1.));
#2767=DIRECTION('',(1.,0.,0.));
#2768=DIRECTION('',(0.,0.,-1.));
#2769=DIRECTION('',(0.,0.993522902057298,0.113632051321999));
#2770=DIRECTION('',(-1.,0.,0.));
#2771=DIRECTION('',(0.,0.,1.));
#2772=DIRECTION('',(0.,0.,-1.));
#2773=DIRECTION('',(0.,-0.993522902057298,-0.113632051321999));
#2774=DIRECTION('',(0.,0.,-1.));
#2775=DIRECTION('',(-1.,0.,0.));
#2776=DIRECTION('',(0.,0.,1.));
#2777=DIRECTION('',(1.,0.,0.));
#2778=DIRECTION('',(0.,0.,-1.));
#2779=DIRECTION('',(0.,0.113632051321999,-0.993522902057298));
#2780=DIRECTION('',(0.,-0.993522902057298,-0.113632051321999));
#2781=DIRECTION('',(0.,1.,0.));
#2782=DIRECTION('',(0.,0.,1.));
#2783=DIRECTION('',(0.,0.,1.));
#2784=DIRECTION('',(1.,0.,0.));
#2785=DIRECTION('',(0.,0.,-1.));
#2786=DIRECTION('',(-1.,0.,0.));
#2787=DIRECTION('',(1.,0.,0.));
#2788=DIRECTION('',(1.,0.,0.));
#2789=DIRECTION('',(0.,0.,-1.));
#2790=DIRECTION('',(0.,0.993522902057298,0.113632051321999));
#2791=DIRECTION('',(0.,0.,1.));
#2792=DIRECTION('',(1.,0.,0.));
#2793=DIRECTION('',(1.,0.,0.));
#2794=DIRECTION('',(0.,0.,1.));
#2795=DIRECTION('',(1.,0.,0.));
#2796=DIRECTION('',(1.,0.,0.));
#2797=DIRECTION('',(1.,0.,0.));
#2798=DIRECTION('',(0.,0.,1.));
#2799=DIRECTION('',(1.,0.,0.));
#2800=DIRECTION('',(0.,0.113632051321999,-0.993522902057298));
#2801=DIRECTION('',(0.,0.993522902057298,0.113632051321999));
#2802=DIRECTION('',(0.,0.993522902057298,0.113632051321999));
#2803=DIRECTION('',(0.,0.113632051321999,-0.993522902057298));
#2804=DIRECTION('',(0.,0.993522902057298,0.113632051321999));
#2805=DIRECTION('',(0.,-0.993522902057298,-0.113632051321999));
#2806=DIRECTION('',(0.,0.,-1.));
#2807=DIRECTION('',(-1.,0.,0.));
#2808=DIRECTION('',(0.,-0.707106781186548,0.707106781186547));
#2809=DIRECTION('',(0.707106781186547,0.0803499940499232,-0.702526781308854));
#2810=DIRECTION('',(0.,0.993522902057298,0.113632051321999));
#2811=DIRECTION('',(0.,-0.707106781186547,-0.707106781186548));
#2812=DIRECTION('',(1.,0.,0.));
#2813=DIRECTION('',(0.,-0.707106781186548,0.707106781186547));
#2814=DIRECTION('',(0.,0.,-1.));
#2815=DIRECTION('',(-1.,0.,0.));
#2816=DIRECTION('',(0.,-0.707106781186548,-0.707106781186547));
#2817=DIRECTION('',(0.,0.,-1.));
#2818=DIRECTION('',(-1.,0.,0.));
#2819=DIRECTION('',(0.,-0.707106781186547,0.707106781186548));
#2820=DIRECTION('',(-1.,0.,0.));
#2821=DIRECTION('',(0.,-0.707106781186548,-0.707106781186547));
#2822=DIRECTION('',(0.707106781186546,-0.0803499940499234,0.702526781308855));
#2823=DIRECTION('',(0.,-0.993522902057298,-0.113632051321999));
#2824=DIRECTION('',(0.,0.,-1.));
#2825=DIRECTION('',(-1.,0.,0.));
#2826=DIRECTION('',(0.,0.,-1.));
#2827=DIRECTION('',(-1.,0.,0.));
#2828=DIRECTION('',(0.,0.,1.));
#2829=DIRECTION('',(1.,0.,0.));
#2830=DIRECTION('',(0.,0.,-1.));
#2831=DIRECTION('',(1.,0.,0.));
#2832=DIRECTION('',(0.,0.,-1.));
#2833=DIRECTION('',(-1.,0.,0.));
#2834=DIRECTION('',(-1.,-1.46081976924362E-16,0.));
#2835=DIRECTION('',(0.,0.,-1.));
#2836=DIRECTION('',(-1.,0.,0.));
#2837=DIRECTION('',(1.,1.46081976924363E-16,0.));
#2838=DIRECTION('',(0.,0.,-1.));
#2839=DIRECTION('',(1.,0.,0.));
#2840=DIRECTION('',(0.,0.,-1.));
#2841=DIRECTION('',(-1.,0.,0.));
#2842=DIRECTION('',(-1.,1.46081976924363E-16,0.));
#2843=DIRECTION('',(0.,0.,-1.));
#2844=DIRECTION('',(-1.,0.,0.));
#2845=DIRECTION('',(1.,-1.46081976924362E-16,0.));
#2846=DIRECTION('',(1.03295556492354E-16,-0.707106781186547,0.707106781186548));
#2847=DIRECTION('',(-1.,-1.46081976924363E-16,0.));
#2848=DIRECTION('',(0.,-0.707106781186548,-0.707106781186547));
#2849=DIRECTION('',(0.,0.707106781186548,0.707106781186547));
#2850=DIRECTION('',(0.,0.,1.));
#2851=DIRECTION('',(1.,0.,0.));
#2852=DIRECTION('',(0.,-0.707106781186548,0.707106781186547));
#2853=DIRECTION('',(0.,0.,1.));
#2854=DIRECTION('',(1.,0.,0.));
#2855=DIRECTION('',(0.,0.707106781186548,-0.707106781186547));
#2856=DIRECTION('',(1.03295556492353E-16,-0.707106781186549,-0.707106781186547));
#2857=DIRECTION('',(1.,1.46081976924362E-16,0.));
#2858=DIRECTION('',(-1.03295556492353E-16,-0.707106781186549,0.707106781186547));
#2859=DIRECTION('',(-1.,1.46081976924362E-16,0.));
#2860=DIRECTION('',(0.,-0.707106781186546,-0.70710678118655));
#2861=DIRECTION('',(0.,0.707106781186548,0.707106781186547));
#2862=DIRECTION('',(0.,0.,1.));
#2863=DIRECTION('',(1.,0.,0.));
#2864=DIRECTION('',(0.,-0.707106781186548,0.707106781186547));
#2865=DIRECTION('',(0.,0.,1.));
#2866=DIRECTION('',(1.,0.,0.));
#2867=DIRECTION('',(0.,0.707106781186548,-0.707106781186547));
#2868=DIRECTION('',(-1.03295556492354E-16,-0.707106781186547,-0.707106781186548));
#2869=DIRECTION('',(1.,-1.46081976924363E-16,0.));
#2870=DIRECTION('',(-1.,0.,0.));
#2871=DIRECTION('',(0.,0.,1.));
#2872=DIRECTION('',(0.,0.,-1.));
#2873=DIRECTION('',(0.,0.,-1.));
#2874=DIRECTION('',(0.,-1.,0.));
#2875=DIRECTION('',(0.,0.,-1.));
#2876=DIRECTION('',(0.,0.,-1.));
#2877=DIRECTION('',(-1.,0.,0.));
#2878=DIRECTION('',(0.,0.,1.));
#2879=DIRECTION('',(0.,0.,-1.));
#2880=DIRECTION('',(0.,-1.,0.));
#2881=DIRECTION('',(0.,0.,-1.));
#2882=DIRECTION('',(0.,-1.,0.));
#2883=DIRECTION('',(0.,0.,-1.));
#2884=DIRECTION('',(0.,0.,-1.));
#2885=DIRECTION('',(0.,0.,-1.));
#2886=DIRECTION('',(1.,0.,0.));
#2887=DIRECTION('',(0.,0.,-1.));
#2888=DIRECTION('',(0.,0.,-1.));
#2889=DIRECTION('',(0.,-1.,0.));
#2890=DIRECTION('',(0.,0.,-1.));
#2891=DIRECTION('',(0.,0.,-1.));
#2892=DIRECTION('',(1.,0.,0.));
#2893=DIRECTION('',(0.,0.,-1.));
#2894=DIRECTION('',(0.,-1.,0.));
#2895=DIRECTION('',(0.,0.,-1.));
#2896=DIRECTION('',(0.,0.,-1.));
#2897=DIRECTION('',(0.,0.,-1.));
#2898=DIRECTION('',(-1.,0.,0.));
#2899=DIRECTION('',(0.,0.,1.));
#2900=DIRECTION('',(0.,0.,-1.));
#2901=DIRECTION('',(0.,-1.,0.));
#2902=DIRECTION('',(0.,0.,-1.));
#2903=DIRECTION('',(0.,0.,-1.));
#2904=DIRECTION('',(-1.,0.,0.));
#2905=DIRECTION('',(0.,0.,1.));
#2906=DIRECTION('',(0.,-1.,0.));
#2907=DIRECTION('',(0.,0.,-1.));
#2908=DIRECTION('',(0.,0.,-1.));
#2909=DIRECTION('',(0.,0.,-1.));
#2910=DIRECTION('',(-1.,0.,0.));
#2911=DIRECTION('',(0.,0.,1.));
#2912=DIRECTION('',(0.,0.,-1.));
#2913=DIRECTION('',(0.,-1.,0.));
#2914=DIRECTION('',(0.,0.,-1.));
#2915=DIRECTION('',(0.,0.,-1.));
#2916=DIRECTION('',(-1.,0.,0.));
#2917=DIRECTION('',(0.,0.,1.));
#2918=DIRECTION('',(0.,-1.,0.));
#2919=DIRECTION('',(0.,0.,-1.));
#2920=DIRECTION('',(0.,0.,-1.));
#2921=DIRECTION('',(0.,0.,-1.));
#2922=DIRECTION('',(1.,0.,0.));
#2923=DIRECTION('',(0.,0.,-1.));
#2924=DIRECTION('',(0.,0.,-1.));
#2925=DIRECTION('',(0.,-1.,0.));
#2926=DIRECTION('',(0.,0.,-1.));
#2927=DIRECTION('',(0.,0.,-1.));
#2928=DIRECTION('',(1.,0.,0.));
#2929=DIRECTION('',(0.,0.,-1.));
#2930=DIRECTION('',(0.,-1.,0.));
#2931=DIRECTION('',(0.,0.,-1.));
#2932=DIRECTION('',(0.,0.,-1.));
#2933=DIRECTION('',(0.,0.,-1.));
#2934=DIRECTION('',(1.,0.,0.));
#2935=DIRECTION('',(0.,0.,-1.));
#2936=DIRECTION('',(0.,0.,-1.));
#2937=DIRECTION('',(0.,-1.,0.));
#2938=DIRECTION('',(0.,0.,-1.));
#2939=DIRECTION('',(0.,0.,-1.));
#2940=DIRECTION('',(1.,0.,0.));
#2941=DIRECTION('',(0.,0.,-1.));
#2942=DIRECTION('',(1.,0.,0.));
#2943=DIRECTION('',(0.,0.,-1.));
#2944=DIRECTION('',(0.,0.,-1.));
#2945=DIRECTION('',(0.,0.,-1.));
#2946=DIRECTION('',(0.,1.,0.));
#2947=DIRECTION('',(0.,0.,1.));
#2948=DIRECTION('',(0.,0.,-1.));
#2949=DIRECTION('',(1.,0.,0.));
#2950=DIRECTION('',(0.,0.,-1.));
#2951=DIRECTION('',(0.,0.,-1.));
#2952=DIRECTION('',(0.,1.,0.));
#2953=DIRECTION('',(0.,0.,1.));
#2954=DIRECTION('',(0.,1.,0.));
#2955=DIRECTION('',(0.,0.,1.));
#2956=DIRECTION('',(0.,0.,-1.));
#2957=DIRECTION('',(0.,0.,-1.));
#2958=DIRECTION('',(1.,0.,0.));
#2959=DIRECTION('',(0.,0.,-1.));
#2960=DIRECTION('',(0.,0.,-1.));
#2961=DIRECTION('',(0.,1.,0.));
#2962=DIRECTION('',(0.,0.,1.));
#2963=DIRECTION('',(0.,0.,-1.));
#2964=DIRECTION('',(1.,0.,0.));
#2965=DIRECTION('',(0.,0.,-1.));
#2966=DIRECTION('',(0.,1.,0.));
#2967=DIRECTION('',(0.,0.,1.));
#2968=DIRECTION('',(0.,0.,-1.));
#2969=DIRECTION('',(0.,0.,-1.));
#2970=DIRECTION('',(-1.,0.,0.));
#2971=DIRECTION('',(0.,0.,1.));
#2972=DIRECTION('',(0.,0.,-1.));
#2973=DIRECTION('',(0.,1.,0.));
#2974=DIRECTION('',(0.,0.,1.));
#2975=DIRECTION('',(0.,0.,-1.));
#2976=DIRECTION('',(-1.,0.,0.));
#2977=DIRECTION('',(0.,0.,1.));
#2978=DIRECTION('',(1.,0.,0.));
#2979=DIRECTION('',(0.,0.,-1.));
#2980=DIRECTION('',(0.,0.,-1.));
#2981=DIRECTION('',(0.,0.,-1.));
#2982=DIRECTION('',(0.,1.,0.));
#2983=DIRECTION('',(0.,0.,1.));
#2984=DIRECTION('',(0.,0.,-1.));
#2985=DIRECTION('',(1.,0.,0.));
#2986=DIRECTION('',(0.,0.,-1.));
#2987=DIRECTION('',(0.,0.,-1.));
#2988=DIRECTION('',(0.,1.,0.));
#2989=DIRECTION('',(0.,0.,1.));
#2990=DIRECTION('',(0.,1.,0.));
#2991=DIRECTION('',(0.,0.,1.));
#2992=DIRECTION('',(0.,0.,-1.));
#2993=DIRECTION('',(0.,0.,-1.));
#2994=DIRECTION('',(-1.,0.,0.));
#2995=DIRECTION('',(0.,0.,1.));
#2996=DIRECTION('',(0.,0.,-1.));
#2997=DIRECTION('',(0.,1.,0.));
#2998=DIRECTION('',(0.,0.,1.));
#2999=DIRECTION('',(0.,0.,-1.));
#3000=DIRECTION('',(-1.,0.,0.));
#3001=DIRECTION('',(0.,0.,1.));
#3002=DIRECTION('',(-1.,0.,0.));
#3003=DIRECTION('',(0.,0.,1.));
#3004=DIRECTION('',(0.,0.,-1.));
#3005=DIRECTION('',(0.,0.,-1.));
#3006=DIRECTION('',(0.,1.,0.));
#3007=DIRECTION('',(0.,0.,1.));
#3008=DIRECTION('',(0.,0.,-1.));
#3009=DIRECTION('',(-1.,0.,0.));
#3010=DIRECTION('',(0.,0.,1.));
#3011=DIRECTION('',(0.,0.,-1.));
#3012=DIRECTION('',(0.,1.,0.));
#3013=DIRECTION('',(0.,0.,1.));
#3014=DIRECTION('',(1.2926156269918E-16,0.993522902366469,0.113632048618806));
#3015=DIRECTION('',(0.,-0.113632048618806,0.993522902366469));
#3016=DIRECTION('',(-1.,1.28424322937314E-16,1.46882561771761E-17));
#3017=DIRECTION('',(0.,-0.113632048618806,0.993522902366469));
#3018=DIRECTION('',(-1.,1.28424322937314E-16,1.46882561771761E-17));
#3019=DIRECTION('',(0.,-0.113632048618806,0.993522902366469));
#3020=DIRECTION('',(-1.,1.72348750265573E-16,1.97120182362381E-17));
#3021=DIRECTION('',(-1.72348750265573E-16,-1.,0.));
#3022=DIRECTION('',(-1.7347234759768E-16,-0.99352290236647,-0.113632048618806));
#3023=DIRECTION('',(0.,-0.113632048618806,0.993522902366469));
#3024=DIRECTION('',(-1.7347234759768E-16,-0.99352290236647,-0.113632048618806));
#3025=DIRECTION('',(8.61743751327864E-17,0.993522902366469,0.113632048618806));
#3026=DIRECTION('',(0.,-0.113632048618806,0.993522902366469));
#3027=DIRECTION('',(-1.,8.56162152915429E-17,9.79217078478405E-18));
#3028=DIRECTION('',(0.,-0.113632048618806,0.993522902366469));
#3029=DIRECTION('',(-1.,8.56162152915429E-17,9.79217078478405E-18));
#3030=DIRECTION('',(-1.,0.,0.));
#3031=DIRECTION('',(0.,0.,1.));
#3032=DIRECTION('',(0.,-0.113632048618806,0.993522902366469));
#3033=DIRECTION('',(0.,-0.993522902366469,-0.113632048618806));
#3034=DIRECTION('',(0.,-0.113632048618806,0.993522902366469));
#3035=DIRECTION('',(0.,0.993522902366469,0.113632048618806));
#3036=DIRECTION('',(0.,-0.113632048618806,0.993522902366469));
#3037=DIRECTION('',(0.,-0.113632048618806,0.993522902366469));
#3038=DIRECTION('',(-1.,0.,0.));
#3039=DIRECTION('',(-1.,0.,0.));
#3040=DIRECTION('',(0.,0.,1.));
#3041=DIRECTION('',(0.,-0.113632048618806,0.993522902366469));
#3042=DIRECTION('',(0.,-0.993522902366469,-0.113632048618806));
#3043=DIRECTION('',(0.,0.993522902366469,0.113632048618806));
#3044=DIRECTION('',(0.,-0.113632048618806,0.993522902366469));
#3045=DIRECTION('',(-1.,0.,0.));
#3046=DIRECTION('',(-1.,1.72348750265572E-16,1.97120182362381E-17));
#3047=DIRECTION('',(-1.72348750265573E-16,-1.,0.));
#3048=DIRECTION('',(-1.7347234759768E-16,-0.99352290236647,-0.113632048618806));
#3049=DIRECTION('',(-1.7347234759768E-16,-0.99352290236647,-0.113632048618806));
#3050=DIRECTION('',(0.,-0.113632048618806,0.993522902366469));
#3051=DIRECTION('',(1.,0.,0.));
#3052=DIRECTION('',(0.,-0.113632048618806,0.993522902366469));
#3053=DIRECTION('',(0.,-0.993522902366469,-0.113632048618806));
#3054=DIRECTION('',(0.,0.113632048618806,-0.993522902366469));
#3055=DIRECTION('',(0.,0.993522902366469,0.113632048618806));
#3056=DIRECTION('',(0.,-0.993522902366469,-0.113632048618806));
#3057=DIRECTION('',(-1.,0.,0.));
#3058=DIRECTION('',(0.,-0.993522902366469,-0.113632048618806));
#3059=DIRECTION('',(-1.,0.,0.));
#3060=DIRECTION('',(-1.,1.33640801601614E-16,-1.16846610349541E-15));
#3061=DIRECTION('',(-1.16846610349541E-15,0.,1.));
#3062=DIRECTION('',(8.77594914799286E-16,0.74620106158421,-0.66572064388195));
#3063=DIRECTION('',(-1.16846610349541E-15,0.,1.));
#3064=DIRECTION('',(0.,-0.993522902366469,-0.113632048618806));
#3065=DIRECTION('',(0.,1.,0.));
#3066=DIRECTION('',(-1.16846610349541E-15,0.,1.));
#3067=DIRECTION('',(0.,1.,0.));
#3068=DIRECTION('',(0.,0.113632048618806,-0.993522902366469));
#3069=DIRECTION('',(0.,0.993522902366469,0.113632048618806));
#3070=DIRECTION('',(-0.704805620867365,0.704805620867363,0.0806106294947461));
#3071=DIRECTION('',(1.,0.,0.));
#3072=DIRECTION('',(0.704805620867364,0.704805620867364,0.0806106294947462));
#3073=DIRECTION('',(0.,-0.993522902366469,-0.113632048618806));
#3074=DIRECTION('',(-1.,0.,0.));
#3075=DIRECTION('',(-1.,0.,0.));
#3076=DIRECTION('',(0.,0.,1.));
#3077=DIRECTION('',(0.,0.,-1.));
#3078=DIRECTION('',(0.,-0.74620106158421,0.66572064388195));
#3079=DIRECTION('',(0.,1.,0.));
#3080=DIRECTION('',(0.,0.,1.));
#3081=DIRECTION('',(0.,1.,0.));
#3082=DIRECTION('',(0.707106781186547,0.707106781186549,8.26230305368224E-16));
#3083=DIRECTION('',(1.16846610349541E-15,0.,-1.));
#3084=DIRECTION('',(0.707106781186547,0.707106781186549,8.26230305368224E-16));
#3085=DIRECTION('',(0.707106781186549,-0.707106781186547,-8.26230305368222E-16));
#3086=DIRECTION('',(1.16846610349541E-15,6.97261119368417E-32,-1.));
#3087=DIRECTION('',(-0.554154897166964,0.554154897166961,0.621147888905489));
#3088=DIRECTION('',(0.598049616167056,-0.598049616167055,0.533547854653052));
#3089=DIRECTION('',(0.,0.66572064388195,0.74620106158421));
#3090=DIRECTION('',(1.,0.,0.));
#3091=DIRECTION('',(-0.598049616167056,-0.598049616167056,0.533547854653053));
#3092=DIRECTION('',(1.,0.,0.));
#3093=DIRECTION('',(0.,-0.746201061584211,0.665720643881949));
#3094=DIRECTION('',(-1.,0.,0.));
#3095=DIRECTION('',(0.,-0.746201061584211,0.665720643881949));
#3096=DIRECTION('',(1.56588641272462E-15,-0.665720643881949,-0.746201061584211));
#3097=DIRECTION('',(-1.,0.,0.));
#3098=DIRECTION('',(0.,-0.746201061584211,0.665720643881949));
#3099=DIRECTION('',(0.,-0.665720643881949,-0.746201061584211));
#3100=DIRECTION('',(-0.554154897166962,-0.554154897166962,-0.62114788890549));
#3101=DIRECTION('',(0.707106781186548,-0.707106781186548,0.));
#3102=DIRECTION('',(0.,0.,1.));
#3103=DIRECTION('',(0.,0.,1.));
#3104=DIRECTION('',(0.707106781186548,-0.707106781186548,0.));
#3105=DIRECTION('',(0.707106781186548,0.707106781186548,0.));
#3106=DIRECTION('',(1.,0.,0.));
#3107=DIRECTION('',(0.,0.,-1.));
#3108=DIRECTION('',(0.707106781186547,0.,0.707106781186548));
#3109=DIRECTION('',(0.707106781186548,0.,-0.707106781186547));
#3110=DIRECTION('',(0.707106781186548,0.,-0.707106781186548));
#3111=DIRECTION('',(-0.707106781186548,0.,-0.707106781186548));
#3112=DIRECTION('',(1.16846610349541E-15,0.,-1.));
#3113=DIRECTION('',(-1.,0.,-1.16846610349541E-15));
#3114=DIRECTION('',(0.707106781186548,0.,-0.707106781186547));
#3115=DIRECTION('',(0.707106781186547,0.,0.707106781186548));
#3116=DIRECTION('',(0.,0.,-1.));
#3117=DIRECTION('',(-1.,0.,0.));
#3118=DIRECTION('',(0.707106781186548,0.,0.707106781186548));
#3119=DIRECTION('',(0.707106781186548,0.,-0.707106781186548));
#3120=DIRECTION('',(1.,0.,0.));
#3121=DIRECTION('',(0.,0.,-1.));
#3122=DIRECTION('',(0.,0.,-1.));
#3123=DIRECTION('',(-1.,0.,0.));
#3124=DIRECTION('',(-1.,0.,0.));
#3125=DIRECTION('',(0.,0.,1.));
#3126=DIRECTION('',(1.,0.,0.));
#3127=DIRECTION('',(0.,1.,0.));
#3128=DIRECTION('',(1.,0.,0.));
#3129=DIRECTION('',(0.,1.,0.));
#3130=DIRECTION('',(-1.,0.,0.));
#3131=DIRECTION('',(0.,0.,1.));
#3132=DIRECTION('',(0.,1.,0.));
#3133=DIRECTION('',(0.,0.,1.));
#3134=DIRECTION('',(0.,0.,-1.));
#3135=DIRECTION('',(-1.,0.,0.));
#3136=DIRECTION('',(0.,1.,0.));
#3137=DIRECTION('',(-1.,0.,0.));
#3138=DIRECTION('',(1.,0.,0.));
#3139=DIRECTION('',(0.,0.,-1.));
#3140=DIRECTION('',(0.,0.,-1.));
#3141=DIRECTION('',(0.,0.,-1.));
#3142=DIRECTION('',(-1.,0.,0.));
#3143=DIRECTION('',(-1.,0.,0.));
#3144=DIRECTION('',(0.,-1.,0.));
#3145=DIRECTION('',(1.,0.,0.));
#3146=CARTESIAN_POINT('',(0.,0.,0.));
#3147=CARTESIAN_POINT('',(0.0509937500000045,0.030846648985265,0.00797282378336699));
#3148=CARTESIAN_POINT('',(0.0244999999999955,0.030846648985265,0.00797282378336699));
#3149=CARTESIAN_POINT('',(0.0244999999999955,0.0315875000000045,0.00805755702738749));
#3150=CARTESIAN_POINT('',(0.0244999999999955,0.0310875000000045,0.00800037060101113));
#3151=CARTESIAN_POINT('',(0.0509937500000045,0.0310875000000045,0.00800037060101113));
#3152=CARTESIAN_POINT('',(0.0214999999999955,0.0310875000000045,0.00800037060101113));
#3153=CARTESIAN_POINT('',(0.0214999999999955,0.030846648985265,0.00797282378336699));
#3154=CARTESIAN_POINT('',(0.0214999999999955,0.0315875000000045,0.00805755702738749));
#3155=CARTESIAN_POINT('',(0.0509937500000045,0.0315875000000045,0.00805755702738749));
#3156=CARTESIAN_POINT('',(0.0509937500000045,0.0310875000000045,0.00800037060101113));
#3157=CARTESIAN_POINT('',(0.0359999999999955,0.0310875000000045,0.00800037060101114));
#3158=CARTESIAN_POINT('',(0.0329999999999955,0.0310875000000045,0.00800037060101113));
#3159=CARTESIAN_POINT('',(0.0329999999999955,0.030846648985265,0.00797282378336699));
#3160=CARTESIAN_POINT('',(0.0329999999999955,0.0315875000000045,0.00805755702738749));
#3161=CARTESIAN_POINT('',(0.0509937500000045,0.0315875000000045,0.00805755702738749));
#3162=CARTESIAN_POINT('',(0.0359999999999955,0.0315875000000045,0.00805755702738749));
#3163=CARTESIAN_POINT('',(0.0359999999999955,0.030846648985265,0.00797282378336699));
#3164=CARTESIAN_POINT('',(0.0359999999999955,0.030846648985265,0.00797282378336699));
#3165=CARTESIAN_POINT('',(0.0359999999999955,-0.0310875000000045,0.000889238481110289));
#3166=CARTESIAN_POINT('',(0.0359999999999955,-0.0315875000000045,0.000832052054733932));
#3167=CARTESIAN_POINT('',(0.0509937500000045,-0.0315875000000045,0.000832052054733932));
#3168=CARTESIAN_POINT('',(0.0329999999999955,-0.0315875000000045,0.000832052054733936));
#3169=CARTESIAN_POINT('',(0.0329999999999955,0.030846648985265,0.00797282378336699));
#3170=CARTESIAN_POINT('',(0.0329999999999955,-0.0310875000000045,0.000889238481110291));
#3171=CARTESIAN_POINT('',(0.0509937500000045,-0.0310875000000045,0.000889238481110288));
#3172=CARTESIAN_POINT('',(0.0244999999999955,0.030846648985265,0.00797282378336699));
#3173=CARTESIAN_POINT('',(0.0244999999999955,-0.0315875000000045,0.000832052054733932));
#3174=CARTESIAN_POINT('',(0.0244999999999955,-0.0310875000000045,0.000889238481110289));
#3175=CARTESIAN_POINT('',(0.0509937500000045,-0.0315875000000045,0.000832052054733932));
#3176=CARTESIAN_POINT('',(0.0214999999999955,-0.0315875000000045,0.000832052054733936));
#3177=CARTESIAN_POINT('',(0.0214999999999955,0.030846648985265,0.00797282378336699));
#3178=CARTESIAN_POINT('',(0.0214999999999955,-0.0310875000000045,0.000889238481110291));
#3179=CARTESIAN_POINT('',(0.0509937500000045,-0.0310875000000045,0.000889238481110288));
#3180=CARTESIAN_POINT('',(0.0509937500000045,-0.0315875000000045,0.000832052054733932));
#3181=CARTESIAN_POINT('',(0.0129999999999955,-0.0315875000000045,0.000832052054733933));
#3182=CARTESIAN_POINT('',(0.00999999999999551,-0.0315875000000045,0.000832052054733932));
#3183=CARTESIAN_POINT('',(0.00999999999999551,0.030846648985265,0.00797282378336699));
#3184=CARTESIAN_POINT('',(0.00999999999999551,-0.0310875000000045,0.000889238481110291));
#3185=CARTESIAN_POINT('',(0.0509937500000045,-0.0310875000000045,0.000889238481110288));
#3186=CARTESIAN_POINT('',(0.0129999999999955,-0.0310875000000045,0.000889238481110289));
#3187=CARTESIAN_POINT('',(0.0129999999999955,0.030846648985265,0.00797282378336699));
#3188=CARTESIAN_POINT('',(-0.0129999999999955,0.030846648985265,0.00797282378336699));
#3189=CARTESIAN_POINT('',(-0.0129999999999955,-0.0315875000000045,0.000832052054733936));
#3190=CARTESIAN_POINT('',(-0.0129999999999955,-0.0310875000000045,0.000889238481110288));
#3191=CARTESIAN_POINT('',(0.0509937500000045,-0.0310875000000045,0.000889238481110288));
#3192=CARTESIAN_POINT('',(-0.00999999999999551,-0.0310875000000045,0.000889238481110289));
#3193=CARTESIAN_POINT('',(-0.00999999999999551,0.030846648985265,0.00797282378336699));
#3194=CARTESIAN_POINT('',(-0.00999999999999551,-0.0315875000000045,0.000832052054733933));
#3195=CARTESIAN_POINT('',(0.0509937500000045,-0.0315875000000045,0.000832052054733932));
#3196=CARTESIAN_POINT('',(-0.0244999999999955,0.030846648985265,0.00797282378336699));
#3197=CARTESIAN_POINT('',(-0.0244999999999955,-0.0315875000000045,0.000832052054733936));
#3198=CARTESIAN_POINT('',(-0.0244999999999955,-0.0310875000000045,0.000889238481110288));
#3199=CARTESIAN_POINT('',(0.0509937500000045,-0.0310875000000045,0.000889238481110288));
#3200=CARTESIAN_POINT('',(-0.0214999999999955,-0.0310875000000045,0.000889238481110289));
#3201=CARTESIAN_POINT('',(-0.0214999999999955,0.030846648985265,0.00797282378336699));
#3202=CARTESIAN_POINT('',(-0.0214999999999955,-0.0315875000000045,0.000832052054733933));
#3203=CARTESIAN_POINT('',(0.0509937500000045,-0.0315875000000045,0.000832052054733932));
#3204=CARTESIAN_POINT('',(-0.0129999999999955,0.030846648985265,0.00797282378336699));
#3205=CARTESIAN_POINT('',(-0.0129999999999955,0.0315875000000045,0.00805755702738749));
#3206=CARTESIAN_POINT('',(-0.0129999999999955,0.0310875000000045,0.00800037060101113));
#3207=CARTESIAN_POINT('',(0.0509937500000045,0.0315875000000045,0.00805755702738749));
#3208=CARTESIAN_POINT('',(-0.00999999999999551,0.0315875000000045,0.00805755702738749));
#3209=CARTESIAN_POINT('',(-0.00999999999999551,0.030846648985265,0.00797282378336699));
#3210=CARTESIAN_POINT('',(-0.00999999999999551,0.0310875000000045,0.00800037060101114));
#3211=CARTESIAN_POINT('',(0.0509937500000045,0.0310875000000045,0.00800037060101113));
#3212=CARTESIAN_POINT('',(-0.0244999999999955,0.030846648985265,0.00797282378336699));
#3213=CARTESIAN_POINT('',(-0.0244999999999955,0.0315875000000045,0.00805755702738749));
#3214=CARTESIAN_POINT('',(-0.0244999999999955,0.0310875000000045,0.00800037060101113));
#3215=CARTESIAN_POINT('',(0.0509937500000045,0.0315875000000045,0.00805755702738749));
#3216=CARTESIAN_POINT('',(-0.0214999999999955,0.0315875000000045,0.00805755702738749));
#3217=CARTESIAN_POINT('',(-0.0214999999999955,0.030846648985265,0.00797282378336699));
#3218=CARTESIAN_POINT('',(-0.0214999999999955,0.0310875000000045,0.00800037060101114));
#3219=CARTESIAN_POINT('',(0.0509937500000045,0.0310875000000045,0.00800037060101113));
#3220=CARTESIAN_POINT('',(-0.0359999999999955,0.030846648985265,0.00797282378336699));
#3221=CARTESIAN_POINT('',(-0.0359999999999955,0.0310875000000045,0.00800037060101113));
#3222=CARTESIAN_POINT('',(-0.0359999999999955,0.0315875000000045,0.00805755702738749));
#3223=CARTESIAN_POINT('',(0.0509937500000045,0.0315875000000045,0.00805755702738749));
#3224=CARTESIAN_POINT('',(-0.0329999999999955,0.0315875000000045,0.00805755702738749));
#3225=CARTESIAN_POINT('',(-0.0329999999999955,0.030846648985265,0.00797282378336699));
#3226=CARTESIAN_POINT('',(-0.0329999999999955,0.0310875000000045,0.00800037060101114));
#3227=CARTESIAN_POINT('',(0.0509937500000045,0.0310875000000045,0.00800037060101113));
#3228=CARTESIAN_POINT('',(0.0509937500000045,-0.0310875000000045,0.000889238481110288));
#3229=CARTESIAN_POINT('',(-0.0359999999999955,-0.0310875000000045,0.000889238481110291));
#3230=CARTESIAN_POINT('',(-0.0329999999999955,-0.0310875000000045,0.000889238481110288));
#3231=CARTESIAN_POINT('',(-0.0329999999999955,0.030846648985265,0.00797282378336699));
#3232=CARTESIAN_POINT('',(-0.0329999999999955,-0.0315875000000045,0.000832052054733933));
#3233=CARTESIAN_POINT('',(0.0509937500000045,-0.0315875000000045,0.000832052054733932));
#3234=CARTESIAN_POINT('',(-0.0359999999999955,-0.0315875000000045,0.000832052054733936));
#3235=CARTESIAN_POINT('',(-0.0359999999999955,0.030846648985265,0.00797282378336699));
#3236=CARTESIAN_POINT('',(-0.0500062499999955,0.030846648985265,0.00797282378336699));
#3237=CARTESIAN_POINT('',(-0.0500062500000045,-0.0285750000035911,0.00117660027324127));
#3238=CARTESIAN_POINT('',(-0.0500062499999955,0.0285749999999955,0.00771300880846892));
#3239=CARTESIAN_POINT('',(-0.0452437498449955,-0.0285749998449045,0.00117660029139071));
#3240=CARTESIAN_POINT('',(-0.0469255535213873,-0.0330306641186729,0.000666993257491481));
#3241=CARTESIAN_POINT('',(0.0509937500000045,-0.0330306641186729,0.000666993257491482));
#3242=CARTESIAN_POINT('',(0.0469255535213864,-0.0330306641186729,0.000666993257491481));
#3243=CARTESIAN_POINT('',(0.0452437498449945,-0.0285749998449045,0.0011766002913907));
#3244=CARTESIAN_POINT('',(0.050006250000004,-0.0285750000035911,0.00117660027324127));
#3245=CARTESIAN_POINT('',(0.0500062500000045,0.00232060022517224,0.00471021820891224));
#3246=CARTESIAN_POINT('',(0.0500062500000045,0.0285749999999955,0.00771300880846892));
#3247=CARTESIAN_POINT('',(0.0452437498449945,0.0285749998449955,0.00771300879074113));
#3248=CARTESIAN_POINT('',(0.0463278292864513,0.0332124753965291,0.00824341009914097));
#3249=CARTESIAN_POINT('',(0.0509937500000045,0.0332124753965291,0.00824341009914097));
#3250=CARTESIAN_POINT('',(-0.0463278292864479,0.0332124753965291,0.00824341009914097));
#3251=CARTESIAN_POINT('',(-0.0452437498449955,0.0285749998449955,0.00771300879074113));
#3252=CARTESIAN_POINT('',(0.00999999999999551,0.030846648985265,0.00797282378336699));
#3253=CARTESIAN_POINT('',(0.00999999999999551,0.0315875000000045,0.00805755702738749));
#3254=CARTESIAN_POINT('',(0.00999999999999551,0.0310875000000045,0.00800037060101113));
#3255=CARTESIAN_POINT('',(0.0509937500000045,0.0315875000000045,0.00805755702738749));
#3256=CARTESIAN_POINT('',(0.0129999999999955,0.0315875000000045,0.00805755702738749));
#3257=CARTESIAN_POINT('',(0.0129999999999955,0.030846648985265,0.00797282378336699));
#3258=CARTESIAN_POINT('',(0.0129999999999955,0.0310875000000045,0.00800037060101114));
#3259=CARTESIAN_POINT('',(0.0509937500000045,0.0310875000000045,0.00800037060101113));
#3260=CARTESIAN_POINT('',(0.,0.029896592709881,0.00786416313687571));
#3261=CARTESIAN_POINT('',(0.0475,0.029896592709881,0.00786416313687571));
#3262=CARTESIAN_POINT('',(-0.0475,0.029896592709881,0.00786416313687571));
#3263=CARTESIAN_POINT('',(0.0475,9.09056388868935E-5,0.00445520167831151));
#3264=CARTESIAN_POINT('',(0.0475,-0.0297147814321072,0.00104624021974732));
#3265=CARTESIAN_POINT('',(0.,-0.0297147814321072,0.00104624021974732));
#3266=CARTESIAN_POINT('',(-0.0475,-0.0297147814321072,0.00104624021974732));
#3267=CARTESIAN_POINT('',(-0.0475,9.09056388868901E-5,0.00445520167831151));
#3268=CARTESIAN_POINT('',(1.38777878078145E-17,4.06272238073768E-14,0.));
#3269=CARTESIAN_POINT('',(0.0114999999999955,0.0315875000000045,0.));
#3270=CARTESIAN_POINT('',(0.00999999999999551,0.0315875000000045,0.));
#3271=CARTESIAN_POINT('',(0.0129999999999955,0.0315875000000045,0.));
#3272=CARTESIAN_POINT('',(0.00999999999999551,0.0313375000000045,0.));
#3273=CARTESIAN_POINT('',(0.00999999999999551,0.0310875000000045,0.));
#3274=CARTESIAN_POINT('',(0.0114999999999955,0.0310875000000045,0.));
#3275=CARTESIAN_POINT('',(0.0129999999999955,0.0310875000000045,0.));
#3276=CARTESIAN_POINT('',(0.0129999999999955,0.0313375000000045,0.));
#3277=CARTESIAN_POINT('',(0.0329999999999955,0.0313375000000045,0.));
#3278=CARTESIAN_POINT('',(0.0329999999999955,0.0315875000000045,0.));
#3279=CARTESIAN_POINT('',(0.0329999999999955,0.0310875000000045,0.));
#3280=CARTESIAN_POINT('',(0.0344999999999955,0.0310875000000045,0.));
#3281=CARTESIAN_POINT('',(0.0359999999999955,0.0310875000000045,0.));
#3282=CARTESIAN_POINT('',(0.0359999999999955,0.0313375000000045,0.));
#3283=CARTESIAN_POINT('',(0.0359999999999955,0.0315875000000045,0.));
#3284=CARTESIAN_POINT('',(0.0344999999999955,0.0315875000000045,0.));
#3285=CARTESIAN_POINT('',(0.0229999999999955,-0.0315875000000045,0.));
#3286=CARTESIAN_POINT('',(0.0214999999999955,-0.0315875000000045,0.));
#3287=CARTESIAN_POINT('',(0.0244999999999955,-0.0315875000000045,0.));
#3288=CARTESIAN_POINT('',(0.0244999999999955,-0.0313375000000045,0.));
#3289=CARTESIAN_POINT('',(0.0244999999999955,-0.0310875000000045,0.));
#3290=CARTESIAN_POINT('',(0.0229999999999955,-0.0310875000000045,0.));
#3291=CARTESIAN_POINT('',(0.0214999999999955,-0.0310875000000045,0.));
#3292=CARTESIAN_POINT('',(0.0214999999999955,-0.0313375000000045,0.));
#3293=CARTESIAN_POINT('',(-0.0114999999999955,-0.0310875000000045,0.));
#3294=CARTESIAN_POINT('',(-0.00999999999999551,-0.0310875000000045,0.));
#3295=CARTESIAN_POINT('',(-0.0129999999999955,-0.0310875000000045,0.));
#3296=CARTESIAN_POINT('',(-0.0129999999999955,-0.0313375000000045,0.));
#3297=CARTESIAN_POINT('',(-0.0129999999999955,-0.0315875000000045,0.));
#3298=CARTESIAN_POINT('',(-0.0114999999999955,-0.0315875000000045,0.));
#3299=CARTESIAN_POINT('',(-0.00999999999999551,-0.0315875000000045,0.));
#3300=CARTESIAN_POINT('',(-0.00999999999999551,-0.0313375000000045,0.));
#3301=CARTESIAN_POINT('',(-0.0114999999999955,0.0315875000000045,0.));
#3302=CARTESIAN_POINT('',(-0.00999999999999551,0.0315875000000045,0.));
#3303=CARTESIAN_POINT('',(-0.0129999999999955,0.0315875000000045,0.));
#3304=CARTESIAN_POINT('',(-0.0129999999999955,0.0313375000000045,0.));
#3305=CARTESIAN_POINT('',(-0.0129999999999955,0.0310875000000045,0.));
#3306=CARTESIAN_POINT('',(-0.0114999999999955,0.0310875000000045,0.));
#3307=CARTESIAN_POINT('',(-0.00999999999999551,0.0310875000000045,0.));
#3308=CARTESIAN_POINT('',(-0.00999999999999551,0.0313375000000045,0.));
#3309=CARTESIAN_POINT('',(-0.0344999999999955,0.0315875000000045,0.));
#3310=CARTESIAN_POINT('',(-0.0329999999999955,0.0315875000000045,0.));
#3311=CARTESIAN_POINT('',(-0.0359999999999955,0.0315875000000045,0.));
#3312=CARTESIAN_POINT('',(-0.0359999999999955,0.0313375000000045,0.));
#3313=CARTESIAN_POINT('',(-0.0359999999999955,0.0310875000000045,0.));
#3314=CARTESIAN_POINT('',(-0.0344999999999955,0.0310875000000045,0.));
#3315=CARTESIAN_POINT('',(-0.0329999999999955,0.0310875000000045,0.));
#3316=CARTESIAN_POINT('',(-0.0329999999999955,0.0313375000000045,0.));
#3317=CARTESIAN_POINT('',(0.0460000000000045,0.0333374999999955,0.));
#3318=CARTESIAN_POINT('',(0.0460000000000045,0.0318374999999955,0.));
#3319=CARTESIAN_POINT('',(0.0460000000000045,0.0348374999999955,0.));
#3320=CARTESIAN_POINT('',(4.5102810375397E-15,0.0348374999999955,0.));
#3321=CARTESIAN_POINT('',(-0.0459999999999955,0.0348374999999955,0.));
#3322=CARTESIAN_POINT('',(-0.0459999999999955,0.0333374999999955,0.));
#3323=CARTESIAN_POINT('',(-0.0459999999999955,0.0318374999999955,0.));
#3324=CARTESIAN_POINT('',(0.0237500000000044,0.0318374999999955,0.));
#3325=CARTESIAN_POINT('',(-0.0494562500000045,-0.0327874999999143,0.));
#3326=CARTESIAN_POINT('',(-0.0550062500000045,-0.0327874999999143,0.));
#3327=CARTESIAN_POINT('',(-0.0494562500000045,-0.0383374999999143,0.));
#3328=CARTESIAN_POINT('',(-0.0550062500000045,4.06272238073768E-14,0.));
#3329=CARTESIAN_POINT('',(-0.0550062500000045,0.0327874999999955,0.));
#3330=CARTESIAN_POINT('',(-0.0494562500000045,0.0327874999999955,0.));
#3331=CARTESIAN_POINT('',(-0.0494562500000045,0.0383374999999955,0.));
#3332=CARTESIAN_POINT('',(0.00212307254879101,0.0383374999999955,0.));
#3333=CARTESIAN_POINT('',(0.0494562500000045,0.0383374999999955,0.));
#3334=CARTESIAN_POINT('',(0.0494562500000045,0.0327874999999955,0.));
#3335=CARTESIAN_POINT('',(0.0550062500000045,0.0327874999999955,0.));
#3336=CARTESIAN_POINT('',(0.0550062500000045,-0.0306812500017527,0.));
#3337=CARTESIAN_POINT('',(0.0550062500000045,-0.0327874999999135,0.));
#3338=CARTESIAN_POINT('',(0.0494562500000045,-0.0327874999999135,0.));
#3339=CARTESIAN_POINT('',(0.0494562500000045,-0.0383374999999135,0.));
#3340=CARTESIAN_POINT('',(-0.0020880818544844,-0.0383374999999143,0.));
#3341=CARTESIAN_POINT('',(0.0460000000000045,-0.0333375000000045,0.));
#3342=CARTESIAN_POINT('',(0.0460000000000045,-0.0348375000000045,0.));
#3343=CARTESIAN_POINT('',(0.0460000000000045,-0.0318375000000045,0.));
#3344=CARTESIAN_POINT('',(0.0237500000000044,-0.0318375000000045,0.));
#3345=CARTESIAN_POINT('',(-0.0459999999999955,-0.0318375000000045,0.));
#3346=CARTESIAN_POINT('',(-0.0459999999999955,-0.0333375000000045,0.));
#3347=CARTESIAN_POINT('',(-0.0459999999999955,-0.0348375000000045,0.));
#3348=CARTESIAN_POINT('',(4.49640324973189E-15,-0.0348375000000045,0.));
#3349=CARTESIAN_POINT('',(-0.0329999999999955,-0.0313375000000045,0.));
#3350=CARTESIAN_POINT('',(-0.0329999999999955,-0.0315875000000045,0.));
#3351=CARTESIAN_POINT('',(-0.0329999999999955,-0.0310875000000045,0.));
#3352=CARTESIAN_POINT('',(-0.0344999999999955,-0.0310875000000045,0.));
#3353=CARTESIAN_POINT('',(-0.0359999999999955,-0.0310875000000045,0.));
#3354=CARTESIAN_POINT('',(-0.0359999999999955,-0.0313375000000045,0.));
#3355=CARTESIAN_POINT('',(-0.0359999999999955,-0.0315875000000045,0.));
#3356=CARTESIAN_POINT('',(-0.0344999999999955,-0.0315875000000045,0.));
#3357=CARTESIAN_POINT('',(-0.0229999999999955,0.0315875000000045,0.));
#3358=CARTESIAN_POINT('',(-0.0214999999999955,0.0315875000000045,0.));
#3359=CARTESIAN_POINT('',(-0.0244999999999955,0.0315875000000045,0.));
#3360=CARTESIAN_POINT('',(-0.0244999999999955,0.0313375000000045,0.));
#3361=CARTESIAN_POINT('',(-0.0244999999999955,0.0310875000000045,0.));
#3362=CARTESIAN_POINT('',(-0.0229999999999955,0.0310875000000045,0.));
#3363=CARTESIAN_POINT('',(-0.0214999999999955,0.0310875000000045,0.));
#3364=CARTESIAN_POINT('',(-0.0214999999999955,0.0313375000000045,0.));
#3365=CARTESIAN_POINT('',(-0.0229999999999955,-0.0310875000000045,0.));
#3366=CARTESIAN_POINT('',(-0.0214999999999955,-0.0310875000000045,0.));
#3367=CARTESIAN_POINT('',(-0.0244999999999955,-0.0310875000000045,0.));
#3368=CARTESIAN_POINT('',(-0.0244999999999955,-0.0313375000000045,0.));
#3369=CARTESIAN_POINT('',(-0.0244999999999955,-0.0315875000000045,0.));
#3370=CARTESIAN_POINT('',(-0.0229999999999955,-0.0315875000000045,0.));
#3371=CARTESIAN_POINT('',(-0.0214999999999955,-0.0315875000000045,0.));
#3372=CARTESIAN_POINT('',(-0.0214999999999955,-0.0313375000000045,0.));
#3373=CARTESIAN_POINT('',(0.00999999999999551,-0.0313375000000045,0.));
#3374=CARTESIAN_POINT('',(0.00999999999999551,-0.0310875000000045,0.));
#3375=CARTESIAN_POINT('',(0.00999999999999551,-0.0315875000000045,0.));
#3376=CARTESIAN_POINT('',(0.0114999999999955,-0.0315875000000045,0.));
#3377=CARTESIAN_POINT('',(0.0129999999999955,-0.0315875000000045,0.));
#3378=CARTESIAN_POINT('',(0.0129999999999955,-0.0313375000000045,0.));
#3379=CARTESIAN_POINT('',(0.0129999999999955,-0.0310875000000045,0.));
#3380=CARTESIAN_POINT('',(0.0114999999999955,-0.0310875000000045,0.));
#3381=CARTESIAN_POINT('',(0.0344999999999955,-0.0315875000000045,0.));
#3382=CARTESIAN_POINT('',(0.0329999999999955,-0.0315875000000045,0.));
#3383=CARTESIAN_POINT('',(0.0359999999999955,-0.0315875000000045,0.));
#3384=CARTESIAN_POINT('',(0.0359999999999955,-0.0313375000000045,0.));
#3385=CARTESIAN_POINT('',(0.0359999999999955,-0.0310875000000045,0.));
#3386=CARTESIAN_POINT('',(0.0344999999999955,-0.0310875000000045,0.));
#3387=CARTESIAN_POINT('',(0.0329999999999955,-0.0310875000000045,0.));
#3388=CARTESIAN_POINT('',(0.0329999999999955,-0.0313375000000045,0.));
#3389=CARTESIAN_POINT('',(0.0229999999999955,0.0310875000000045,0.));
#3390=CARTESIAN_POINT('',(0.0214999999999955,0.0310875000000045,0.));
#3391=CARTESIAN_POINT('',(0.0244999999999955,0.0310875000000045,0.));
#3392=CARTESIAN_POINT('',(0.0244999999999955,0.0313375000000045,0.));
#3393=CARTESIAN_POINT('',(0.0244999999999955,0.0315875000000045,0.));
#3394=CARTESIAN_POINT('',(0.0229999999999955,0.0315875000000045,0.));
#3395=CARTESIAN_POINT('',(0.0214999999999955,0.0315875000000045,0.));
#3396=CARTESIAN_POINT('',(0.0214999999999955,0.0313375000000045,0.));
#3397=CARTESIAN_POINT('',(0.0452437498449945,-0.0285749998449045,0.025));
#3398=CARTESIAN_POINT('',(0.0452437498449945,-0.0285749998449045,0.000666993257491484));
#3399=CARTESIAN_POINT('',(0.0452437500000045,-0.0333375000000045,0.000666993257491484));
#3400=CARTESIAN_POINT('',(0.0452437500000045,-0.0333374999999135,0.025));
#3401=CARTESIAN_POINT('',(0.0452437500000045,-0.0333375000000045,0.0175));
#3402=CARTESIAN_POINT('',(0.0452437498449945,-0.0285749998449045,0.0175));
#3403=CARTESIAN_POINT('',(0.0474655171979165,-0.0327874999999135,0.0175));
#3404=CARTESIAN_POINT('',(0.0452437498449945,-0.0285749998449045,0.017981795671561));
#3405=CARTESIAN_POINT('',(0.0500062500000035,-0.0285750000035911,0.0179817956534115));
#3406=CARTESIAN_POINT('',(0.0500062500000035,-0.0285750000035911,0.025));
#3407=CARTESIAN_POINT('',(4.49640324973189E-15,-0.0333375000000045,0.025));
#3408=CARTESIAN_POINT('',(4.49640324973189E-15,-0.0333375000000045,0.000666993257491484));
#3409=CARTESIAN_POINT('',(-0.0452437499999955,-0.0333374999999135,0.000666993257491484));
#3410=CARTESIAN_POINT('',(-0.0452437499999955,-0.0333375000000045,0.025));
#3411=CARTESIAN_POINT('',(-0.0452437499999955,-0.0333374999999135,0.0175));
#3412=CARTESIAN_POINT('',(4.49640324973189E-15,-0.0333375000000045,0.0175));
#3413=CARTESIAN_POINT('',(-0.0452437498449955,-0.0285749998449045,0.025));
#3414=CARTESIAN_POINT('',(-0.0452437498449955,-0.0285749998449045,0.000666993257491484));
#3415=CARTESIAN_POINT('',(-0.0500062500000045,-0.0285750000035911,0.025));
#3416=CARTESIAN_POINT('',(-0.0500062499999955,-0.0285750000035911,0.0179817956534115));
#3417=CARTESIAN_POINT('',(-0.0452437498449955,-0.0285749998449045,0.017981795671561));
#3418=CARTESIAN_POINT('',(-0.0474655171979175,-0.0327874999999135,0.0175));
#3419=CARTESIAN_POINT('',(-0.0452437498449955,-0.0285749998449045,0.0175));
#3420=CARTESIAN_POINT('',(-0.0494562500000045,-0.0327874999999143,0.025));
#3421=CARTESIAN_POINT('',(-0.0494562500000045,-0.0383374999999143,0.025));
#3422=CARTESIAN_POINT('',(-0.0494562500000045,-0.0383374999999143,0.0155));
#3423=CARTESIAN_POINT('',(-0.0494562500000045,-0.0327874999999143,0.0155));
#3424=CARTESIAN_POINT('',(-0.0550052524531139,-0.0326822774957366,0.0155));
#3425=CARTESIAN_POINT('',(-0.0494562500000045,-0.0327874999999143,0.0210731436010674));
#3426=CARTESIAN_POINT('',(-0.0550062500000045,-0.0327874999999143,0.0154869613515112));
#3427=CARTESIAN_POINT('',(-0.0550062500000045,-0.0327874999999143,0.025));
#3428=CARTESIAN_POINT('',(-0.0020880818544844,-0.0383374999999143,0.025));
#3429=CARTESIAN_POINT('',(0.0494562500000045,-0.0383374999999135,0.025));
#3430=CARTESIAN_POINT('',(0.0494562500000045,-0.0383374999999135,0.0155));
#3431=CARTESIAN_POINT('',(-0.0494562500000045,-0.0383374999999143,0.0155));
#3432=CARTESIAN_POINT('',(0.0494562500000045,-0.0327874999999135,0.025));
#3433=CARTESIAN_POINT('',(0.0550062500000045,-0.0327874999999135,0.025));
#3434=CARTESIAN_POINT('',(0.0550062500000045,-0.0327874999999135,0.0154869613515113));
#3435=CARTESIAN_POINT('',(0.0494562500000045,-0.0327874999999135,0.0210731436010675));
#3436=CARTESIAN_POINT('',(0.055005252453114,-0.0326822774957366,0.0155));
#3437=CARTESIAN_POINT('',(0.0494562500000045,-0.0327874999999135,0.0155));
#3438=CARTESIAN_POINT('',(1.38777878078145E-17,4.06272238073768E-14,0.025));
#3439=CARTESIAN_POINT('',(-0.0658937499999955,0.0327874999999955,0.025));
#3440=CARTESIAN_POINT('',(0.0474655171979335,0.0327874999999955,0.025));
#3441=CARTESIAN_POINT('',(0.0530062500000045,0.0327874999999955,0.025));
#3442=CARTESIAN_POINT('',(0.0494562500000045,0.0327874999999955,0.025));
#3443=CARTESIAN_POINT('',(0.0494562500000045,0.0363374999999955,0.025));
#3444=CARTESIAN_POINT('',(1.38777878078145E-17,0.0363374999999955,0.025));
#3445=CARTESIAN_POINT('',(-0.0494562500000045,0.0363374999999955,0.025));
#3446=CARTESIAN_POINT('',(-0.0494562500000045,0.0327874999999955,0.025));
#3447=CARTESIAN_POINT('',(-0.0530062500000045,0.0327874999999955,0.025));
#3448=CARTESIAN_POINT('',(-0.0658937499999955,0.0327874999999955,0.025));
#3449=CARTESIAN_POINT('',(-0.0474655171979324,0.0327874999999955,0.025));
#3450=CARTESIAN_POINT('',(-0.0452437498449955,0.0285749998449955,0.025));
#3451=CARTESIAN_POINT('',(-0.0452437499999955,0.0333375000000035,0.025));
#3452=CARTESIAN_POINT('',(4.49640324973189E-15,0.0333374999999955,0.025));
#3453=CARTESIAN_POINT('',(0.0452437500000045,0.0333374999999955,0.025));
#3454=CARTESIAN_POINT('',(0.0452437498449945,0.0285749998449955,0.025));
#3455=CARTESIAN_POINT('',(0.0550062500000045,-0.0306812500017527,0.025));
#3456=CARTESIAN_POINT('',(0.0550062500000045,0.0327874999999955,0.025));
#3457=CARTESIAN_POINT('',(0.0550062500000045,0.0327874999999955,0.0229869613515113));
#3458=CARTESIAN_POINT('',(0.0550062500000045,-0.0325602358972695,0.0155129541958854));
#3459=CARTESIAN_POINT('',(0.0494562500000045,0.0327874999999955,0.025));
#3460=CARTESIAN_POINT('',(0.0494562500000045,0.0327874999999955,0.023));
#3461=CARTESIAN_POINT('',(0.0494562500000045,0.0383374999999955,0.023));
#3462=CARTESIAN_POINT('',(0.055005252453114,0.0328927225041726,0.023));
#3463=CARTESIAN_POINT('',(0.0494562500000045,0.0327874999999955,0.0285731436010675));
#3464=CARTESIAN_POINT('',(0.0494562500000045,0.0383374999999955,0.025));
#3465=CARTESIAN_POINT('',(0.00212307254879101,0.0383374999999955,0.025));
#3466=CARTESIAN_POINT('',(0.026125727479761,0.0383374999999955,0.025));
#3467=CARTESIAN_POINT('',(0.026125727479761,0.0383374999999955,0.0179189546046654));
#3468=CARTESIAN_POINT('',(0.026125727479761,0.0383374999999955,0.0114495018578224));
#3469=CARTESIAN_POINT('',(0.00212307254879101,0.0383374999999955,0.0114495018578224));
#3470=CARTESIAN_POINT('',(0.037610152520248,0.0383374999999955,0.0114495018578224));
#3471=CARTESIAN_POINT('',(0.037610152520248,0.0383374999999955,0.025));
#3472=CARTESIAN_POINT('',(0.037610152520248,0.0383374999999955,0.0179189546046654));
#3473=CARTESIAN_POINT('',(0.00212307254879101,0.0383374999999955,0.0179189546046654));
#3474=CARTESIAN_POINT('',(-0.0494562500000045,0.0383374999999955,0.025));
#3475=CARTESIAN_POINT('',(-0.0494562500000045,0.0383374999999955,0.023));
#3476=CARTESIAN_POINT('',(0.00212307254879101,0.0383374999999955,0.023));
#3477=CARTESIAN_POINT('',(-0.0494562500000045,0.0327874999999955,0.025));
#3478=CARTESIAN_POINT('',(-0.0494562500000045,0.0327874999999955,0.0285731436010675));
#3479=CARTESIAN_POINT('',(-0.0550062500000045,0.0327874999999955,0.0229869613515113));
#3480=CARTESIAN_POINT('',(-0.055005252453114,0.0328927225041724,0.023));
#3481=CARTESIAN_POINT('',(-0.0494562500000045,0.0327874999999955,0.023));
#3482=CARTESIAN_POINT('',(-0.0550062500000045,0.0327874999999955,0.025));
#3483=CARTESIAN_POINT('',(0.0452437498449945,0.0285749998449955,0.025));
#3484=CARTESIAN_POINT('',(0.0452437498449945,0.0285749998449955,0.00824341009914097));
#3485=CARTESIAN_POINT('',(0.0452437500000045,0.0333374999999955,0.00824341009914097));
#3486=CARTESIAN_POINT('',(0.0500062500000045,0.0285749999999955,0.025));
#3487=CARTESIAN_POINT('',(0.0500062500000045,0.0285749999999955,0.0245182043461678));
#3488=CARTESIAN_POINT('',(0.0452437498449945,0.0285749998449955,0.02451820432844));
#3489=CARTESIAN_POINT('',(0.0452437500000045,0.0333374999999955,0.025));
#3490=CARTESIAN_POINT('',(0.0500062500000045,-4.48252546192407E-15,0.025));
#3491=CARTESIAN_POINT('',(0.0500062500000045,0.00042336017023169,0.0212984209115736));
#3492=CARTESIAN_POINT('',(-0.0500062499999955,-4.48252546192407E-15,0.025));
#3493=CARTESIAN_POINT('',(-0.0500062499999955,0.0285749999999955,0.025));
#3494=CARTESIAN_POINT('',(-0.0500062499999955,0.0285749999999955,0.0245182043461678));
#3495=CARTESIAN_POINT('',(-0.0500062499999955,0.00042336017023169,0.0212984209115736));
#3496=CARTESIAN_POINT('',(-0.0452437498449955,0.0285749998449955,0.025));
#3497=CARTESIAN_POINT('',(-0.0452437498449955,0.0285749998449955,0.00824341009914097));
#3498=CARTESIAN_POINT('',(-0.0452437499999955,0.0333374999999955,0.00824341009914097));
#3499=CARTESIAN_POINT('',(-0.0452437499999955,0.0333375000000035,0.025));
#3500=CARTESIAN_POINT('',(-0.0452437498449955,0.0285749998449955,0.02451820432844));
#3501=CARTESIAN_POINT('',(4.49640324973189E-15,0.0333374999999955,0.025));
#3502=CARTESIAN_POINT('',(0.0276179400000045,0.0333374999999955,0.0160226665127641));
#3503=CARTESIAN_POINT('',(0.0276179400000045,0.0333374999999955,0.0125559992362634));
#3504=CARTESIAN_POINT('',(0.0276179400000045,0.0333374999999955,0.0160252312418603));
#3505=CARTESIAN_POINT('',(0.0359929400000045,0.0333374999999955,0.0160252312418603));
#3506=CARTESIAN_POINT('',(0.0361179400000045,0.0333374999999955,0.0160252312418603));
#3507=CARTESIAN_POINT('',(0.0361179400000045,0.0333374999999955,0.0141656152390619));
#3508=CARTESIAN_POINT('',(0.0361179400000045,0.0333374999999955,0.0125559992362634));
#3509=CARTESIAN_POINT('',(0.0277429400000045,0.0333374999999955,0.0125559992362634));
#3510=CARTESIAN_POINT('',(4.49640324973189E-15,0.0333374999999955,0.00824341009914097));
#3511=CARTESIAN_POINT('',(-0.0550062500000045,4.06272238073768E-14,0.025));
#3512=CARTESIAN_POINT('',(-0.0550062500000045,0.000650624272920215,0.0193113751074641));
#3513=CARTESIAN_POINT('',(-0.0658937499999955,-0.0357968090354963,0.0175));
#3514=CARTESIAN_POINT('',(0.0494562500000045,-0.0363374999999143,0.0175));
#3515=CARTESIAN_POINT('',(-0.0494562500000045,-0.0363374999999143,0.0175));
#3516=CARTESIAN_POINT('',(0.0494562500000045,-0.0363374999999143,0.0175));
#3517=CARTESIAN_POINT('',(0.0494562500000045,-0.0327874999999135,0.0175));
#3518=CARTESIAN_POINT('',(0.0530062500000045,-0.0327874999999135,0.0175));
#3519=CARTESIAN_POINT('',(-0.0658937499999955,-0.0327874999999135,0.0175));
#3520=CARTESIAN_POINT('',(-0.0658937499999955,-0.0327874999999135,0.0175));
#3521=CARTESIAN_POINT('',(-0.0530062500000045,-0.0327874999999135,0.0175));
#3522=CARTESIAN_POINT('',(-0.0494562500000045,-0.0327874999999143,0.0175));
#3523=CARTESIAN_POINT('',(-0.0658937499999955,4.10158018659956E-14,0.02125));
#3524=CARTESIAN_POINT('',(0.0530062500000045,0.0327874999999955,0.025));
#3525=CARTESIAN_POINT('',(-0.0658937499999955,4.10158018659956E-14,0.02125));
#3526=CARTESIAN_POINT('',(-0.0530062500000045,4.10158018659956E-14,0.02125));
#3527=CARTESIAN_POINT('',(-0.0494562500000045,0.0327874999999955,0.025));
#3528=CARTESIAN_POINT('',(-0.0494562500000045,0.0383374999999955,0.023));
#3529=CARTESIAN_POINT('',(-0.0530062500000045,0.0327874999999955,0.025));
#3530=CARTESIAN_POINT('',(-0.0536726738185523,0.0328254865741519,0.0243335761814522));
#3531=CARTESIAN_POINT('',(-0.054338967491191,0.0328592460014456,0.0236667998864195));
#3532=CARTESIAN_POINT('',(-0.055005252453114,0.0328927225041725,0.023));
#3533=CARTESIAN_POINT('',(-0.0550062500000045,0.000650624272920215,0.0193113751074641));
#3534=CARTESIAN_POINT('',(-0.0530062500000045,-0.0327874999999135,0.0175));
#3535=CARTESIAN_POINT('',(-0.0536726738185523,-0.0327495134257572,0.0168335761814522));
#3536=CARTESIAN_POINT('',(-0.054338967491191,-0.0327157539984635,0.0161667998864195));
#3537=CARTESIAN_POINT('',(-0.0550052524531139,-0.0326822774957366,0.0155));
#3538=CARTESIAN_POINT('',(0.00212307254879101,0.0383374999999955,0.023));
#3539=CARTESIAN_POINT('',(0.0494562500000045,0.0383374999999955,0.023));
#3540=CARTESIAN_POINT('',(-0.0494562500000045,-0.0327874999999143,0.0175));
#3541=CARTESIAN_POINT('',(-0.0494562500000045,-0.0363374999999143,0.0175));
#3542=CARTESIAN_POINT('',(0.0494562500000045,0.0327874999999955,0.025));
#3543=CARTESIAN_POINT('',(0.0530062500000045,0.0327874999999955,0.025));
#3544=CARTESIAN_POINT('',(0.0536726738185523,0.0328254865741519,0.0243335761814522));
#3545=CARTESIAN_POINT('',(0.054338967491191,0.0328592460014457,0.0236667998864195));
#3546=CARTESIAN_POINT('',(0.055005252453114,0.0328927225041726,0.023));
#3547=CARTESIAN_POINT('',(-0.0658937499999955,-0.0363374999999143,0.0175));
#3548=CARTESIAN_POINT('',(0.0494562500000045,-0.0363374999999143,0.0175));
#3549=CARTESIAN_POINT('',(0.0530062500000045,4.10158018659956E-14,0.02125));
#3550=CARTESIAN_POINT('',(0.0530062500000045,-0.0327874999999135,0.0175));
#3551=CARTESIAN_POINT('',(0.0536726738185523,-0.0327495134257571,0.0168335761814522));
#3552=CARTESIAN_POINT('',(0.054338967491191,-0.0327157539984634,0.0161667998864195));
#3553=CARTESIAN_POINT('',(0.055005252453114,-0.0326822774957366,0.0155));
#3554=CARTESIAN_POINT('',(0.0494562500000045,-0.0327874999999135,0.0175));
#3555=CARTESIAN_POINT('',(0.0509937500000045,-0.0344306641186728,0.000666993257491482));
#3556=CARTESIAN_POINT('',(0.0509937500000045,0.0350124753965291,0.00824341009914097));
#3557=CARTESIAN_POINT('',(1.38777878078145E-17,4.06272238073768E-14,-0.001));
#3558=CARTESIAN_POINT('',(0.0460000000000045,0.0333374999999955,-0.001));
#3559=CARTESIAN_POINT('',(0.0460000000000045,0.0338374999999955,-0.001));
#3560=CARTESIAN_POINT('',(0.0460000000000045,0.0328374999999955,-0.001));
#3561=CARTESIAN_POINT('',(-0.0459999999999955,0.0328374999999955,-0.001));
#3562=CARTESIAN_POINT('',(-0.0459999999999955,0.0328374999999955,-0.001));
#3563=CARTESIAN_POINT('',(-0.0459999999999955,0.0333374999999955,-0.001));
#3564=CARTESIAN_POINT('',(-0.0459999999999955,0.0338374999999955,-0.001));
#3565=CARTESIAN_POINT('',(8.93473891364292E-18,0.0338374999999955,-0.001));
#3566=CARTESIAN_POINT('',(1.38777878078145E-17,4.06272238073768E-14,-0.001));
#3567=CARTESIAN_POINT('',(0.0460000000000045,-0.0333375000000045,-0.001));
#3568=CARTESIAN_POINT('',(0.0460000000000045,-0.0328375000000045,-0.001));
#3569=CARTESIAN_POINT('',(0.0460000000000045,-0.0338375000000045,-0.001));
#3570=CARTESIAN_POINT('',(-0.0459999999999955,-0.0338375000000045,-0.001));
#3571=CARTESIAN_POINT('',(-0.0459999999999955,-0.0338375000000045,-0.001));
#3572=CARTESIAN_POINT('',(-0.0459999999999955,-0.0333375000000045,-0.001));
#3573=CARTESIAN_POINT('',(-0.0459999999999955,-0.0328375000000045,-0.001));
#3574=CARTESIAN_POINT('',(9.08082089055412E-18,-0.0328375000000045,-0.001));
#3575=CARTESIAN_POINT('',(4.5102810375397E-15,0.0348374999999955,0.));
#3576=CARTESIAN_POINT('',(-0.0459999999999955,0.0348374999999955,0.));
#3577=CARTESIAN_POINT('',(0.0460000000000045,0.0338374999999955,-0.001));
#3578=CARTESIAN_POINT('',(0.0460000000000045,0.0333374999999955,-0.001));
#3579=CARTESIAN_POINT('',(0.0460000000000045,0.0328374999999955,-0.001));
#3580=CARTESIAN_POINT('',(-0.0459999999999955,0.0333374999999955,-0.001));
#3581=CARTESIAN_POINT('',(-0.0459999999999955,0.0318374999999955,0.));
#3582=CARTESIAN_POINT('',(9.08082089056731E-18,0.0328374999999955,-0.001));
#3583=CARTESIAN_POINT('',(0.0237500000000044,-0.0318375000000045,0.));
#3584=CARTESIAN_POINT('',(-0.0459999999999955,-0.0318375000000045,0.));
#3585=CARTESIAN_POINT('',(0.0460000000000045,-0.0328375000000045,-0.001));
#3586=CARTESIAN_POINT('',(0.0460000000000045,-0.0333375000000045,-0.001));
#3587=CARTESIAN_POINT('',(0.0460000000000045,-0.0338375000000045,-0.001));
#3588=CARTESIAN_POINT('',(-0.0459999999999955,-0.0333375000000045,-0.001));
#3589=CARTESIAN_POINT('',(-0.0459999999999955,-0.0348375000000045,0.));
#3590=CARTESIAN_POINT('',(8.93473891362974E-18,-0.0338375000000045,-0.001));
#3591=CARTESIAN_POINT('',(-0.0329999999999955,-0.0313375000000045,0.0446));
#3592=CARTESIAN_POINT('',(-0.0329999999999955,-0.0310875000000045,0.0446));
#3593=CARTESIAN_POINT('',(-0.0329999999999955,-0.0315875000000045,0.0446));
#3594=CARTESIAN_POINT('',(-0.0344999999999955,-0.0315875000000045,0.0446));
#3595=CARTESIAN_POINT('',(-0.0359999999999955,-0.0315875000000045,0.0446));
#3596=CARTESIAN_POINT('',(-0.0359999999999955,-0.0313375000000045,0.0446));
#3597=CARTESIAN_POINT('',(-0.0359999999999955,-0.0310875000000045,0.0446));
#3598=CARTESIAN_POINT('',(-0.0344999999999955,-0.0310875000000045,0.0446));
#3599=CARTESIAN_POINT('',(-0.0344999999999955,0.0315875000000045,0.0446));
#3600=CARTESIAN_POINT('',(-0.0359999999999955,0.0315875000000045,0.0446));
#3601=CARTESIAN_POINT('',(-0.0329999999999955,0.0315875000000045,0.0446));
#3602=CARTESIAN_POINT('',(-0.0329999999999955,0.0313375000000045,0.0446));
#3603=CARTESIAN_POINT('',(-0.0329999999999955,0.0310875000000045,0.0446));
#3604=CARTESIAN_POINT('',(-0.0344999999999955,0.0310875000000045,0.0446));
#3605=CARTESIAN_POINT('',(-0.0359999999999955,0.0310875000000045,0.0446));
#3606=CARTESIAN_POINT('',(-0.0359999999999955,0.0313375000000045,0.0446));
#3607=CARTESIAN_POINT('',(-0.0229999999999955,0.0315875000000045,0.0446));
#3608=CARTESIAN_POINT('',(-0.0244999999999955,0.0315875000000045,0.0446));
#3609=CARTESIAN_POINT('',(-0.0214999999999955,0.0315875000000045,0.0446));
#3610=CARTESIAN_POINT('',(-0.0214999999999955,0.0313375000000045,0.0446));
#3611=CARTESIAN_POINT('',(-0.0214999999999955,0.0310875000000045,0.0446));
#3612=CARTESIAN_POINT('',(-0.0229999999999955,0.0310875000000045,0.0446));
#3613=CARTESIAN_POINT('',(-0.0244999999999955,0.0310875000000045,0.0446));
#3614=CARTESIAN_POINT('',(-0.0244999999999955,0.0313375000000045,0.0446));
#3615=CARTESIAN_POINT('',(-0.0114999999999955,0.0315875000000045,0.0446));
#3616=CARTESIAN_POINT('',(-0.0129999999999955,0.0315875000000045,0.0446));
#3617=CARTESIAN_POINT('',(-0.00999999999999551,0.0315875000000045,0.0446));
#3618=CARTESIAN_POINT('',(-0.00999999999999551,0.0313375000000045,0.0446));
#3619=CARTESIAN_POINT('',(-0.00999999999999551,0.0310875000000045,0.0446));
#3620=CARTESIAN_POINT('',(-0.0114999999999955,0.0310875000000045,0.0446));
#3621=CARTESIAN_POINT('',(-0.0129999999999955,0.0310875000000045,0.0446));
#3622=CARTESIAN_POINT('',(-0.0129999999999955,0.0313375000000045,0.0446));
#3623=CARTESIAN_POINT('',(-0.0229999999999955,-0.0310875000000045,0.0446));
#3624=CARTESIAN_POINT('',(-0.0244999999999955,-0.0310875000000045,0.0446));
#3625=CARTESIAN_POINT('',(-0.0214999999999955,-0.0310875000000045,0.0446));
#3626=CARTESIAN_POINT('',(-0.0214999999999955,-0.0313375000000045,0.0446));
#3627=CARTESIAN_POINT('',(-0.0214999999999955,-0.0315875000000045,0.0446));
#3628=CARTESIAN_POINT('',(-0.0229999999999955,-0.0315875000000045,0.0446));
#3629=CARTESIAN_POINT('',(-0.0244999999999955,-0.0315875000000045,0.0446));
#3630=CARTESIAN_POINT('',(-0.0244999999999955,-0.0313375000000045,0.0446));
#3631=CARTESIAN_POINT('',(-0.0114999999999955,-0.0310875000000045,0.0446));
#3632=CARTESIAN_POINT('',(-0.0129999999999955,-0.0310875000000045,0.0446));
#3633=CARTESIAN_POINT('',(-0.00999999999999551,-0.0310875000000045,0.0446));
#3634=CARTESIAN_POINT('',(-0.00999999999999551,-0.0313375000000045,0.0446));
#3635=CARTESIAN_POINT('',(-0.00999999999999551,-0.0315875000000045,0.0446));
#3636=CARTESIAN_POINT('',(-0.0114999999999955,-0.0315875000000045,0.0446));
#3637=CARTESIAN_POINT('',(-0.0129999999999955,-0.0315875000000045,0.0446));
#3638=CARTESIAN_POINT('',(-0.0129999999999955,-0.0313375000000045,0.0446));
#3639=CARTESIAN_POINT('',(0.00999999999999551,-0.0313375000000045,0.0446));
#3640=CARTESIAN_POINT('',(0.00999999999999551,-0.0315875000000045,0.0446));
#3641=CARTESIAN_POINT('',(0.00999999999999551,-0.0310875000000045,0.0446));
#3642=CARTESIAN_POINT('',(0.0114999999999955,-0.0310875000000045,0.0446));
#3643=CARTESIAN_POINT('',(0.0129999999999955,-0.0310875000000045,0.0446));
#3644=CARTESIAN_POINT('',(0.0129999999999955,-0.0313375000000045,0.0446));
#3645=CARTESIAN_POINT('',(0.0129999999999955,-0.0315875000000045,0.0446));
#3646=CARTESIAN_POINT('',(0.0114999999999955,-0.0315875000000045,0.0446));
#3647=CARTESIAN_POINT('',(0.0229999999999955,-0.0315875000000045,0.0446));
#3648=CARTESIAN_POINT('',(0.0244999999999955,-0.0315875000000045,0.0446));
#3649=CARTESIAN_POINT('',(0.0214999999999955,-0.0315875000000045,0.0446));
#3650=CARTESIAN_POINT('',(0.0214999999999955,-0.0313375000000045,0.0446));
#3651=CARTESIAN_POINT('',(0.0214999999999955,-0.0310875000000045,0.0446));
#3652=CARTESIAN_POINT('',(0.0229999999999955,-0.0310875000000045,0.0446));
#3653=CARTESIAN_POINT('',(0.0244999999999955,-0.0310875000000045,0.0446));
#3654=CARTESIAN_POINT('',(0.0244999999999955,-0.0313375000000045,0.0446));
#3655=CARTESIAN_POINT('',(0.0344999999999955,-0.0315875000000045,0.0446));
#3656=CARTESIAN_POINT('',(0.0359999999999955,-0.0315875000000045,0.0446));
#3657=CARTESIAN_POINT('',(0.0329999999999955,-0.0315875000000045,0.0446));
#3658=CARTESIAN_POINT('',(0.0329999999999955,-0.0313375000000045,0.0446));
#3659=CARTESIAN_POINT('',(0.0329999999999955,-0.0310875000000045,0.0446));
#3660=CARTESIAN_POINT('',(0.0344999999999955,-0.0310875000000045,0.0446));
#3661=CARTESIAN_POINT('',(0.0359999999999955,-0.0310875000000045,0.0446));
#3662=CARTESIAN_POINT('',(0.0359999999999955,-0.0313375000000045,0.0446));
#3663=CARTESIAN_POINT('',(0.0329999999999955,0.0313375000000045,0.0446));
#3664=CARTESIAN_POINT('',(0.0329999999999955,0.0310875000000045,0.0446));
#3665=CARTESIAN_POINT('',(0.0329999999999955,0.0315875000000045,0.0446));
#3666=CARTESIAN_POINT('',(0.0344999999999955,0.0315875000000045,0.0446));
#3667=CARTESIAN_POINT('',(0.0359999999999955,0.0315875000000045,0.0446));
#3668=CARTESIAN_POINT('',(0.0359999999999955,0.0313375000000045,0.0446));
#3669=CARTESIAN_POINT('',(0.0359999999999955,0.0310875000000045,0.0446));
#3670=CARTESIAN_POINT('',(0.0344999999999955,0.0310875000000045,0.0446));
#3671=CARTESIAN_POINT('',(0.0229999999999955,0.0310875000000045,0.0446));
#3672=CARTESIAN_POINT('',(0.0244999999999955,0.0310875000000045,0.0446));
#3673=CARTESIAN_POINT('',(0.0214999999999955,0.0310875000000045,0.0446));
#3674=CARTESIAN_POINT('',(0.0214999999999955,0.0313375000000045,0.0446));
#3675=CARTESIAN_POINT('',(0.0214999999999955,0.0315875000000045,0.0446));
#3676=CARTESIAN_POINT('',(0.0229999999999955,0.0315875000000045,0.0446));
#3677=CARTESIAN_POINT('',(0.0244999999999955,0.0315875000000045,0.0446));
#3678=CARTESIAN_POINT('',(0.0244999999999955,0.0313375000000045,0.0446));
#3679=CARTESIAN_POINT('',(0.00999999999999551,0.0313375000000045,0.0446));
#3680=CARTESIAN_POINT('',(0.00999999999999551,0.0310875000000045,0.0446));
#3681=CARTESIAN_POINT('',(0.00999999999999551,0.0315875000000045,0.0446));
#3682=CARTESIAN_POINT('',(0.0114999999999955,0.0315875000000045,0.0446));
#3683=CARTESIAN_POINT('',(0.0129999999999955,0.0315875000000045,0.0446));
#3684=CARTESIAN_POINT('',(0.0129999999999955,0.0313375000000045,0.0446));
#3685=CARTESIAN_POINT('',(0.0129999999999955,0.0310875000000045,0.0446));
#3686=CARTESIAN_POINT('',(0.0114999999999955,0.0310875000000045,0.0446));
#3687=CARTESIAN_POINT('',(2.60208521396521E-18,0.00265993693126717,0.00399413962308367));
#3688=CARTESIAN_POINT('',(2.60208521396521E-18,0.00257471289480306,0.00473928179985853));
#3689=CARTESIAN_POINT('',(0.005,0.00257471289480306,0.00473928179985853));
#3690=CARTESIAN_POINT('',(-0.005,0.00257471289480307,0.00473928179985853));
#3691=CARTESIAN_POINT('',(0.005,0.00265993693126717,0.00399413962308367));
#3692=CARTESIAN_POINT('',(0.005,0.00265993693126717,0.00399413962308367));
#3693=CARTESIAN_POINT('',(2.60208521396521E-18,0.00265993693126717,0.00399413962308367));
#3694=CARTESIAN_POINT('',(-0.005,0.00265993693126717,0.00399413962308367));
#3695=CARTESIAN_POINT('',(-0.005,0.00265993693126717,0.00399413962308367));
#3696=CARTESIAN_POINT('',(0.005,0.000176129675350993,0.00371005950153666));
#3697=CARTESIAN_POINT('',(0.005,9.09056388868884E-5,0.00445520167831151));
#3698=CARTESIAN_POINT('',(0.005,-0.00239290161702929,0.0041711215567645));
#3699=CARTESIAN_POINT('',(0.005,-0.00230767758056518,0.00342597937998964));
#3700=CARTESIAN_POINT('',(0.005,-0.00230767758056518,0.00342597937998964));
#3701=CARTESIAN_POINT('',(0.005,0.000176129675350993,0.00371005950153666));
#3702=CARTESIAN_POINT('',(8.67361737988404E-19,-0.00230767758056518,0.00342597937998964));
#3703=CARTESIAN_POINT('',(8.67361737988404E-19,-0.00239290161702929,0.0041711215567645));
#3704=CARTESIAN_POINT('',(-0.005,-0.00239290161702928,0.0041711215567645));
#3705=CARTESIAN_POINT('',(-0.005,-0.00230767758056518,0.00342597937998964));
#3706=CARTESIAN_POINT('',(-0.005,-0.00230767758056518,0.00342597937998964));
#3707=CARTESIAN_POINT('',(8.67361737988404E-19,-0.00230767758056518,0.00342597937998964));
#3708=CARTESIAN_POINT('',(0.0475,0.000176129675350999,0.00371005950153666));
#3709=CARTESIAN_POINT('',(0.0475,0.0299818167463451,0.00711902096010085));
#3710=CARTESIAN_POINT('',(0.0475,0.0299818167463451,0.00711902096010085));
#3711=CARTESIAN_POINT('',(0.0475,0.000176129675350999,0.00371005950153666));
#3712=CARTESIAN_POINT('',(0.0475,-0.0296295573956431,0.000301098042972466));
#3713=CARTESIAN_POINT('',(0.0475,-0.0296295573956431,0.000301098042972466));
#3714=CARTESIAN_POINT('',(0.,0.0299818167463451,0.00711902096010085));
#3715=CARTESIAN_POINT('',(-0.0475,0.0299818167463451,0.00711902096010085));
#3716=CARTESIAN_POINT('',(-0.0475,0.0299818167463451,0.00711902096010085));
#3717=CARTESIAN_POINT('',(0.,0.0299818167463451,0.00711902096010085));
#3718=CARTESIAN_POINT('',(-0.0475,0.000176129675350995,0.00371005950153666));
#3719=CARTESIAN_POINT('',(-0.0475,-0.0296295573956431,0.000301098042972466));
#3720=CARTESIAN_POINT('',(-0.0475,-0.0296295573956431,0.000301098042972466));
#3721=CARTESIAN_POINT('',(-0.0475,0.000176129675350995,0.00371005950153666));
#3722=CARTESIAN_POINT('',(0.,-0.0296295573956431,0.000301098042972466));
#3723=CARTESIAN_POINT('',(0.,-0.0296295573956431,0.000301098042972466));
#3724=CARTESIAN_POINT('',(-0.005,0.000176129675350994,0.00371005950153666));
#3725=CARTESIAN_POINT('',(-0.005,9.09056388868891E-5,0.00445520167831151));
#3726=CARTESIAN_POINT('',(-0.005,0.000176129675350994,0.00371005950153666));
#3727=CARTESIAN_POINT('',(4.50334214363579E-15,0.000176129675392228,0.00371005950154138));
#3728=CARTESIAN_POINT('',(0.0509937500000045,0.030846648985265,0.00797282378336699));
#3729=CARTESIAN_POINT('',(0.0298679400000045,0.044223857153712,0.0140511029600189));
#3730=CARTESIAN_POINT('',(0.0358679400000045,0.044223857153712,0.0140511029600189));
#3731=CARTESIAN_POINT('',(0.0358679400000045,0.0370892385489943,0.0132350962768948));
#3732=CARTESIAN_POINT('',(0.0358679400000045,0.0333374999999955,0.0128059992362634));
#3733=CARTESIAN_POINT('',(0.0278679400000045,0.0370892385489943,0.0132350962768948));
#3734=CARTESIAN_POINT('',(0.0278679400000045,0.0370892385489943,0.0132350962768948));
#3735=CARTESIAN_POINT('',(0.0278679400000045,0.044223857153712,0.0140511029600189));
#3736=CARTESIAN_POINT('',(0.0278679400000045,0.0333374999999955,0.0128059992362634));
#3737=CARTESIAN_POINT('',(4.49640324973189E-15,0.0333374999999955,0.0128059992362634));
#3738=CARTESIAN_POINT('',(0.0278679400000045,0.0440562498819993,0.0155165492410094));
#3739=CARTESIAN_POINT('',(0.0278679400000045,0.0398352442154968,0.0107852570116886));
#3740=CARTESIAN_POINT('',(0.0278679400000045,0.0372166078233117,0.013121464228276));
#3741=CARTESIAN_POINT('',(0.0278679400000045,0.0372166078233117,0.0163470955056238));
#3742=CARTESIAN_POINT('',(0.0278679400000045,0.0372166078233117,0.0162188958697484));
#3743=CARTESIAN_POINT('',(0.0278679400000045,0.0438886426102865,0.016981995522));
#3744=CARTESIAN_POINT('',(0.0278679400000045,0.0333374999999955,0.0157752312418603));
#3745=CARTESIAN_POINT('',(0.0278679400000045,0.0323374999999955,0.0157752312418603));
#3746=CARTESIAN_POINT('',(0.0278679400000045,0.0323374999999955,0.0157752312418603));
#3747=CARTESIAN_POINT('',(0.0278679400000045,0.0323374999999955,0.025));
#3748=CARTESIAN_POINT('',(0.0278679400000045,0.0323374999999955,0.0128059992362634));
#3749=CARTESIAN_POINT('',(0.0278679400000045,0.0323374999999955,0.0128059992362634));
#3750=CARTESIAN_POINT('',(0.0318679400000045,0.0438886426102865,0.016981995522));
#3751=CARTESIAN_POINT('',(0.0279078437006438,0.0371767041226724,0.0162143319696709));
#3752=CARTESIAN_POINT('',(0.0277405707256871,0.0373439770976291,0.016233463457005));
#3753=CARTESIAN_POINT('',(0.0318679400000045,0.0373439770976291,0.016233463457005));
#3754=CARTESIAN_POINT('',(0.0359953092743218,0.0373439770976291,0.016233463457005));
#3755=CARTESIAN_POINT('',(0.037480445429284,0.0388291132525912,0.0164033227157743));
#3756=CARTESIAN_POINT('',(0.0358679400000045,0.0372166078233117,0.0162188958697484));
#3757=CARTESIAN_POINT('',(0.0358679400000045,0.0438886426102865,0.016981995522));
#3758=CARTESIAN_POINT('',(0.0358679400000045,0.0333374999999955,0.0157752312418603));
#3759=CARTESIAN_POINT('',(4.49640324973189E-15,0.0333374999999955,0.0157752312418603));
#3760=CARTESIAN_POINT('',(0.0358679400000045,0.0440562498819993,0.0155165492410094));
#3761=CARTESIAN_POINT('',(0.0358679400000045,0.0372166078233117,0.0155165492410094));
#3762=CARTESIAN_POINT('',(0.0358679400000045,0.0372166078233117,0.013121464228276));
#3763=CARTESIAN_POINT('',(0.0358679400000045,0.0370892385489943,0.0132350962768948));
#3764=CARTESIAN_POINT('',(0.0358679400000045,0.0323374999999955,0.0128059992362634));
#3765=CARTESIAN_POINT('',(0.0358679400000045,0.0323374999999955,0.0128059992362634));
#3766=CARTESIAN_POINT('',(0.0358679400000045,0.0323374999999955,0.025));
#3767=CARTESIAN_POINT('',(0.0358679400000045,0.0323374999999955,0.0157752312418603));
#3768=CARTESIAN_POINT('',(0.0358679400000045,0.0323374999999955,0.0157752312418603));
#3769=CARTESIAN_POINT('',(0.0278679400000045,0.0372166078233117,0.0155165492410094));
#3770=CARTESIAN_POINT('',(0.0282470478233207,0.0368374999999955,0.0114495018578224));
#3771=CARTESIAN_POINT('',(0.0272484668574977,0.0378360809658184,0.0125688034501987));
#3772=CARTESIAN_POINT('',(0.0271863876515409,0.0378981601717754,0.0125101620296037));
#3773=CARTESIAN_POINT('',(0.0271863876515408,0.0378981601717754,0.0155165492410094));
#3774=CARTESIAN_POINT('',(0.0271863876515408,0.0378981601717754,0.0168546429292663));
#3775=CARTESIAN_POINT('',(0.0191853291212744,0.0458992187020417,0.0258229668410314));
#3776=CARTESIAN_POINT('',(0.0286321831013437,0.0364523647219725,0.0138032810142581));
#3777=CARTESIAN_POINT('',(0.0298679400000045,0.0370892385489943,0.0132350962768948));
#3778=CARTESIAN_POINT('',(0.0328794447993875,0.0342281126226946,0.0157876396756402));
#3779=CARTESIAN_POINT('',(0.0364874131425112,0.0378360809658184,0.0125688034501987));
#3780=CARTESIAN_POINT('',(0.0298679400000045,0.0378360809658184,0.0125688034501987));
#3781=CARTESIAN_POINT('',(0.00212307254879101,0.0383374999999955,0.0173470955056238));
#3782=CARTESIAN_POINT('',(0.026125727479761,0.0368374999999955,0.0156657572405981));
#3783=CARTESIAN_POINT('',(0.0271243084455869,0.0379568015923719,0.0169203736388425));
#3784=CARTESIAN_POINT('',(0.00212307254879101,0.0379568015923719,0.0169203736388425));
#3785=CARTESIAN_POINT('',(0.0366115715544221,0.0379568015923719,0.0169203736388425));
#3786=CARTESIAN_POINT('',(0.037610152520248,0.0368374999999955,0.0156657572405981));
#3787=CARTESIAN_POINT('',(0.0365494923484682,0.0378981601717754,0.0168546429292663));
#3788=CARTESIAN_POINT('',(0.0396230548443657,0.040971722667673,0.0202997750854667));
#3789=CARTESIAN_POINT('',(0.0369888321766884,0.0383374999999955,0.025));
#3790=CARTESIAN_POINT('',(0.0365494923484682,0.0378981601717754,0.025));
#3791=CARTESIAN_POINT('',(0.0365494923484682,0.0378981601717754,0.0125101620296037));
#3792=CARTESIAN_POINT('',(0.0354888321766883,0.0368374999999955,0.0114495018578224));
#3793=CARTESIAN_POINT('',(0.00212307254879101,0.0368374999999955,0.0179189546046654));
#3794=CARTESIAN_POINT('',(0.026125727479761,0.0368374999999955,0.0179189546046654));
#3795=CARTESIAN_POINT('',(0.037610152520248,0.0368374999999955,0.0179189546046654));
#3796=CARTESIAN_POINT('',(0.026125727479761,0.0368374999999955,0.025));
#3797=CARTESIAN_POINT('',(0.026125727479761,0.0368374999999955,0.0114495018578224));
#3798=CARTESIAN_POINT('',(0.037610152520248,0.0368374999999955,0.025));
#3799=CARTESIAN_POINT('',(0.037610152520248,0.0368374999999955,0.0114495018578224));
#3800=CARTESIAN_POINT('',(0.00212307254879101,0.0368374999999955,0.0114495018578224));
#3801=CARTESIAN_POINT('',(4.49640324973189E-15,0.0323374999999955,0.0128059992362634));
#3802=CARTESIAN_POINT('',(4.49640324973189E-15,0.0323374999999955,0.0128059992362634));
#3803=CARTESIAN_POINT('',(0.0359929400000045,0.0323374999999955,0.0160252312418603));
#3804=CARTESIAN_POINT('',(0.0276179400000045,0.0323374999999955,0.0160252312418603));
#3805=CARTESIAN_POINT('',(0.0276179400000045,0.0323374999999955,0.0160252312418603));
#3806=CARTESIAN_POINT('',(0.0359929400000045,0.0323374999999955,0.0160252312418603));
#3807=CARTESIAN_POINT('',(0.0361179400000045,0.0323374999999955,0.0160252312418603));
#3808=CARTESIAN_POINT('',(0.0361179400000045,0.0323374999999955,0.0160252312418603));
#3809=CARTESIAN_POINT('',(0.0276179400000045,0.0323374999999955,0.0160226665127641));
#3810=CARTESIAN_POINT('',(0.0276179400000045,0.0323374999999955,0.0125559992362634));
#3811=CARTESIAN_POINT('',(0.0276179400000045,0.0323374999999955,0.0125559992362634));
#3812=CARTESIAN_POINT('',(0.0276179400000045,0.0323374999999955,0.0160226665127641));
#3813=CARTESIAN_POINT('',(0.0277429400000045,0.0323374999999955,0.0125559992362634));
#3814=CARTESIAN_POINT('',(0.0361179400000045,0.0323374999999955,0.0125559992362634));
#3815=CARTESIAN_POINT('',(0.0361179400000045,0.0323374999999955,0.0125559992362634));
#3816=CARTESIAN_POINT('',(0.0277429400000045,0.0323374999999955,0.0125559992362634));
#3817=CARTESIAN_POINT('',(0.0361179400000045,0.0323374999999955,0.0141656152390619));
#3818=CARTESIAN_POINT('',(0.0361179400000045,0.0323374999999955,0.0141656152390619));
#3819=CARTESIAN_POINT('',(4.49640324973189E-15,0.0323374999999955,0.0157752312418603));
#3820=CARTESIAN_POINT('',(4.49640324973189E-15,0.0323374999999955,0.0157752312418603));
#3821=CARTESIAN_POINT('',(4.49640324973189E-15,0.0323374999999955,0.0166217050495705));
#3822=MECHANICAL_DESIGN_GEOMETRIC_PRESENTATION_REPRESENTATION('',(#2355),
#3823);
#3823=(
GEOMETRIC_REPRESENTATION_CONTEXT(3)
GLOBAL_UNCERTAINTY_ASSIGNED_CONTEXT((#3824))
GLOBAL_UNIT_ASSIGNED_CONTEXT((#3827,#3826,#3825))
REPRESENTATION_CONTEXT('Part 1','TOP_LEVEL_ASSEMBLY_PART')
);
#3824=UNCERTAINTY_MEASURE_WITH_UNIT(LENGTH_MEASURE(2.E-5),#3827,
'DISTANCE_ACCURACY_VALUE','Maximum Tolerance applied to model');
#3825=(
NAMED_UNIT(*)
SI_UNIT($,.STERADIAN.)
SOLID_ANGLE_UNIT()
);
#3826=(
NAMED_UNIT(*)
PLANE_ANGLE_UNIT()
SI_UNIT($,.RADIAN.)
);
#3827=(
LENGTH_UNIT()
NAMED_UNIT(*)
SI_UNIT($,.METRE.)
);
#3828=PRODUCT_DEFINITION_SHAPE('','',#3829);
#3829=PRODUCT_DEFINITION('','',#3831,#3830);
#3830=PRODUCT_DEFINITION_CONTEXT('',#3837,'design');
#3831=PRODUCT_DEFINITION_FORMATION_WITH_SPECIFIED_SOURCE('','',#3833,
 .NOT_KNOWN.);
#3832=PRODUCT_RELATED_PRODUCT_CATEGORY('','',(#3833));
#3833=PRODUCT('Part 1','Part 1','Part 1',(#3835));
#3834=PRODUCT_CATEGORY('','');
#3835=PRODUCT_CONTEXT('',#3837,'mechanical');
#3836=APPLICATION_PROTOCOL_DEFINITION('international standard',
'ap242_managed_model_based_3d_engineering',2020,#3837);
#3837=APPLICATION_CONTEXT('managed model based 3d engineering');
ENDSEC;
END-ISO-10303-21;
