ISO-10303-21;
HEADER;
/* Generated by software containing ST-Developer
 * from STEP Tools, Inc. (www.steptools.com) 
 */
/* OPTION: using custom renumber hook */

FILE_DESCRIPTION(
/* description */ ('STEP AP242 Edition 2',
'CAx-IF Rec.Pracs.---Representation and Presentation of Product Manufa
cturing Information (PMI)---4.0---2014-10-13',
'CAx-IF Rec.Pracs.---3D Tessellated Geometry---0.4---2014-09-14','2;1',
'CAx-IF Rec.Pracs.---User Defined Attributes---1.5---2016-08-15'),
/* implementation_level */ '2;1');

FILE_NAME(
/* name */ '6ab843d7c1eec6a452768798',
/* time_stamp */ '2026-09-26T22:14:47Z',
/* author */ (''),
/* organization */ (''),
/* preprocessor_version */ 'ST-DEVELOPER v20',
/* originating_system */ 'ONSHAPE BY PTC INC, 1.221',
/* authorisation */ '  ');

FILE_SCHEMA (('AP242_MANAGED_MODEL_BASED_3D_ENGINEERING_MIM_LF { 1 0 10303 442 3 1 4 }'));
ENDSEC;

DATA;
#10=B_SPLINE_CURVE_WITH_KNOTS('',3,(#4389,#4390,#4391,#4392),
 .UNSPECIFIED.,.F.,.F.,(4,4),(0.,0.00282967888335816),.UNSPECIFIED.);
#11=B_SPLINE_CURVE_WITH_KNOTS('',3,(#4394,#4395,#4396,#4397),
 .UNSPECIFIED.,.F.,.F.,(4,4),(0.,0.00282967888335809),.UNSPECIFIED.);
#12=B_SPLINE_CURVE_WITH_KNOTS('',3,(#4403,#4404,#4405,#4406),
 .UNSPECIFIED.,.F.,.F.,(4,4),(0.,0.00282967888335816),.UNSPECIFIED.);
#13=B_SPLINE_CURVE_WITH_KNOTS('',3,(#4410,#4411,#4412,#4413),
 .UNSPECIFIED.,.F.,.F.,(4,4),(0.,0.00282967888335816),.UNSPECIFIED.);
#14=CONICAL_SURFACE('',#2993,0.00355,0.785398163397449);
#15=CONICAL_SURFACE('',#2996,0.00355,0.785398163397449);
#16=CONICAL_SURFACE('',#2997,0.00355,0.785398163397449);
#17=CONICAL_SURFACE('',#3000,0.00355,0.785398163397449);
#18=CONICAL_SURFACE('',#3010,0.0005,0.785398163397448);
#19=CONICAL_SURFACE('',#3011,0.0005,0.785398163397448);
#20=CONICAL_SURFACE('',#3014,0.0005,0.785398163397448);
#21=CONICAL_SURFACE('',#3015,0.0005,0.785398163397448);
#22=CONTEXT_DEPENDENT_SHAPE_REPRESENTATION(#28,#4697);
#23=CONTEXT_DEPENDENT_SHAPE_REPRESENTATION(#29,#4699);
#24=CONTEXT_DEPENDENT_SHAPE_REPRESENTATION(#30,#4701);
#25=NEXT_ASSEMBLY_USAGE_OCCURRENCE('NAUO1','Part 9','Part 9',#4702,#4703,
'');
#26=NEXT_ASSEMBLY_USAGE_OCCURRENCE('NAUO2','Part 8','Part 8',#4702,#4704,
'');
#27=NEXT_ASSEMBLY_USAGE_OCCURRENCE('NAUO3','Part 1','Part 1',#4702,#4705,
'');
#28=(
REPRESENTATION_RELATIONSHIP(' ',' ',#2884,#2883)
REPRESENTATION_RELATIONSHIP_WITH_TRANSFORMATION(#31)
SHAPE_REPRESENTATION_RELATIONSHIP()
);
#29=(
REPRESENTATION_RELATIONSHIP(' ',' ',#2885,#2883)
REPRESENTATION_RELATIONSHIP_WITH_TRANSFORMATION(#32)
SHAPE_REPRESENTATION_RELATIONSHIP()
);
#30=(
REPRESENTATION_RELATIONSHIP(' ',' ',#2886,#2883)
REPRESENTATION_RELATIONSHIP_WITH_TRANSFORMATION(#33)
SHAPE_REPRESENTATION_RELATIONSHIP()
);
#31=ITEM_DEFINED_TRANSFORMATION(' ',' ',#2887,#2921);
#32=ITEM_DEFINED_TRANSFORMATION(' ',' ',#2887,#2934);
#33=ITEM_DEFINED_TRANSFORMATION(' ',' ',#2887,#3102);
#34=SHAPE_REPRESENTATION_RELATIONSHIP('','',#2884,#37);
#35=SHAPE_REPRESENTATION_RELATIONSHIP('','',#2885,#38);
#36=SHAPE_REPRESENTATION_RELATIONSHIP('','',#2886,#39);
#37=ADVANCED_BREP_SHAPE_REPRESENTATION('',(#2876),#4685);
#38=ADVANCED_BREP_SHAPE_REPRESENTATION('',(#2877),#4686);
#39=ADVANCED_BREP_SHAPE_REPRESENTATION('',(#2878),#4687);
#40=B_SPLINE_SURFACE_WITH_KNOTS('',3,1,((#3889,#3890),(#3891,#3892),(#3893,
#3894),(#3895,#3896)),.SURF_OF_LINEAR_EXTRUSION.,.F.,.F.,.F.,(4,4),(2,2),
(1.57079635934084,2.45019005483562),(0.,1.),.PIECEWISE_BEZIER_KNOTS.);
#41=LINE('',#3876,#365);
#42=LINE('',#3880,#366);
#43=LINE('',#3884,#367);
#44=LINE('',#3887,#368);
#45=LINE('',#3888,#369);
#46=LINE('',#3897,#370);
#47=LINE('',#3907,#371);
#48=LINE('',#3911,#372);
#49=LINE('',#3914,#373);
#50=LINE('',#3915,#374);
#51=LINE('',#3917,#375);
#52=LINE('',#3920,#376);
#53=LINE('',#3922,#377);
#54=LINE('',#3923,#378);
#55=LINE('',#3925,#379);
#56=LINE('',#3927,#380);
#57=LINE('',#3929,#381);
#58=LINE('',#3931,#382);
#59=LINE('',#3943,#383);
#60=LINE('',#3945,#384);
#61=LINE('',#3949,#385);
#62=LINE('',#3952,#386);
#63=LINE('',#3954,#387);
#64=LINE('',#3956,#388);
#65=LINE('',#3958,#389);
#66=LINE('',#3960,#390);
#67=LINE('',#3962,#391);
#68=LINE('',#3964,#392);
#69=LINE('',#3967,#393);
#70=LINE('',#3969,#394);
#71=LINE('',#3970,#395);
#72=LINE('',#3972,#396);
#73=LINE('',#3974,#397);
#74=LINE('',#3976,#398);
#75=LINE('',#3978,#399);
#76=LINE('',#3980,#400);
#77=LINE('',#3982,#401);
#78=LINE('',#3984,#402);
#79=LINE('',#3985,#403);
#80=LINE('',#3987,#404);
#81=LINE('',#3989,#405);
#82=LINE('',#3991,#406);
#83=LINE('',#3993,#407);
#84=LINE('',#3995,#408);
#85=LINE('',#3997,#409);
#86=LINE('',#3999,#410);
#87=LINE('',#4001,#411);
#88=LINE('',#4004,#412);
#89=LINE('',#4008,#413);
#90=LINE('',#4011,#414);
#91=LINE('',#4013,#415);
#92=LINE('',#4015,#416);
#93=LINE('',#4016,#417);
#94=LINE('',#4019,#418);
#95=LINE('',#4021,#419);
#96=LINE('',#4023,#420);
#97=LINE('',#4024,#421);
#98=LINE('',#4027,#422);
#99=LINE('',#4029,#423);
#100=LINE('',#4031,#424);
#101=LINE('',#4032,#425);
#102=LINE('',#4035,#426);
#103=LINE('',#4037,#427);
#104=LINE('',#4039,#428);
#105=LINE('',#4040,#429);
#106=LINE('',#4043,#430);
#107=LINE('',#4045,#431);
#108=LINE('',#4047,#432);
#109=LINE('',#4048,#433);
#110=LINE('',#4051,#434);
#111=LINE('',#4053,#435);
#112=LINE('',#4055,#436);
#113=LINE('',#4056,#437);
#114=LINE('',#4059,#438);
#115=LINE('',#4061,#439);
#116=LINE('',#4063,#440);
#117=LINE('',#4064,#441);
#118=LINE('',#4067,#442);
#119=LINE('',#4069,#443);
#120=LINE('',#4071,#444);
#121=LINE('',#4072,#445);
#122=LINE('',#4075,#446);
#123=LINE('',#4077,#447);
#124=LINE('',#4079,#448);
#125=LINE('',#4080,#449);
#126=LINE('',#4083,#450);
#127=LINE('',#4085,#451);
#128=LINE('',#4087,#452);
#129=LINE('',#4088,#453);
#130=LINE('',#4091,#454);
#131=LINE('',#4093,#455);
#132=LINE('',#4095,#456);
#133=LINE('',#4096,#457);
#134=LINE('',#4101,#458);
#135=LINE('',#4105,#459);
#136=LINE('',#4109,#460);
#137=LINE('',#4112,#461);
#138=LINE('',#4115,#462);
#139=LINE('',#4117,#463);
#140=LINE('',#4119,#464);
#141=LINE('',#4120,#465);
#142=LINE('',#4123,#466);
#143=LINE('',#4125,#467);
#144=LINE('',#4127,#468);
#145=LINE('',#4129,#469);
#146=LINE('',#4132,#470);
#147=LINE('',#4134,#471);
#148=LINE('',#4136,#472);
#149=LINE('',#4137,#473);
#150=LINE('',#4140,#474);
#151=LINE('',#4142,#475);
#152=LINE('',#4144,#476);
#153=LINE('',#4145,#477);
#154=LINE('',#4148,#478);
#155=LINE('',#4150,#479);
#156=LINE('',#4152,#480);
#157=LINE('',#4153,#481);
#158=LINE('',#4156,#482);
#159=LINE('',#4158,#483);
#160=LINE('',#4160,#484);
#161=LINE('',#4161,#485);
#162=LINE('',#4164,#486);
#163=LINE('',#4166,#487);
#164=LINE('',#4168,#488);
#165=LINE('',#4169,#489);
#166=LINE('',#4172,#490);
#167=LINE('',#4174,#491);
#168=LINE('',#4176,#492);
#169=LINE('',#4180,#493);
#170=LINE('',#4184,#494);
#171=LINE('',#4188,#495);
#172=LINE('',#4192,#496);
#173=LINE('',#4196,#497);
#174=LINE('',#4200,#498);
#175=LINE('',#4204,#499);
#176=LINE('',#4208,#500);
#177=LINE('',#4209,#501);
#178=LINE('',#4212,#502);
#179=LINE('',#4214,#503);
#180=LINE('',#4216,#504);
#181=LINE('',#4217,#505);
#182=LINE('',#4220,#506);
#183=LINE('',#4222,#507);
#184=LINE('',#4224,#508);
#185=LINE('',#4225,#509);
#186=LINE('',#4228,#510);
#187=LINE('',#4230,#511);
#188=LINE('',#4232,#512);
#189=LINE('',#4233,#513);
#190=LINE('',#4236,#514);
#191=LINE('',#4238,#515);
#192=LINE('',#4240,#516);
#193=LINE('',#4241,#517);
#194=LINE('',#4244,#518);
#195=LINE('',#4246,#519);
#196=LINE('',#4248,#520);
#197=LINE('',#4249,#521);
#198=LINE('',#4252,#522);
#199=LINE('',#4254,#523);
#200=LINE('',#4256,#524);
#201=LINE('',#4260,#525);
#202=LINE('',#4266,#526);
#203=LINE('',#4268,#527);
#204=LINE('',#4270,#528);
#205=LINE('',#4272,#529);
#206=LINE('',#4275,#530);
#207=LINE('',#4281,#531);
#208=LINE('',#4287,#532);
#209=LINE('',#4289,#533);
#210=LINE('',#4291,#534);
#211=LINE('',#4293,#535);
#212=LINE('',#4299,#536);
#213=LINE('',#4304,#537);
#214=LINE('',#4308,#538);
#215=LINE('',#4312,#539);
#216=LINE('',#4316,#540);
#217=LINE('',#4318,#541);
#218=LINE('',#4324,#542);
#219=LINE('',#4326,#543);
#220=LINE('',#4329,#544);
#221=LINE('',#4331,#545);
#222=LINE('',#4333,#546);
#223=LINE('',#4334,#547);
#224=LINE('',#4336,#548);
#225=LINE('',#4342,#549);
#226=LINE('',#4346,#550);
#227=LINE('',#4349,#551);
#228=LINE('',#4351,#552);
#229=LINE('',#4353,#553);
#230=LINE('',#4355,#554);
#231=LINE('',#4359,#555);
#232=LINE('',#4362,#556);
#233=LINE('',#4365,#557);
#234=LINE('',#4367,#558);
#235=LINE('',#4369,#559);
#236=LINE('',#4370,#560);
#237=LINE('',#4372,#561);
#238=LINE('',#4374,#562);
#239=LINE('',#4379,#563);
#240=LINE('',#4380,#564);
#241=LINE('',#4384,#565);
#242=LINE('',#4386,#566);
#243=LINE('',#4388,#567);
#244=LINE('',#4399,#568);
#245=LINE('',#4401,#569);
#246=LINE('',#4408,#570);
#247=LINE('',#4421,#571);
#248=LINE('',#4425,#572);
#249=LINE('',#4430,#573);
#250=LINE('',#4434,#574);
#251=LINE('',#4436,#575);
#252=LINE('',#4437,#576);
#253=LINE('',#4439,#577);
#254=LINE('',#4441,#578);
#255=LINE('',#4444,#579);
#256=LINE('',#4445,#580);
#257=LINE('',#4447,#581);
#258=LINE('',#4449,#582);
#259=LINE('',#4452,#583);
#260=LINE('',#4453,#584);
#261=LINE('',#4455,#585);
#262=LINE('',#4457,#586);
#263=LINE('',#4460,#587);
#264=LINE('',#4461,#588);
#265=LINE('',#4463,#589);
#266=LINE('',#4465,#590);
#267=LINE('',#4468,#591);
#268=LINE('',#4469,#592);
#269=LINE('',#4471,#593);
#270=LINE('',#4473,#594);
#271=LINE('',#4476,#595);
#272=LINE('',#4477,#596);
#273=LINE('',#4479,#597);
#274=LINE('',#4481,#598);
#275=LINE('',#4484,#599);
#276=LINE('',#4485,#600);
#277=LINE('',#4487,#601);
#278=LINE('',#4489,#602);
#279=LINE('',#4492,#603);
#280=LINE('',#4493,#604);
#281=LINE('',#4495,#605);
#282=LINE('',#4497,#606);
#283=LINE('',#4500,#607);
#284=LINE('',#4501,#608);
#285=LINE('',#4503,#609);
#286=LINE('',#4505,#610);
#287=LINE('',#4508,#611);
#288=LINE('',#4509,#612);
#289=LINE('',#4511,#613);
#290=LINE('',#4513,#614);
#291=LINE('',#4516,#615);
#292=LINE('',#4517,#616);
#293=LINE('',#4519,#617);
#294=LINE('',#4521,#618);
#295=LINE('',#4524,#619);
#296=LINE('',#4525,#620);
#297=LINE('',#4527,#621);
#298=LINE('',#4529,#622);
#299=LINE('',#4532,#623);
#300=LINE('',#4533,#624);
#301=LINE('',#4535,#625);
#302=LINE('',#4537,#626);
#303=LINE('',#4540,#627);
#304=LINE('',#4541,#628);
#305=LINE('',#4543,#629);
#306=LINE('',#4545,#630);
#307=LINE('',#4548,#631);
#308=LINE('',#4551,#632);
#309=LINE('',#4553,#633);
#310=LINE('',#4555,#634);
#311=LINE('',#4557,#635);
#312=LINE('',#4559,#636);
#313=LINE('',#4561,#637);
#314=LINE('',#4563,#638);
#315=LINE('',#4565,#639);
#316=LINE('',#4567,#640);
#317=LINE('',#4569,#641);
#318=LINE('',#4571,#642);
#319=LINE('',#4573,#643);
#320=LINE('',#4575,#644);
#321=LINE('',#4577,#645);
#322=LINE('',#4579,#646);
#323=LINE('',#4581,#647);
#324=LINE('',#4583,#648);
#325=LINE('',#4585,#649);
#326=LINE('',#4586,#650);
#327=LINE('',#4590,#651);
#328=LINE('',#4593,#652);
#329=LINE('',#4595,#653);
#330=LINE('',#4597,#654);
#331=LINE('',#4599,#655);
#332=LINE('',#4601,#656);
#333=LINE('',#4603,#657);
#334=LINE('',#4605,#658);
#335=LINE('',#4607,#659);
#336=LINE('',#4609,#660);
#337=LINE('',#4611,#661);
#338=LINE('',#4613,#662);
#339=LINE('',#4615,#663);
#340=LINE('',#4617,#664);
#341=LINE('',#4619,#665);
#342=LINE('',#4621,#666);
#343=LINE('',#4623,#667);
#344=LINE('',#4624,#668);
#345=LINE('',#4626,#669);
#346=LINE('',#4628,#670);
#347=LINE('',#4633,#671);
#348=LINE('',#4635,#672);
#349=LINE('',#4636,#673);
#350=LINE('',#4638,#674);
#351=LINE('',#4640,#675);
#352=LINE('',#4644,#676);
#353=LINE('',#4648,#677);
#354=LINE('',#4650,#678);
#355=LINE('',#4662,#679);
#356=LINE('',#4664,#680);
#357=LINE('',#4666,#681);
#358=LINE('',#4668,#682);
#359=LINE('',#4670,#683);
#360=LINE('',#4672,#684);
#361=LINE('',#4674,#685);
#362=LINE('',#4676,#686);
#363=LINE('',#4678,#687);
#364=LINE('',#4680,#688);
#365=VECTOR('',#3125,1.);
#366=VECTOR('',#3128,1.);
#367=VECTOR('',#3133,1.);
#368=VECTOR('',#3134,1.);
#369=VECTOR('',#3135,1.);
#370=VECTOR('',#3136,1.);
#371=VECTOR('',#3147,1.);
#372=VECTOR('',#3152,1.);
#373=VECTOR('',#3153,1.);
#374=VECTOR('',#3154,1.);
#375=VECTOR('',#3157,1.);
#376=VECTOR('',#3158,1.);
#377=VECTOR('',#3159,1.);
#378=VECTOR('',#3160,1.);
#379=VECTOR('',#3161,1.);
#380=VECTOR('',#3164,1.);
#381=VECTOR('',#3165,1.);
#382=VECTOR('',#3166,1.);
#383=VECTOR('',#3185,1.);
#384=VECTOR('',#3188,1.);
#385=VECTOR('',#3195,1.);
#386=VECTOR('',#3196,1.);
#387=VECTOR('',#3197,1.);
#388=VECTOR('',#3198,1.);
#389=VECTOR('',#3201,1.);
#390=VECTOR('',#3202,1.);
#391=VECTOR('',#3203,1.);
#392=VECTOR('',#3206,1.);
#393=VECTOR('',#3207,1.);
#394=VECTOR('',#3208,1.);
#395=VECTOR('',#3209,1.);
#396=VECTOR('',#3210,1.);
#397=VECTOR('',#3211,1.);
#398=VECTOR('',#3214,1.);
#399=VECTOR('',#3215,1.);
#400=VECTOR('',#3216,1.);
#401=VECTOR('',#3219,1.);
#402=VECTOR('',#3220,1.);
#403=VECTOR('',#3221,1.);
#404=VECTOR('',#3222,1.);
#405=VECTOR('',#3225,1.);
#406=VECTOR('',#3228,1.);
#407=VECTOR('',#3229,1.);
#408=VECTOR('',#3230,1.);
#409=VECTOR('',#3233,1.);
#410=VECTOR('',#3234,1.);
#411=VECTOR('',#3237,1.);
#412=VECTOR('',#3242,1.);
#413=VECTOR('',#3249,1.);
#414=VECTOR('',#3250,1.);
#415=VECTOR('',#3251,1.);
#416=VECTOR('',#3252,1.);
#417=VECTOR('',#3253,1.);
#418=VECTOR('',#3254,1.);
#419=VECTOR('',#3255,1.);
#420=VECTOR('',#3256,1.);
#421=VECTOR('',#3257,1.);
#422=VECTOR('',#3258,1.);
#423=VECTOR('',#3259,1.);
#424=VECTOR('',#3260,1.);
#425=VECTOR('',#3261,1.);
#426=VECTOR('',#3262,1.);
#427=VECTOR('',#3263,1.);
#428=VECTOR('',#3264,1.);
#429=VECTOR('',#3265,1.);
#430=VECTOR('',#3266,1.);
#431=VECTOR('',#3267,1.);
#432=VECTOR('',#3268,1.);
#433=VECTOR('',#3269,1.);
#434=VECTOR('',#3270,1.);
#435=VECTOR('',#3271,1.);
#436=VECTOR('',#3272,1.);
#437=VECTOR('',#3273,1.);
#438=VECTOR('',#3274,1.);
#439=VECTOR('',#3275,1.);
#440=VECTOR('',#3276,1.);
#441=VECTOR('',#3277,1.);
#442=VECTOR('',#3278,1.);
#443=VECTOR('',#3279,1.);
#444=VECTOR('',#3280,1.);
#445=VECTOR('',#3281,1.);
#446=VECTOR('',#3282,1.);
#447=VECTOR('',#3283,1.);
#448=VECTOR('',#3284,1.);
#449=VECTOR('',#3285,1.);
#450=VECTOR('',#3286,1.);
#451=VECTOR('',#3287,1.);
#452=VECTOR('',#3288,1.);
#453=VECTOR('',#3289,1.);
#454=VECTOR('',#3290,1.);
#455=VECTOR('',#3291,1.);
#456=VECTOR('',#3292,1.);
#457=VECTOR('',#3293,1.);
#458=VECTOR('',#3296,1.);
#459=VECTOR('',#3299,1.);
#460=VECTOR('',#3302,1.);
#461=VECTOR('',#3305,1.);
#462=VECTOR('',#3306,1.);
#463=VECTOR('',#3307,1.);
#464=VECTOR('',#3308,1.);
#465=VECTOR('',#3309,1.);
#466=VECTOR('',#3310,1.);
#467=VECTOR('',#3311,1.);
#468=VECTOR('',#3312,1.);
#469=VECTOR('',#3315,1.);
#470=VECTOR('',#3316,1.);
#471=VECTOR('',#3317,1.);
#472=VECTOR('',#3318,1.);
#473=VECTOR('',#3319,1.);
#474=VECTOR('',#3320,1.);
#475=VECTOR('',#3321,1.);
#476=VECTOR('',#3322,1.);
#477=VECTOR('',#3323,1.);
#478=VECTOR('',#3324,1.);
#479=VECTOR('',#3325,1.);
#480=VECTOR('',#3326,1.);
#481=VECTOR('',#3327,1.);
#482=VECTOR('',#3328,1.);
#483=VECTOR('',#3329,1.);
#484=VECTOR('',#3330,1.);
#485=VECTOR('',#3331,1.);
#486=VECTOR('',#3332,1.);
#487=VECTOR('',#3333,1.);
#488=VECTOR('',#3334,1.);
#489=VECTOR('',#3335,1.);
#490=VECTOR('',#3336,1.);
#491=VECTOR('',#3337,1.);
#492=VECTOR('',#3338,1.);
#493=VECTOR('',#3341,1.);
#494=VECTOR('',#3344,1.);
#495=VECTOR('',#3347,1.);
#496=VECTOR('',#3350,1.);
#497=VECTOR('',#3353,1.);
#498=VECTOR('',#3356,1.);
#499=VECTOR('',#3359,1.);
#500=VECTOR('',#3362,1.);
#501=VECTOR('',#3363,1.);
#502=VECTOR('',#3364,1.);
#503=VECTOR('',#3365,1.);
#504=VECTOR('',#3366,1.);
#505=VECTOR('',#3367,1.);
#506=VECTOR('',#3368,1.);
#507=VECTOR('',#3369,1.);
#508=VECTOR('',#3370,1.);
#509=VECTOR('',#3371,1.);
#510=VECTOR('',#3372,1.);
#511=VECTOR('',#3373,1.);
#512=VECTOR('',#3374,1.);
#513=VECTOR('',#3375,1.);
#514=VECTOR('',#3376,1.);
#515=VECTOR('',#3377,1.);
#516=VECTOR('',#3378,1.);
#517=VECTOR('',#3379,1.);
#518=VECTOR('',#3380,1.);
#519=VECTOR('',#3381,1.);
#520=VECTOR('',#3382,1.);
#521=VECTOR('',#3383,1.);
#522=VECTOR('',#3384,1.);
#523=VECTOR('',#3385,1.);
#524=VECTOR('',#3386,1.);
#525=VECTOR('',#3391,1.);
#526=VECTOR('',#3396,1.);
#527=VECTOR('',#3399,1.);
#528=VECTOR('',#3400,1.);
#529=VECTOR('',#3401,1.);
#530=VECTOR('',#3406,1.);
#531=VECTOR('',#3413,1.);
#532=VECTOR('',#3418,1.);
#533=VECTOR('',#3421,1.);
#534=VECTOR('',#3422,1.);
#535=VECTOR('',#3425,1.);
#536=VECTOR('',#3432,1.);
#537=VECTOR('',#3435,1.);
#538=VECTOR('',#3438,1.);
#539=VECTOR('',#3441,1.);
#540=VECTOR('',#3446,1.);
#541=VECTOR('',#3447,1.);
#542=VECTOR('',#3454,1.);
#543=VECTOR('',#3457,1.);
#544=VECTOR('',#3458,1.);
#545=VECTOR('',#3459,1.);
#546=VECTOR('',#3460,1.);
#547=VECTOR('',#3461,1.);
#548=VECTOR('',#3462,1.);
#549=VECTOR('',#3469,1.);
#550=VECTOR('',#3474,1.);
#551=VECTOR('',#3477,1.);
#552=VECTOR('',#3480,1.);
#553=VECTOR('',#3483,1.);
#554=VECTOR('',#3484,1.);
#555=VECTOR('',#3489,1.);
#556=VECTOR('',#3494,1.);
#557=VECTOR('',#3495,1.);
#558=VECTOR('',#3496,1.);
#559=VECTOR('',#3497,1.);
#560=VECTOR('',#3498,1.);
#561=VECTOR('',#3501,1.);
#562=VECTOR('',#3504,1.);
#563=VECTOR('',#3507,1.);
#564=VECTOR('',#3508,1.);
#565=VECTOR('',#3513,1.);
#566=VECTOR('',#3516,1.);
#567=VECTOR('',#3519,1.);
#568=VECTOR('',#3524,1.);
#569=VECTOR('',#3527,1.);
#570=VECTOR('',#3532,1.);
#571=VECTOR('',#3545,1.);
#572=VECTOR('',#3548,1.);
#573=VECTOR('',#3553,1.);
#574=VECTOR('',#3556,1.);
#575=VECTOR('',#3559,1.);
#576=VECTOR('',#3560,1.);
#577=VECTOR('',#3563,1.);
#578=VECTOR('',#3566,1.);
#579=VECTOR('',#3571,1.);
#580=VECTOR('',#3572,1.);
#581=VECTOR('',#3575,1.);
#582=VECTOR('',#3578,1.);
#583=VECTOR('',#3583,1.);
#584=VECTOR('',#3584,1.);
#585=VECTOR('',#3587,1.);
#586=VECTOR('',#3590,1.);
#587=VECTOR('',#3595,1.);
#588=VECTOR('',#3596,1.);
#589=VECTOR('',#3599,1.);
#590=VECTOR('',#3602,1.);
#591=VECTOR('',#3607,1.);
#592=VECTOR('',#3608,1.);
#593=VECTOR('',#3611,1.);
#594=VECTOR('',#3614,1.);
#595=VECTOR('',#3619,1.);
#596=VECTOR('',#3620,1.);
#597=VECTOR('',#3623,1.);
#598=VECTOR('',#3626,1.);
#599=VECTOR('',#3631,1.);
#600=VECTOR('',#3632,1.);
#601=VECTOR('',#3635,1.);
#602=VECTOR('',#3638,1.);
#603=VECTOR('',#3643,1.);
#604=VECTOR('',#3644,1.);
#605=VECTOR('',#3647,1.);
#606=VECTOR('',#3650,1.);
#607=VECTOR('',#3655,1.);
#608=VECTOR('',#3656,1.);
#609=VECTOR('',#3659,1.);
#610=VECTOR('',#3662,1.);
#611=VECTOR('',#3667,1.);
#612=VECTOR('',#3668,1.);
#613=VECTOR('',#3671,1.);
#614=VECTOR('',#3674,1.);
#615=VECTOR('',#3679,1.);
#616=VECTOR('',#3680,1.);
#617=VECTOR('',#3683,1.);
#618=VECTOR('',#3686,1.);
#619=VECTOR('',#3691,1.);
#620=VECTOR('',#3692,1.);
#621=VECTOR('',#3695,1.);
#622=VECTOR('',#3698,1.);
#623=VECTOR('',#3703,1.);
#624=VECTOR('',#3704,1.);
#625=VECTOR('',#3707,1.);
#626=VECTOR('',#3710,1.);
#627=VECTOR('',#3715,1.);
#628=VECTOR('',#3716,1.);
#629=VECTOR('',#3719,1.);
#630=VECTOR('',#3722,1.);
#631=VECTOR('',#3727,1.);
#632=VECTOR('',#3728,1.);
#633=VECTOR('',#3729,1.);
#634=VECTOR('',#3730,1.);
#635=VECTOR('',#3733,1.);
#636=VECTOR('',#3734,1.);
#637=VECTOR('',#3735,1.);
#638=VECTOR('',#3738,1.);
#639=VECTOR('',#3739,1.);
#640=VECTOR('',#3740,1.);
#641=VECTOR('',#3743,1.);
#642=VECTOR('',#3744,1.);
#643=VECTOR('',#3745,1.);
#644=VECTOR('',#3748,1.);
#645=VECTOR('',#3749,1.);
#646=VECTOR('',#3752,1.);
#647=VECTOR('',#3753,1.);
#648=VECTOR('',#3756,1.);
#649=VECTOR('',#3759,1.);
#650=VECTOR('',#3760,1.);
#651=VECTOR('',#3767,1.);
#652=VECTOR('',#3768,1.);
#653=VECTOR('',#3769,1.);
#654=VECTOR('',#3770,1.);
#655=VECTOR('',#3773,1.);
#656=VECTOR('',#3774,1.);
#657=VECTOR('',#3775,1.);
#658=VECTOR('',#3776,1.);
#659=VECTOR('',#3777,1.);
#660=VECTOR('',#3778,1.);
#661=VECTOR('',#3781,1.);
#662=VECTOR('',#3782,1.);
#663=VECTOR('',#3783,1.);
#664=VECTOR('',#3784,1.);
#665=VECTOR('',#3785,1.);
#666=VECTOR('',#3788,1.);
#667=VECTOR('',#3789,1.);
#668=VECTOR('',#3790,1.);
#669=VECTOR('',#3791,1.);
#670=VECTOR('',#3792,1.);
#671=VECTOR('',#3797,1.);
#672=VECTOR('',#3798,1.);
#673=VECTOR('',#3799,1.);
#674=VECTOR('',#3802,1.);
#675=VECTOR('',#3803,1.);
#676=VECTOR('',#3808,1.);
#677=VECTOR('',#3811,1.);
#678=VECTOR('',#3814,1.);
#679=VECTOR('',#3835,1.);
#680=VECTOR('',#3838,1.);
#681=VECTOR('',#3839,1.);
#682=VECTOR('',#3840,1.);
#683=VECTOR('',#3843,1.);
#684=VECTOR('',#3844,1.);
#685=VECTOR('',#3847,1.);
#686=VECTOR('',#3848,1.);
#687=VECTOR('',#3851,1.);
#688=VECTOR('',#3854,1.);
#689=ELLIPSE('',#2897,0.00482553350390298,0.00479427805077241);
#690=ELLIPSE('',#2901,0.00479354843773328,0.00476250015500899);
#691=ELLIPSE('',#2902,0.00479354843773328,0.00476250015500899);
#692=ELLIPSE('',#2906,0.0047936083420803,0.00476255967134969);
#693=ELLIPSE('',#2911,0.00482415666879328,0.00479291013355856);
#694=ELLIPSE('',#2936,0.00479354843624159,0.00476250015500899);
#695=ELLIPSE('',#2937,0.00479354843624158,0.00476250015500899);
#696=ELLIPSE('',#2938,0.00479354843624159,0.00476250015500899);
#697=ELLIPSE('',#2939,0.00479354843624058,0.004762500155008);
#698=ELLIPSE('',#2952,0.00479354843773328,0.00476250015500899);
#699=ELLIPSE('',#2956,0.00479354843773328,0.00476250015500899);
#700=ELLIPSE('',#2960,0.00790005469921017,0.00555);
#701=ELLIPSE('',#2963,0.00790005469921015,0.00555);
#702=ELLIPSE('',#2973,0.00790005469921018,0.00555);
#703=ELLIPSE('',#2976,0.00790005469921017,0.00555);
#704=ELLIPSE('',#2980,0.00479354843773328,0.00476250015500899);
#705=ELLIPSE('',#2985,0.00479354843773228,0.004762500155008);
#706=ELLIPSE('',#3080,0.00212132034355965,0.0015);
#707=ELLIPSE('',#3083,0.00225319736406731,0.0015);
#708=ELLIPSE('',#3084,0.00225319736406731,0.0015);
#709=ELLIPSE('',#3086,0.00212132034355965,0.0015);
#710=ELLIPSE('',#3088,0.00212132034355965,0.0015);
#711=ELLIPSE('',#3089,0.00212132034355965,0.0015);
#712=ELLIPSE('',#3091,0.00212132034355964,0.0015);
#713=ELLIPSE('',#3093,0.00212132034355965,0.0015);
#714=PLANE('',#2891);
#715=PLANE('',#2895);
#716=PLANE('',#2900);
#717=PLANE('',#2907);
#718=PLANE('',#2908);
#719=PLANE('',#2909);
#720=PLANE('',#2913);
#721=PLANE('',#2915);
#722=PLANE('',#2918);
#723=PLANE('',#2919);
#724=PLANE('',#2920);
#725=PLANE('',#2922);
#726=PLANE('',#2923);
#727=PLANE('',#2924);
#728=PLANE('',#2925);
#729=PLANE('',#2926);
#730=PLANE('',#2927);
#731=PLANE('',#2928);
#732=PLANE('',#2929);
#733=PLANE('',#2930);
#734=PLANE('',#2931);
#735=PLANE('',#2932);
#736=PLANE('',#2933);
#737=PLANE('',#2935);
#738=PLANE('',#2940);
#739=PLANE('',#2953);
#740=PLANE('',#2961);
#741=PLANE('',#2965);
#742=PLANE('',#2970);
#743=PLANE('',#2974);
#744=PLANE('',#2981);
#745=PLANE('',#2982);
#746=PLANE('',#2986);
#747=PLANE('',#2987);
#748=PLANE('',#2988);
#749=PLANE('',#2991);
#750=PLANE('',#2992);
#751=PLANE('',#2994);
#752=PLANE('',#2995);
#753=PLANE('',#2998);
#754=PLANE('',#2999);
#755=PLANE('',#3001);
#756=PLANE('',#3002);
#757=PLANE('',#3003);
#758=PLANE('',#3006);
#759=PLANE('',#3009);
#760=PLANE('',#3012);
#761=PLANE('',#3013);
#762=PLANE('',#3016);
#763=PLANE('',#3017);
#764=PLANE('',#3018);
#765=PLANE('',#3019);
#766=PLANE('',#3020);
#767=PLANE('',#3021);
#768=PLANE('',#3022);
#769=PLANE('',#3023);
#770=PLANE('',#3024);
#771=PLANE('',#3025);
#772=PLANE('',#3026);
#773=PLANE('',#3027);
#774=PLANE('',#3028);
#775=PLANE('',#3029);
#776=PLANE('',#3030);
#777=PLANE('',#3031);
#778=PLANE('',#3032);
#779=PLANE('',#3033);
#780=PLANE('',#3034);
#781=PLANE('',#3035);
#782=PLANE('',#3036);
#783=PLANE('',#3037);
#784=PLANE('',#3038);
#785=PLANE('',#3039);
#786=PLANE('',#3040);
#787=PLANE('',#3041);
#788=PLANE('',#3042);
#789=PLANE('',#3043);
#790=PLANE('',#3044);
#791=PLANE('',#3045);
#792=PLANE('',#3046);
#793=PLANE('',#3047);
#794=PLANE('',#3048);
#795=PLANE('',#3049);
#796=PLANE('',#3050);
#797=PLANE('',#3051);
#798=PLANE('',#3052);
#799=PLANE('',#3053);
#800=PLANE('',#3054);
#801=PLANE('',#3055);
#802=PLANE('',#3056);
#803=PLANE('',#3057);
#804=PLANE('',#3058);
#805=PLANE('',#3059);
#806=PLANE('',#3060);
#807=PLANE('',#3061);
#808=PLANE('',#3062);
#809=PLANE('',#3063);
#810=PLANE('',#3064);
#811=PLANE('',#3065);
#812=PLANE('',#3066);
#813=PLANE('',#3067);
#814=PLANE('',#3068);
#815=PLANE('',#3069);
#816=PLANE('',#3070);
#817=PLANE('',#3071);
#818=PLANE('',#3072);
#819=PLANE('',#3073);
#820=PLANE('',#3074);
#821=PLANE('',#3075);
#822=PLANE('',#3076);
#823=PLANE('',#3077);
#824=PLANE('',#3078);
#825=PLANE('',#3079);
#826=PLANE('',#3081);
#827=PLANE('',#3082);
#828=PLANE('',#3085);
#829=PLANE('',#3095);
#830=PLANE('',#3096);
#831=PLANE('',#3097);
#832=PLANE('',#3098);
#833=PLANE('',#3099);
#834=PLANE('',#3100);
#835=PLANE('',#3101);
#836=ORIENTED_EDGE('',*,*,#1620,.F.);
#837=ORIENTED_EDGE('',*,*,#1621,.T.);
#838=ORIENTED_EDGE('',*,*,#1621,.F.);
#839=ORIENTED_EDGE('',*,*,#1622,.F.);
#840=ORIENTED_EDGE('',*,*,#1623,.T.);
#841=ORIENTED_EDGE('',*,*,#1623,.F.);
#842=ORIENTED_EDGE('',*,*,#1624,.F.);
#843=ORIENTED_EDGE('',*,*,#1625,.T.);
#844=ORIENTED_EDGE('',*,*,#1626,.F.);
#845=ORIENTED_EDGE('',*,*,#1627,.F.);
#846=ORIENTED_EDGE('',*,*,#1628,.F.);
#847=ORIENTED_EDGE('',*,*,#1629,.F.);
#848=ORIENTED_EDGE('',*,*,#1630,.T.);
#849=ORIENTED_EDGE('',*,*,#1627,.T.);
#850=ORIENTED_EDGE('',*,*,#1631,.T.);
#851=ORIENTED_EDGE('',*,*,#1632,.F.);
#852=ORIENTED_EDGE('',*,*,#1633,.T.);
#853=ORIENTED_EDGE('',*,*,#1629,.T.);
#854=ORIENTED_EDGE('',*,*,#1634,.T.);
#855=ORIENTED_EDGE('',*,*,#1635,.F.);
#856=ORIENTED_EDGE('',*,*,#1632,.T.);
#857=ORIENTED_EDGE('',*,*,#1636,.F.);
#858=ORIENTED_EDGE('',*,*,#1637,.F.);
#859=ORIENTED_EDGE('',*,*,#1638,.F.);
#860=ORIENTED_EDGE('',*,*,#1639,.F.);
#861=ORIENTED_EDGE('',*,*,#1640,.T.);
#862=ORIENTED_EDGE('',*,*,#1637,.T.);
#863=ORIENTED_EDGE('',*,*,#1641,.T.);
#864=ORIENTED_EDGE('',*,*,#1642,.F.);
#865=ORIENTED_EDGE('',*,*,#1643,.F.);
#866=ORIENTED_EDGE('',*,*,#1644,.F.);
#867=ORIENTED_EDGE('',*,*,#1639,.T.);
#868=ORIENTED_EDGE('',*,*,#1645,.F.);
#869=ORIENTED_EDGE('',*,*,#1646,.F.);
#870=ORIENTED_EDGE('',*,*,#1647,.F.);
#871=ORIENTED_EDGE('',*,*,#1646,.T.);
#872=ORIENTED_EDGE('',*,*,#1648,.F.);
#873=ORIENTED_EDGE('',*,*,#1649,.F.);
#874=ORIENTED_EDGE('',*,*,#1625,.F.);
#875=ORIENTED_EDGE('',*,*,#1650,.T.);
#876=ORIENTED_EDGE('',*,*,#1649,.T.);
#877=ORIENTED_EDGE('',*,*,#1651,.T.);
#878=ORIENTED_EDGE('',*,*,#1620,.T.);
#879=ORIENTED_EDGE('',*,*,#1622,.T.);
#880=ORIENTED_EDGE('',*,*,#1626,.T.);
#881=ORIENTED_EDGE('',*,*,#1651,.F.);
#882=ORIENTED_EDGE('',*,*,#1648,.T.);
#883=ORIENTED_EDGE('',*,*,#1645,.T.);
#884=ORIENTED_EDGE('',*,*,#1641,.F.);
#885=ORIENTED_EDGE('',*,*,#1636,.T.);
#886=ORIENTED_EDGE('',*,*,#1634,.F.);
#887=ORIENTED_EDGE('',*,*,#1631,.F.);
#888=ORIENTED_EDGE('',*,*,#1652,.F.);
#889=ORIENTED_EDGE('',*,*,#1653,.F.);
#890=ORIENTED_EDGE('',*,*,#1652,.T.);
#891=ORIENTED_EDGE('',*,*,#1653,.T.);
#892=ORIENTED_EDGE('',*,*,#1624,.T.);
#893=ORIENTED_EDGE('',*,*,#1654,.F.);
#894=ORIENTED_EDGE('',*,*,#1642,.T.);
#895=ORIENTED_EDGE('',*,*,#1647,.T.);
#896=ORIENTED_EDGE('',*,*,#1650,.F.);
#897=ORIENTED_EDGE('',*,*,#1628,.T.);
#898=ORIENTED_EDGE('',*,*,#1630,.F.);
#899=ORIENTED_EDGE('',*,*,#1633,.F.);
#900=ORIENTED_EDGE('',*,*,#1635,.T.);
#901=ORIENTED_EDGE('',*,*,#1655,.F.);
#902=ORIENTED_EDGE('',*,*,#1643,.T.);
#903=ORIENTED_EDGE('',*,*,#1654,.T.);
#904=ORIENTED_EDGE('',*,*,#1638,.T.);
#905=ORIENTED_EDGE('',*,*,#1640,.F.);
#906=ORIENTED_EDGE('',*,*,#1644,.T.);
#907=ORIENTED_EDGE('',*,*,#1655,.T.);
#908=ORIENTED_EDGE('',*,*,#1656,.F.);
#909=ORIENTED_EDGE('',*,*,#1657,.T.);
#910=ORIENTED_EDGE('',*,*,#1658,.F.);
#911=ORIENTED_EDGE('',*,*,#1659,.F.);
#912=ORIENTED_EDGE('',*,*,#1659,.T.);
#913=ORIENTED_EDGE('',*,*,#1660,.F.);
#914=ORIENTED_EDGE('',*,*,#1661,.F.);
#915=ORIENTED_EDGE('',*,*,#1662,.T.);
#916=ORIENTED_EDGE('',*,*,#1663,.T.);
#917=ORIENTED_EDGE('',*,*,#1664,.T.);
#918=ORIENTED_EDGE('',*,*,#1665,.T.);
#919=ORIENTED_EDGE('',*,*,#1656,.T.);
#920=ORIENTED_EDGE('',*,*,#1662,.F.);
#921=ORIENTED_EDGE('',*,*,#1666,.F.);
#922=ORIENTED_EDGE('',*,*,#1667,.F.);
#923=ORIENTED_EDGE('',*,*,#1668,.F.);
#924=ORIENTED_EDGE('',*,*,#1669,.F.);
#925=ORIENTED_EDGE('',*,*,#1663,.F.);
#926=ORIENTED_EDGE('',*,*,#1670,.T.);
#927=ORIENTED_EDGE('',*,*,#1671,.T.);
#928=ORIENTED_EDGE('',*,*,#1672,.T.);
#929=ORIENTED_EDGE('',*,*,#1673,.T.);
#930=ORIENTED_EDGE('',*,*,#1671,.F.);
#931=ORIENTED_EDGE('',*,*,#1674,.T.);
#932=ORIENTED_EDGE('',*,*,#1675,.T.);
#933=ORIENTED_EDGE('',*,*,#1660,.T.);
#934=ORIENTED_EDGE('',*,*,#1658,.T.);
#935=ORIENTED_EDGE('',*,*,#1670,.F.);
#936=ORIENTED_EDGE('',*,*,#1676,.T.);
#937=ORIENTED_EDGE('',*,*,#1677,.F.);
#938=ORIENTED_EDGE('',*,*,#1678,.T.);
#939=ORIENTED_EDGE('',*,*,#1679,.T.);
#940=ORIENTED_EDGE('',*,*,#1666,.T.);
#941=ORIENTED_EDGE('',*,*,#1661,.T.);
#942=ORIENTED_EDGE('',*,*,#1675,.F.);
#943=ORIENTED_EDGE('',*,*,#1676,.F.);
#944=ORIENTED_EDGE('',*,*,#1668,.T.);
#945=ORIENTED_EDGE('',*,*,#1680,.F.);
#946=ORIENTED_EDGE('',*,*,#1681,.F.);
#947=ORIENTED_EDGE('',*,*,#1677,.T.);
#948=ORIENTED_EDGE('',*,*,#1674,.F.);
#949=ORIENTED_EDGE('',*,*,#1667,.T.);
#950=ORIENTED_EDGE('',*,*,#1679,.F.);
#951=ORIENTED_EDGE('',*,*,#1682,.F.);
#952=ORIENTED_EDGE('',*,*,#1680,.T.);
#953=ORIENTED_EDGE('',*,*,#1681,.T.);
#954=ORIENTED_EDGE('',*,*,#1682,.T.);
#955=ORIENTED_EDGE('',*,*,#1678,.F.);
#956=ORIENTED_EDGE('',*,*,#1669,.T.);
#957=ORIENTED_EDGE('',*,*,#1673,.F.);
#958=ORIENTED_EDGE('',*,*,#1683,.F.);
#959=ORIENTED_EDGE('',*,*,#1664,.F.);
#960=ORIENTED_EDGE('',*,*,#1683,.T.);
#961=ORIENTED_EDGE('',*,*,#1672,.F.);
#962=ORIENTED_EDGE('',*,*,#1657,.F.);
#963=ORIENTED_EDGE('',*,*,#1665,.F.);
#964=ORIENTED_EDGE('',*,*,#1684,.T.);
#965=ORIENTED_EDGE('',*,*,#1685,.T.);
#966=ORIENTED_EDGE('',*,*,#1686,.F.);
#967=ORIENTED_EDGE('',*,*,#1687,.F.);
#968=ORIENTED_EDGE('',*,*,#1688,.T.);
#969=ORIENTED_EDGE('',*,*,#1689,.T.);
#970=ORIENTED_EDGE('',*,*,#1690,.F.);
#971=ORIENTED_EDGE('',*,*,#1691,.F.);
#972=ORIENTED_EDGE('',*,*,#1692,.T.);
#973=ORIENTED_EDGE('',*,*,#1693,.T.);
#974=ORIENTED_EDGE('',*,*,#1694,.F.);
#975=ORIENTED_EDGE('',*,*,#1695,.F.);
#976=ORIENTED_EDGE('',*,*,#1696,.F.);
#977=ORIENTED_EDGE('',*,*,#1697,.T.);
#978=ORIENTED_EDGE('',*,*,#1698,.T.);
#979=ORIENTED_EDGE('',*,*,#1699,.F.);
#980=ORIENTED_EDGE('',*,*,#1700,.T.);
#981=ORIENTED_EDGE('',*,*,#1701,.T.);
#982=ORIENTED_EDGE('',*,*,#1702,.F.);
#983=ORIENTED_EDGE('',*,*,#1703,.F.);
#984=ORIENTED_EDGE('',*,*,#1704,.T.);
#985=ORIENTED_EDGE('',*,*,#1705,.T.);
#986=ORIENTED_EDGE('',*,*,#1706,.F.);
#987=ORIENTED_EDGE('',*,*,#1707,.F.);
#988=ORIENTED_EDGE('',*,*,#1708,.T.);
#989=ORIENTED_EDGE('',*,*,#1709,.T.);
#990=ORIENTED_EDGE('',*,*,#1710,.F.);
#991=ORIENTED_EDGE('',*,*,#1711,.F.);
#992=ORIENTED_EDGE('',*,*,#1712,.F.);
#993=ORIENTED_EDGE('',*,*,#1713,.T.);
#994=ORIENTED_EDGE('',*,*,#1714,.T.);
#995=ORIENTED_EDGE('',*,*,#1715,.F.);
#996=ORIENTED_EDGE('',*,*,#1716,.F.);
#997=ORIENTED_EDGE('',*,*,#1717,.T.);
#998=ORIENTED_EDGE('',*,*,#1718,.T.);
#999=ORIENTED_EDGE('',*,*,#1719,.F.);
#1000=ORIENTED_EDGE('',*,*,#1720,.T.);
#1001=ORIENTED_EDGE('',*,*,#1721,.T.);
#1002=ORIENTED_EDGE('',*,*,#1722,.F.);
#1003=ORIENTED_EDGE('',*,*,#1723,.F.);
#1004=ORIENTED_EDGE('',*,*,#1724,.T.);
#1005=ORIENTED_EDGE('',*,*,#1725,.T.);
#1006=ORIENTED_EDGE('',*,*,#1726,.F.);
#1007=ORIENTED_EDGE('',*,*,#1727,.F.);
#1008=ORIENTED_EDGE('',*,*,#1728,.F.);
#1009=ORIENTED_EDGE('',*,*,#1729,.T.);
#1010=ORIENTED_EDGE('',*,*,#1730,.F.);
#1011=ORIENTED_EDGE('',*,*,#1731,.T.);
#1012=ORIENTED_EDGE('',*,*,#1732,.F.);
#1013=ORIENTED_EDGE('',*,*,#1733,.T.);
#1014=ORIENTED_EDGE('',*,*,#1734,.T.);
#1015=ORIENTED_EDGE('',*,*,#1735,.T.);
#1016=ORIENTED_EDGE('',*,*,#1736,.F.);
#1017=ORIENTED_EDGE('',*,*,#1737,.F.);
#1018=ORIENTED_EDGE('',*,*,#1738,.T.);
#1019=ORIENTED_EDGE('',*,*,#1739,.T.);
#1020=ORIENTED_EDGE('',*,*,#1740,.F.);
#1021=ORIENTED_EDGE('',*,*,#1741,.T.);
#1022=ORIENTED_EDGE('',*,*,#1742,.T.);
#1023=ORIENTED_EDGE('',*,*,#1743,.F.);
#1024=ORIENTED_EDGE('',*,*,#1744,.F.);
#1025=ORIENTED_EDGE('',*,*,#1745,.F.);
#1026=ORIENTED_EDGE('',*,*,#1746,.T.);
#1027=ORIENTED_EDGE('',*,*,#1747,.T.);
#1028=ORIENTED_EDGE('',*,*,#1748,.T.);
#1029=ORIENTED_EDGE('',*,*,#1749,.T.);
#1030=ORIENTED_EDGE('',*,*,#1750,.F.);
#1031=ORIENTED_EDGE('',*,*,#1751,.F.);
#1032=ORIENTED_EDGE('',*,*,#1752,.T.);
#1033=ORIENTED_EDGE('',*,*,#1753,.F.);
#1034=ORIENTED_EDGE('',*,*,#1754,.F.);
#1035=ORIENTED_EDGE('',*,*,#1755,.T.);
#1036=ORIENTED_EDGE('',*,*,#1756,.T.);
#1037=ORIENTED_EDGE('',*,*,#1757,.T.);
#1038=ORIENTED_EDGE('',*,*,#1758,.F.);
#1039=ORIENTED_EDGE('',*,*,#1759,.F.);
#1040=ORIENTED_EDGE('',*,*,#1760,.T.);
#1041=ORIENTED_EDGE('',*,*,#1761,.F.);
#1042=ORIENTED_EDGE('',*,*,#1762,.F.);
#1043=ORIENTED_EDGE('',*,*,#1763,.T.);
#1044=ORIENTED_EDGE('',*,*,#1764,.T.);
#1045=ORIENTED_EDGE('',*,*,#1765,.T.);
#1046=ORIENTED_EDGE('',*,*,#1766,.F.);
#1047=ORIENTED_EDGE('',*,*,#1767,.F.);
#1048=ORIENTED_EDGE('',*,*,#1768,.T.);
#1049=ORIENTED_EDGE('',*,*,#1769,.T.);
#1050=ORIENTED_EDGE('',*,*,#1770,.T.);
#1051=ORIENTED_EDGE('',*,*,#1771,.F.);
#1052=ORIENTED_EDGE('',*,*,#1772,.F.);
#1053=ORIENTED_EDGE('',*,*,#1773,.F.);
#1054=ORIENTED_EDGE('',*,*,#1774,.F.);
#1055=ORIENTED_EDGE('',*,*,#1775,.T.);
#1056=ORIENTED_EDGE('',*,*,#1776,.F.);
#1057=ORIENTED_EDGE('',*,*,#1777,.T.);
#1058=ORIENTED_EDGE('',*,*,#1778,.F.);
#1059=ORIENTED_EDGE('',*,*,#1779,.F.);
#1060=ORIENTED_EDGE('',*,*,#1780,.T.);
#1061=ORIENTED_EDGE('',*,*,#1781,.T.);
#1062=ORIENTED_EDGE('',*,*,#1782,.T.);
#1063=ORIENTED_EDGE('',*,*,#1783,.F.);
#1064=ORIENTED_EDGE('',*,*,#1784,.T.);
#1065=ORIENTED_EDGE('',*,*,#1785,.T.);
#1066=ORIENTED_EDGE('',*,*,#1786,.F.);
#1067=ORIENTED_EDGE('',*,*,#1787,.F.);
#1068=ORIENTED_EDGE('',*,*,#1788,.T.);
#1069=ORIENTED_EDGE('',*,*,#1789,.F.);
#1070=ORIENTED_EDGE('',*,*,#1790,.F.);
#1071=ORIENTED_EDGE('',*,*,#1791,.T.);
#1072=ORIENTED_EDGE('',*,*,#1792,.T.);
#1073=ORIENTED_EDGE('',*,*,#1793,.T.);
#1074=ORIENTED_EDGE('',*,*,#1794,.F.);
#1075=ORIENTED_EDGE('',*,*,#1795,.F.);
#1076=ORIENTED_EDGE('',*,*,#1796,.T.);
#1077=ORIENTED_EDGE('',*,*,#1797,.T.);
#1078=ORIENTED_EDGE('',*,*,#1798,.F.);
#1079=ORIENTED_EDGE('',*,*,#1799,.F.);
#1080=ORIENTED_EDGE('',*,*,#1800,.T.);
#1081=ORIENTED_EDGE('',*,*,#1801,.T.);
#1082=ORIENTED_EDGE('',*,*,#1802,.F.);
#1083=ORIENTED_EDGE('',*,*,#1803,.F.);
#1084=ORIENTED_EDGE('',*,*,#1804,.T.);
#1085=ORIENTED_EDGE('',*,*,#1805,.T.);
#1086=ORIENTED_EDGE('',*,*,#1806,.F.);
#1087=ORIENTED_EDGE('',*,*,#1807,.F.);
#1088=ORIENTED_EDGE('',*,*,#1731,.F.);
#1089=ORIENTED_EDGE('',*,*,#1808,.T.);
#1090=ORIENTED_EDGE('',*,*,#1809,.F.);
#1091=ORIENTED_EDGE('',*,*,#1810,.T.);
#1092=ORIENTED_EDGE('',*,*,#1811,.F.);
#1093=ORIENTED_EDGE('',*,*,#1812,.T.);
#1094=ORIENTED_EDGE('',*,*,#1813,.F.);
#1095=ORIENTED_EDGE('',*,*,#1814,.F.);
#1096=ORIENTED_EDGE('',*,*,#1815,.F.);
#1097=ORIENTED_EDGE('',*,*,#1809,.T.);
#1098=ORIENTED_EDGE('',*,*,#1814,.T.);
#1099=ORIENTED_EDGE('',*,*,#1816,.T.);
#1100=ORIENTED_EDGE('',*,*,#1729,.F.);
#1101=ORIENTED_EDGE('',*,*,#1817,.F.);
#1102=ORIENTED_EDGE('',*,*,#1818,.F.);
#1103=ORIENTED_EDGE('',*,*,#1819,.T.);
#1104=ORIENTED_EDGE('',*,*,#1820,.F.);
#1105=ORIENTED_EDGE('',*,*,#1821,.T.);
#1106=ORIENTED_EDGE('',*,*,#1822,.T.);
#1107=ORIENTED_EDGE('',*,*,#1823,.T.);
#1108=ORIENTED_EDGE('',*,*,#1772,.T.);
#1109=ORIENTED_EDGE('',*,*,#1824,.F.);
#1110=ORIENTED_EDGE('',*,*,#1825,.T.);
#1111=ORIENTED_EDGE('',*,*,#1820,.T.);
#1112=ORIENTED_EDGE('',*,*,#1779,.T.);
#1113=ORIENTED_EDGE('',*,*,#1826,.F.);
#1114=ORIENTED_EDGE('',*,*,#1827,.T.);
#1115=ORIENTED_EDGE('',*,*,#1828,.T.);
#1116=ORIENTED_EDGE('',*,*,#1824,.T.);
#1117=ORIENTED_EDGE('',*,*,#1778,.T.);
#1118=ORIENTED_EDGE('',*,*,#1829,.T.);
#1119=ORIENTED_EDGE('',*,*,#1830,.T.);
#1120=ORIENTED_EDGE('',*,*,#1831,.T.);
#1121=ORIENTED_EDGE('',*,*,#1832,.T.);
#1122=ORIENTED_EDGE('',*,*,#1833,.T.);
#1123=ORIENTED_EDGE('',*,*,#1834,.F.);
#1124=ORIENTED_EDGE('',*,*,#1835,.T.);
#1125=ORIENTED_EDGE('',*,*,#1836,.F.);
#1126=ORIENTED_EDGE('',*,*,#1837,.F.);
#1127=ORIENTED_EDGE('',*,*,#1838,.T.);
#1128=ORIENTED_EDGE('',*,*,#1826,.T.);
#1129=ORIENTED_EDGE('',*,*,#1777,.F.);
#1130=ORIENTED_EDGE('',*,*,#1839,.T.);
#1131=ORIENTED_EDGE('',*,*,#1840,.T.);
#1132=ORIENTED_EDGE('',*,*,#1837,.T.);
#1133=ORIENTED_EDGE('',*,*,#1776,.T.);
#1134=ORIENTED_EDGE('',*,*,#1841,.F.);
#1135=ORIENTED_EDGE('',*,*,#1842,.T.);
#1136=ORIENTED_EDGE('',*,*,#1843,.T.);
#1137=ORIENTED_EDGE('',*,*,#1844,.T.);
#1138=ORIENTED_EDGE('',*,*,#1845,.T.);
#1139=ORIENTED_EDGE('',*,*,#1846,.F.);
#1140=ORIENTED_EDGE('',*,*,#1847,.T.);
#1141=ORIENTED_EDGE('',*,*,#1841,.T.);
#1142=ORIENTED_EDGE('',*,*,#1775,.F.);
#1143=ORIENTED_EDGE('',*,*,#1848,.T.);
#1144=ORIENTED_EDGE('',*,*,#1849,.T.);
#1145=ORIENTED_EDGE('',*,*,#1846,.T.);
#1146=ORIENTED_EDGE('',*,*,#1774,.T.);
#1147=ORIENTED_EDGE('',*,*,#1850,.F.);
#1148=ORIENTED_EDGE('',*,*,#1851,.F.);
#1149=ORIENTED_EDGE('',*,*,#1733,.F.);
#1150=ORIENTED_EDGE('',*,*,#1852,.F.);
#1151=ORIENTED_EDGE('',*,*,#1853,.F.);
#1152=ORIENTED_EDGE('',*,*,#1836,.T.);
#1153=ORIENTED_EDGE('',*,*,#1854,.T.);
#1154=ORIENTED_EDGE('',*,*,#1852,.T.);
#1155=ORIENTED_EDGE('',*,*,#1732,.T.);
#1156=ORIENTED_EDGE('',*,*,#1812,.F.);
#1157=ORIENTED_EDGE('',*,*,#1855,.T.);
#1158=ORIENTED_EDGE('',*,*,#1817,.T.);
#1159=ORIENTED_EDGE('',*,*,#1728,.T.);
#1160=ORIENTED_EDGE('',*,*,#1856,.F.);
#1161=ORIENTED_EDGE('',*,*,#1857,.T.);
#1162=ORIENTED_EDGE('',*,*,#1858,.F.);
#1163=ORIENTED_EDGE('',*,*,#1859,.F.);
#1164=ORIENTED_EDGE('',*,*,#1834,.T.);
#1165=ORIENTED_EDGE('',*,*,#1860,.F.);
#1166=ORIENTED_EDGE('',*,*,#1856,.T.);
#1167=ORIENTED_EDGE('',*,*,#1735,.F.);
#1168=ORIENTED_EDGE('',*,*,#1861,.T.);
#1169=ORIENTED_EDGE('',*,*,#1862,.T.);
#1170=ORIENTED_EDGE('',*,*,#1863,.T.);
#1171=ORIENTED_EDGE('',*,*,#1864,.T.);
#1172=ORIENTED_EDGE('',*,*,#1859,.T.);
#1173=ORIENTED_EDGE('',*,*,#1865,.T.);
#1174=ORIENTED_EDGE('',*,*,#1854,.F.);
#1175=ORIENTED_EDGE('',*,*,#1835,.F.);
#1176=ORIENTED_EDGE('',*,*,#1823,.F.);
#1177=ORIENTED_EDGE('',*,*,#1866,.T.);
#1178=ORIENTED_EDGE('',*,*,#1850,.T.);
#1179=ORIENTED_EDGE('',*,*,#1773,.T.);
#1180=ORIENTED_EDGE('',*,*,#1867,.T.);
#1181=ORIENTED_EDGE('',*,*,#1868,.T.);
#1182=ORIENTED_EDGE('',*,*,#1869,.F.);
#1183=ORIENTED_EDGE('',*,*,#1810,.F.);
#1184=ORIENTED_EDGE('',*,*,#1815,.T.);
#1185=ORIENTED_EDGE('',*,*,#1819,.F.);
#1186=ORIENTED_EDGE('',*,*,#1870,.F.);
#1187=ORIENTED_EDGE('',*,*,#1871,.T.);
#1188=ORIENTED_EDGE('',*,*,#1869,.T.);
#1189=ORIENTED_EDGE('',*,*,#1872,.T.);
#1190=ORIENTED_EDGE('',*,*,#1829,.F.);
#1191=ORIENTED_EDGE('',*,*,#1853,.T.);
#1192=ORIENTED_EDGE('',*,*,#1855,.F.);
#1193=ORIENTED_EDGE('',*,*,#1811,.T.);
#1194=ORIENTED_EDGE('',*,*,#1833,.F.);
#1195=ORIENTED_EDGE('',*,*,#1873,.T.);
#1196=ORIENTED_EDGE('',*,*,#1870,.T.);
#1197=ORIENTED_EDGE('',*,*,#1818,.T.);
#1198=ORIENTED_EDGE('',*,*,#1857,.F.);
#1199=ORIENTED_EDGE('',*,*,#1860,.T.);
#1200=ORIENTED_EDGE('',*,*,#1874,.F.);
#1201=ORIENTED_EDGE('',*,*,#1849,.F.);
#1202=ORIENTED_EDGE('',*,*,#1875,.F.);
#1203=ORIENTED_EDGE('',*,*,#1832,.F.);
#1204=ORIENTED_EDGE('',*,*,#1866,.F.);
#1205=ORIENTED_EDGE('',*,*,#1822,.F.);
#1206=ORIENTED_EDGE('',*,*,#1876,.F.);
#1207=ORIENTED_EDGE('',*,*,#1873,.F.);
#1208=ORIENTED_EDGE('',*,*,#1875,.T.);
#1209=ORIENTED_EDGE('',*,*,#1848,.F.);
#1210=ORIENTED_EDGE('',*,*,#1874,.T.);
#1211=ORIENTED_EDGE('',*,*,#1831,.F.);
#1212=ORIENTED_EDGE('',*,*,#1877,.F.);
#1213=ORIENTED_EDGE('',*,*,#1847,.F.);
#1214=ORIENTED_EDGE('',*,*,#1876,.T.);
#1215=ORIENTED_EDGE('',*,*,#1821,.F.);
#1216=ORIENTED_EDGE('',*,*,#1878,.F.);
#1217=ORIENTED_EDGE('',*,*,#1871,.F.);
#1218=ORIENTED_EDGE('',*,*,#1877,.T.);
#1219=ORIENTED_EDGE('',*,*,#1830,.F.);
#1220=ORIENTED_EDGE('',*,*,#1879,.F.);
#1221=ORIENTED_EDGE('',*,*,#1839,.F.);
#1222=ORIENTED_EDGE('',*,*,#1878,.T.);
#1223=ORIENTED_EDGE('',*,*,#1825,.F.);
#1224=ORIENTED_EDGE('',*,*,#1880,.F.);
#1225=ORIENTED_EDGE('',*,*,#1867,.F.);
#1226=ORIENTED_EDGE('',*,*,#1879,.T.);
#1227=ORIENTED_EDGE('',*,*,#1872,.F.);
#1228=ORIENTED_EDGE('',*,*,#1881,.F.);
#1229=ORIENTED_EDGE('',*,*,#1827,.F.);
#1230=ORIENTED_EDGE('',*,*,#1838,.F.);
#1231=ORIENTED_EDGE('',*,*,#1840,.F.);
#1232=ORIENTED_EDGE('',*,*,#1880,.T.);
#1233=ORIENTED_EDGE('',*,*,#1828,.F.);
#1234=ORIENTED_EDGE('',*,*,#1881,.T.);
#1235=ORIENTED_EDGE('',*,*,#1868,.F.);
#1236=ORIENTED_EDGE('',*,*,#1808,.F.);
#1237=ORIENTED_EDGE('',*,*,#1730,.T.);
#1238=ORIENTED_EDGE('',*,*,#1816,.F.);
#1239=ORIENTED_EDGE('',*,*,#1813,.T.);
#1240=ORIENTED_EDGE('',*,*,#1734,.F.);
#1241=ORIENTED_EDGE('',*,*,#1851,.T.);
#1242=ORIENTED_EDGE('',*,*,#1865,.F.);
#1243=ORIENTED_EDGE('',*,*,#1858,.T.);
#1244=ORIENTED_EDGE('',*,*,#1882,.T.);
#1245=ORIENTED_EDGE('',*,*,#1883,.T.);
#1246=ORIENTED_EDGE('',*,*,#1884,.T.);
#1247=ORIENTED_EDGE('',*,*,#1885,.T.);
#1248=ORIENTED_EDGE('',*,*,#1886,.T.);
#1249=ORIENTED_EDGE('',*,*,#1887,.T.);
#1250=ORIENTED_EDGE('',*,*,#1888,.T.);
#1251=ORIENTED_EDGE('',*,*,#1889,.T.);
#1252=ORIENTED_EDGE('',*,*,#1890,.F.);
#1253=ORIENTED_EDGE('',*,*,#1769,.F.);
#1254=ORIENTED_EDGE('',*,*,#1891,.F.);
#1255=ORIENTED_EDGE('',*,*,#1885,.F.);
#1256=ORIENTED_EDGE('',*,*,#1891,.T.);
#1257=ORIENTED_EDGE('',*,*,#1768,.F.);
#1258=ORIENTED_EDGE('',*,*,#1892,.F.);
#1259=ORIENTED_EDGE('',*,*,#1882,.F.);
#1260=ORIENTED_EDGE('',*,*,#1890,.T.);
#1261=ORIENTED_EDGE('',*,*,#1884,.F.);
#1262=ORIENTED_EDGE('',*,*,#1893,.F.);
#1263=ORIENTED_EDGE('',*,*,#1770,.F.);
#1264=ORIENTED_EDGE('',*,*,#1892,.T.);
#1265=ORIENTED_EDGE('',*,*,#1771,.T.);
#1266=ORIENTED_EDGE('',*,*,#1893,.T.);
#1267=ORIENTED_EDGE('',*,*,#1883,.F.);
#1268=ORIENTED_EDGE('',*,*,#1894,.F.);
#1269=ORIENTED_EDGE('',*,*,#1781,.F.);
#1270=ORIENTED_EDGE('',*,*,#1895,.F.);
#1271=ORIENTED_EDGE('',*,*,#1889,.F.);
#1272=ORIENTED_EDGE('',*,*,#1895,.T.);
#1273=ORIENTED_EDGE('',*,*,#1780,.F.);
#1274=ORIENTED_EDGE('',*,*,#1896,.F.);
#1275=ORIENTED_EDGE('',*,*,#1886,.F.);
#1276=ORIENTED_EDGE('',*,*,#1894,.T.);
#1277=ORIENTED_EDGE('',*,*,#1888,.F.);
#1278=ORIENTED_EDGE('',*,*,#1897,.F.);
#1279=ORIENTED_EDGE('',*,*,#1782,.F.);
#1280=ORIENTED_EDGE('',*,*,#1896,.T.);
#1281=ORIENTED_EDGE('',*,*,#1783,.T.);
#1282=ORIENTED_EDGE('',*,*,#1897,.T.);
#1283=ORIENTED_EDGE('',*,*,#1887,.F.);
#1284=ORIENTED_EDGE('',*,*,#1898,.T.);
#1285=ORIENTED_EDGE('',*,*,#1784,.F.);
#1286=ORIENTED_EDGE('',*,*,#1899,.F.);
#1287=ORIENTED_EDGE('',*,*,#1725,.F.);
#1288=ORIENTED_EDGE('',*,*,#1726,.T.);
#1289=ORIENTED_EDGE('',*,*,#1899,.T.);
#1290=ORIENTED_EDGE('',*,*,#1787,.T.);
#1291=ORIENTED_EDGE('',*,*,#1900,.F.);
#1292=ORIENTED_EDGE('',*,*,#1727,.T.);
#1293=ORIENTED_EDGE('',*,*,#1900,.T.);
#1294=ORIENTED_EDGE('',*,*,#1786,.T.);
#1295=ORIENTED_EDGE('',*,*,#1901,.F.);
#1296=ORIENTED_EDGE('',*,*,#1901,.T.);
#1297=ORIENTED_EDGE('',*,*,#1785,.F.);
#1298=ORIENTED_EDGE('',*,*,#1898,.F.);
#1299=ORIENTED_EDGE('',*,*,#1724,.F.);
#1300=ORIENTED_EDGE('',*,*,#1902,.T.);
#1301=ORIENTED_EDGE('',*,*,#1764,.F.);
#1302=ORIENTED_EDGE('',*,*,#1903,.F.);
#1303=ORIENTED_EDGE('',*,*,#1721,.F.);
#1304=ORIENTED_EDGE('',*,*,#1722,.T.);
#1305=ORIENTED_EDGE('',*,*,#1903,.T.);
#1306=ORIENTED_EDGE('',*,*,#1767,.T.);
#1307=ORIENTED_EDGE('',*,*,#1904,.F.);
#1308=ORIENTED_EDGE('',*,*,#1723,.T.);
#1309=ORIENTED_EDGE('',*,*,#1904,.T.);
#1310=ORIENTED_EDGE('',*,*,#1766,.T.);
#1311=ORIENTED_EDGE('',*,*,#1905,.F.);
#1312=ORIENTED_EDGE('',*,*,#1905,.T.);
#1313=ORIENTED_EDGE('',*,*,#1765,.F.);
#1314=ORIENTED_EDGE('',*,*,#1902,.F.);
#1315=ORIENTED_EDGE('',*,*,#1720,.F.);
#1316=ORIENTED_EDGE('',*,*,#1906,.T.);
#1317=ORIENTED_EDGE('',*,*,#1788,.F.);
#1318=ORIENTED_EDGE('',*,*,#1907,.F.);
#1319=ORIENTED_EDGE('',*,*,#1717,.F.);
#1320=ORIENTED_EDGE('',*,*,#1907,.T.);
#1321=ORIENTED_EDGE('',*,*,#1791,.F.);
#1322=ORIENTED_EDGE('',*,*,#1908,.F.);
#1323=ORIENTED_EDGE('',*,*,#1718,.F.);
#1324=ORIENTED_EDGE('',*,*,#1719,.T.);
#1325=ORIENTED_EDGE('',*,*,#1908,.T.);
#1326=ORIENTED_EDGE('',*,*,#1790,.T.);
#1327=ORIENTED_EDGE('',*,*,#1909,.F.);
#1328=ORIENTED_EDGE('',*,*,#1716,.T.);
#1329=ORIENTED_EDGE('',*,*,#1909,.T.);
#1330=ORIENTED_EDGE('',*,*,#1789,.T.);
#1331=ORIENTED_EDGE('',*,*,#1906,.F.);
#1332=ORIENTED_EDGE('',*,*,#1910,.T.);
#1333=ORIENTED_EDGE('',*,*,#1760,.F.);
#1334=ORIENTED_EDGE('',*,*,#1911,.F.);
#1335=ORIENTED_EDGE('',*,*,#1713,.F.);
#1336=ORIENTED_EDGE('',*,*,#1911,.T.);
#1337=ORIENTED_EDGE('',*,*,#1763,.F.);
#1338=ORIENTED_EDGE('',*,*,#1912,.F.);
#1339=ORIENTED_EDGE('',*,*,#1714,.F.);
#1340=ORIENTED_EDGE('',*,*,#1715,.T.);
#1341=ORIENTED_EDGE('',*,*,#1912,.T.);
#1342=ORIENTED_EDGE('',*,*,#1762,.T.);
#1343=ORIENTED_EDGE('',*,*,#1913,.F.);
#1344=ORIENTED_EDGE('',*,*,#1712,.T.);
#1345=ORIENTED_EDGE('',*,*,#1913,.T.);
#1346=ORIENTED_EDGE('',*,*,#1761,.T.);
#1347=ORIENTED_EDGE('',*,*,#1910,.F.);
#1348=ORIENTED_EDGE('',*,*,#1914,.T.);
#1349=ORIENTED_EDGE('',*,*,#1792,.F.);
#1350=ORIENTED_EDGE('',*,*,#1915,.F.);
#1351=ORIENTED_EDGE('',*,*,#1709,.F.);
#1352=ORIENTED_EDGE('',*,*,#1710,.T.);
#1353=ORIENTED_EDGE('',*,*,#1915,.T.);
#1354=ORIENTED_EDGE('',*,*,#1795,.T.);
#1355=ORIENTED_EDGE('',*,*,#1916,.F.);
#1356=ORIENTED_EDGE('',*,*,#1711,.T.);
#1357=ORIENTED_EDGE('',*,*,#1916,.T.);
#1358=ORIENTED_EDGE('',*,*,#1794,.T.);
#1359=ORIENTED_EDGE('',*,*,#1917,.F.);
#1360=ORIENTED_EDGE('',*,*,#1917,.T.);
#1361=ORIENTED_EDGE('',*,*,#1793,.F.);
#1362=ORIENTED_EDGE('',*,*,#1914,.F.);
#1363=ORIENTED_EDGE('',*,*,#1708,.F.);
#1364=ORIENTED_EDGE('',*,*,#1918,.T.);
#1365=ORIENTED_EDGE('',*,*,#1756,.F.);
#1366=ORIENTED_EDGE('',*,*,#1919,.F.);
#1367=ORIENTED_EDGE('',*,*,#1705,.F.);
#1368=ORIENTED_EDGE('',*,*,#1706,.T.);
#1369=ORIENTED_EDGE('',*,*,#1919,.T.);
#1370=ORIENTED_EDGE('',*,*,#1759,.T.);
#1371=ORIENTED_EDGE('',*,*,#1920,.F.);
#1372=ORIENTED_EDGE('',*,*,#1707,.T.);
#1373=ORIENTED_EDGE('',*,*,#1920,.T.);
#1374=ORIENTED_EDGE('',*,*,#1758,.T.);
#1375=ORIENTED_EDGE('',*,*,#1921,.F.);
#1376=ORIENTED_EDGE('',*,*,#1921,.T.);
#1377=ORIENTED_EDGE('',*,*,#1757,.F.);
#1378=ORIENTED_EDGE('',*,*,#1918,.F.);
#1379=ORIENTED_EDGE('',*,*,#1704,.F.);
#1380=ORIENTED_EDGE('',*,*,#1922,.T.);
#1381=ORIENTED_EDGE('',*,*,#1796,.F.);
#1382=ORIENTED_EDGE('',*,*,#1923,.F.);
#1383=ORIENTED_EDGE('',*,*,#1701,.F.);
#1384=ORIENTED_EDGE('',*,*,#1702,.T.);
#1385=ORIENTED_EDGE('',*,*,#1923,.T.);
#1386=ORIENTED_EDGE('',*,*,#1799,.T.);
#1387=ORIENTED_EDGE('',*,*,#1924,.F.);
#1388=ORIENTED_EDGE('',*,*,#1703,.T.);
#1389=ORIENTED_EDGE('',*,*,#1924,.T.);
#1390=ORIENTED_EDGE('',*,*,#1798,.T.);
#1391=ORIENTED_EDGE('',*,*,#1925,.F.);
#1392=ORIENTED_EDGE('',*,*,#1925,.T.);
#1393=ORIENTED_EDGE('',*,*,#1797,.F.);
#1394=ORIENTED_EDGE('',*,*,#1922,.F.);
#1395=ORIENTED_EDGE('',*,*,#1700,.F.);
#1396=ORIENTED_EDGE('',*,*,#1926,.T.);
#1397=ORIENTED_EDGE('',*,*,#1752,.F.);
#1398=ORIENTED_EDGE('',*,*,#1927,.F.);
#1399=ORIENTED_EDGE('',*,*,#1697,.F.);
#1400=ORIENTED_EDGE('',*,*,#1927,.T.);
#1401=ORIENTED_EDGE('',*,*,#1755,.F.);
#1402=ORIENTED_EDGE('',*,*,#1928,.F.);
#1403=ORIENTED_EDGE('',*,*,#1698,.F.);
#1404=ORIENTED_EDGE('',*,*,#1699,.T.);
#1405=ORIENTED_EDGE('',*,*,#1928,.T.);
#1406=ORIENTED_EDGE('',*,*,#1754,.T.);
#1407=ORIENTED_EDGE('',*,*,#1929,.F.);
#1408=ORIENTED_EDGE('',*,*,#1696,.T.);
#1409=ORIENTED_EDGE('',*,*,#1929,.T.);
#1410=ORIENTED_EDGE('',*,*,#1753,.T.);
#1411=ORIENTED_EDGE('',*,*,#1926,.F.);
#1412=ORIENTED_EDGE('',*,*,#1930,.T.);
#1413=ORIENTED_EDGE('',*,*,#1800,.F.);
#1414=ORIENTED_EDGE('',*,*,#1931,.F.);
#1415=ORIENTED_EDGE('',*,*,#1693,.F.);
#1416=ORIENTED_EDGE('',*,*,#1694,.T.);
#1417=ORIENTED_EDGE('',*,*,#1931,.T.);
#1418=ORIENTED_EDGE('',*,*,#1803,.T.);
#1419=ORIENTED_EDGE('',*,*,#1932,.F.);
#1420=ORIENTED_EDGE('',*,*,#1695,.T.);
#1421=ORIENTED_EDGE('',*,*,#1932,.T.);
#1422=ORIENTED_EDGE('',*,*,#1802,.T.);
#1423=ORIENTED_EDGE('',*,*,#1933,.F.);
#1424=ORIENTED_EDGE('',*,*,#1933,.T.);
#1425=ORIENTED_EDGE('',*,*,#1801,.F.);
#1426=ORIENTED_EDGE('',*,*,#1930,.F.);
#1427=ORIENTED_EDGE('',*,*,#1692,.F.);
#1428=ORIENTED_EDGE('',*,*,#1934,.T.);
#1429=ORIENTED_EDGE('',*,*,#1748,.F.);
#1430=ORIENTED_EDGE('',*,*,#1935,.F.);
#1431=ORIENTED_EDGE('',*,*,#1689,.F.);
#1432=ORIENTED_EDGE('',*,*,#1690,.T.);
#1433=ORIENTED_EDGE('',*,*,#1935,.T.);
#1434=ORIENTED_EDGE('',*,*,#1751,.T.);
#1435=ORIENTED_EDGE('',*,*,#1936,.F.);
#1436=ORIENTED_EDGE('',*,*,#1691,.T.);
#1437=ORIENTED_EDGE('',*,*,#1936,.T.);
#1438=ORIENTED_EDGE('',*,*,#1750,.T.);
#1439=ORIENTED_EDGE('',*,*,#1937,.F.);
#1440=ORIENTED_EDGE('',*,*,#1937,.T.);
#1441=ORIENTED_EDGE('',*,*,#1749,.F.);
#1442=ORIENTED_EDGE('',*,*,#1934,.F.);
#1443=ORIENTED_EDGE('',*,*,#1688,.F.);
#1444=ORIENTED_EDGE('',*,*,#1938,.T.);
#1445=ORIENTED_EDGE('',*,*,#1804,.F.);
#1446=ORIENTED_EDGE('',*,*,#1939,.F.);
#1447=ORIENTED_EDGE('',*,*,#1685,.F.);
#1448=ORIENTED_EDGE('',*,*,#1686,.T.);
#1449=ORIENTED_EDGE('',*,*,#1939,.T.);
#1450=ORIENTED_EDGE('',*,*,#1807,.T.);
#1451=ORIENTED_EDGE('',*,*,#1940,.F.);
#1452=ORIENTED_EDGE('',*,*,#1687,.T.);
#1453=ORIENTED_EDGE('',*,*,#1940,.T.);
#1454=ORIENTED_EDGE('',*,*,#1806,.T.);
#1455=ORIENTED_EDGE('',*,*,#1941,.F.);
#1456=ORIENTED_EDGE('',*,*,#1941,.T.);
#1457=ORIENTED_EDGE('',*,*,#1805,.F.);
#1458=ORIENTED_EDGE('',*,*,#1938,.F.);
#1459=ORIENTED_EDGE('',*,*,#1684,.F.);
#1460=ORIENTED_EDGE('',*,*,#1736,.T.);
#1461=ORIENTED_EDGE('',*,*,#1942,.T.);
#1462=ORIENTED_EDGE('',*,*,#1745,.T.);
#1463=ORIENTED_EDGE('',*,*,#1943,.F.);
#1464=ORIENTED_EDGE('',*,*,#1737,.T.);
#1465=ORIENTED_EDGE('',*,*,#1943,.T.);
#1466=ORIENTED_EDGE('',*,*,#1744,.T.);
#1467=ORIENTED_EDGE('',*,*,#1944,.F.);
#1468=ORIENTED_EDGE('',*,*,#1944,.T.);
#1469=ORIENTED_EDGE('',*,*,#1747,.F.);
#1470=ORIENTED_EDGE('',*,*,#1945,.F.);
#1471=ORIENTED_EDGE('',*,*,#1738,.F.);
#1472=ORIENTED_EDGE('',*,*,#1945,.T.);
#1473=ORIENTED_EDGE('',*,*,#1746,.F.);
#1474=ORIENTED_EDGE('',*,*,#1942,.F.);
#1475=ORIENTED_EDGE('',*,*,#1739,.F.);
#1476=ORIENTED_EDGE('',*,*,#1946,.F.);
#1477=ORIENTED_EDGE('',*,*,#1947,.F.);
#1478=ORIENTED_EDGE('',*,*,#1948,.T.);
#1479=ORIENTED_EDGE('',*,*,#1949,.T.);
#1480=ORIENTED_EDGE('',*,*,#1950,.T.);
#1481=ORIENTED_EDGE('',*,*,#1951,.F.);
#1482=ORIENTED_EDGE('',*,*,#1952,.F.);
#1483=ORIENTED_EDGE('',*,*,#1947,.T.);
#1484=ORIENTED_EDGE('',*,*,#1953,.T.);
#1485=ORIENTED_EDGE('',*,*,#1954,.F.);
#1486=ORIENTED_EDGE('',*,*,#1955,.F.);
#1487=ORIENTED_EDGE('',*,*,#1951,.T.);
#1488=ORIENTED_EDGE('',*,*,#1741,.F.);
#1489=ORIENTED_EDGE('',*,*,#1956,.F.);
#1490=ORIENTED_EDGE('',*,*,#1957,.T.);
#1491=ORIENTED_EDGE('',*,*,#1958,.T.);
#1492=ORIENTED_EDGE('',*,*,#1740,.T.);
#1493=ORIENTED_EDGE('',*,*,#1959,.F.);
#1494=ORIENTED_EDGE('',*,*,#1960,.F.);
#1495=ORIENTED_EDGE('',*,*,#1956,.T.);
#1496=ORIENTED_EDGE('',*,*,#1743,.T.);
#1497=ORIENTED_EDGE('',*,*,#1961,.F.);
#1498=ORIENTED_EDGE('',*,*,#1962,.F.);
#1499=ORIENTED_EDGE('',*,*,#1959,.T.);
#1500=ORIENTED_EDGE('',*,*,#1742,.F.);
#1501=ORIENTED_EDGE('',*,*,#1958,.F.);
#1502=ORIENTED_EDGE('',*,*,#1963,.T.);
#1503=ORIENTED_EDGE('',*,*,#1961,.T.);
#1504=ORIENTED_EDGE('',*,*,#1964,.F.);
#1505=ORIENTED_EDGE('',*,*,#1949,.F.);
#1506=ORIENTED_EDGE('',*,*,#1965,.T.);
#1507=ORIENTED_EDGE('',*,*,#1954,.T.);
#1508=ORIENTED_EDGE('',*,*,#1957,.F.);
#1509=ORIENTED_EDGE('',*,*,#1960,.T.);
#1510=ORIENTED_EDGE('',*,*,#1962,.T.);
#1511=ORIENTED_EDGE('',*,*,#1963,.F.);
#1512=ORIENTED_EDGE('',*,*,#1948,.F.);
#1513=ORIENTED_EDGE('',*,*,#1952,.T.);
#1514=ORIENTED_EDGE('',*,*,#1955,.T.);
#1515=ORIENTED_EDGE('',*,*,#1965,.F.);
#1516=ORIENTED_EDGE('',*,*,#1950,.F.);
#1517=ORIENTED_EDGE('',*,*,#1946,.T.);
#1518=ORIENTED_EDGE('',*,*,#1964,.T.);
#1519=ORIENTED_EDGE('',*,*,#1953,.F.);
#1520=ORIENTED_EDGE('',*,*,#1966,.F.);
#1521=ORIENTED_EDGE('',*,*,#1967,.T.);
#1522=ORIENTED_EDGE('',*,*,#1968,.T.);
#1523=ORIENTED_EDGE('',*,*,#1969,.F.);
#1524=ORIENTED_EDGE('',*,*,#1968,.F.);
#1525=ORIENTED_EDGE('',*,*,#1970,.T.);
#1526=ORIENTED_EDGE('',*,*,#1971,.T.);
#1527=ORIENTED_EDGE('',*,*,#1972,.T.);
#1528=ORIENTED_EDGE('',*,*,#1973,.F.);
#1529=ORIENTED_EDGE('',*,*,#1974,.F.);
#1530=ORIENTED_EDGE('',*,*,#1975,.T.);
#1531=ORIENTED_EDGE('',*,*,#1972,.F.);
#1532=ORIENTED_EDGE('',*,*,#1976,.T.);
#1533=ORIENTED_EDGE('',*,*,#1977,.T.);
#1534=ORIENTED_EDGE('',*,*,#1978,.T.);
#1535=ORIENTED_EDGE('',*,*,#1979,.T.);
#1536=ORIENTED_EDGE('',*,*,#1980,.T.);
#1537=ORIENTED_EDGE('',*,*,#1979,.F.);
#1538=ORIENTED_EDGE('',*,*,#1981,.T.);
#1539=ORIENTED_EDGE('',*,*,#1982,.T.);
#1540=ORIENTED_EDGE('',*,*,#1966,.T.);
#1541=ORIENTED_EDGE('',*,*,#1983,.F.);
#1542=ORIENTED_EDGE('',*,*,#1984,.T.);
#1543=ORIENTED_EDGE('',*,*,#1985,.T.);
#1544=ORIENTED_EDGE('',*,*,#1986,.T.);
#1545=ORIENTED_EDGE('',*,*,#1987,.T.);
#1546=ORIENTED_EDGE('',*,*,#1988,.F.);
#1547=ORIENTED_EDGE('',*,*,#1976,.F.);
#1548=ORIENTED_EDGE('',*,*,#1971,.F.);
#1549=ORIENTED_EDGE('',*,*,#1989,.F.);
#1550=ORIENTED_EDGE('',*,*,#1990,.F.);
#1551=ORIENTED_EDGE('',*,*,#1991,.T.);
#1552=ORIENTED_EDGE('',*,*,#1989,.T.);
#1553=ORIENTED_EDGE('',*,*,#1970,.F.);
#1554=ORIENTED_EDGE('',*,*,#1967,.F.);
#1555=ORIENTED_EDGE('',*,*,#1982,.F.);
#1556=ORIENTED_EDGE('',*,*,#1988,.T.);
#1557=ORIENTED_EDGE('',*,*,#1992,.T.);
#1558=ORIENTED_EDGE('',*,*,#1993,.T.);
#1559=ORIENTED_EDGE('',*,*,#1994,.T.);
#1560=ORIENTED_EDGE('',*,*,#1995,.F.);
#1561=ORIENTED_EDGE('',*,*,#1977,.F.);
#1562=ORIENTED_EDGE('',*,*,#1995,.T.);
#1563=ORIENTED_EDGE('',*,*,#1996,.T.);
#1564=ORIENTED_EDGE('',*,*,#1997,.T.);
#1565=ORIENTED_EDGE('',*,*,#1990,.T.);
#1566=ORIENTED_EDGE('',*,*,#1981,.F.);
#1567=ORIENTED_EDGE('',*,*,#1978,.F.);
#1568=ORIENTED_EDGE('',*,*,#1993,.F.);
#1569=ORIENTED_EDGE('',*,*,#1998,.F.);
#1570=ORIENTED_EDGE('',*,*,#1845,.F.);
#1571=ORIENTED_EDGE('',*,*,#1999,.F.);
#1572=ORIENTED_EDGE('',*,*,#1987,.F.);
#1573=ORIENTED_EDGE('',*,*,#2000,.F.);
#1574=ORIENTED_EDGE('',*,*,#1842,.F.);
#1575=ORIENTED_EDGE('',*,*,#1998,.T.);
#1576=ORIENTED_EDGE('',*,*,#1992,.F.);
#1577=ORIENTED_EDGE('',*,*,#1999,.T.);
#1578=ORIENTED_EDGE('',*,*,#1844,.F.);
#1579=ORIENTED_EDGE('',*,*,#2001,.F.);
#1580=ORIENTED_EDGE('',*,*,#1996,.F.);
#1581=ORIENTED_EDGE('',*,*,#1994,.F.);
#1582=ORIENTED_EDGE('',*,*,#1986,.F.);
#1583=ORIENTED_EDGE('',*,*,#1991,.F.);
#1584=ORIENTED_EDGE('',*,*,#1997,.F.);
#1585=ORIENTED_EDGE('',*,*,#2001,.T.);
#1586=ORIENTED_EDGE('',*,*,#1843,.F.);
#1587=ORIENTED_EDGE('',*,*,#2000,.T.);
#1588=ORIENTED_EDGE('',*,*,#1969,.T.);
#1589=ORIENTED_EDGE('',*,*,#1975,.F.);
#1590=ORIENTED_EDGE('',*,*,#2002,.F.);
#1591=ORIENTED_EDGE('',*,*,#1983,.T.);
#1592=ORIENTED_EDGE('',*,*,#1862,.F.);
#1593=ORIENTED_EDGE('',*,*,#2003,.F.);
#1594=ORIENTED_EDGE('',*,*,#2004,.T.);
#1595=ORIENTED_EDGE('',*,*,#2005,.T.);
#1596=ORIENTED_EDGE('',*,*,#1861,.F.);
#1597=ORIENTED_EDGE('',*,*,#2006,.F.);
#1598=ORIENTED_EDGE('',*,*,#2007,.T.);
#1599=ORIENTED_EDGE('',*,*,#2003,.T.);
#1600=ORIENTED_EDGE('',*,*,#1864,.F.);
#1601=ORIENTED_EDGE('',*,*,#2008,.F.);
#1602=ORIENTED_EDGE('',*,*,#2009,.T.);
#1603=ORIENTED_EDGE('',*,*,#2006,.T.);
#1604=ORIENTED_EDGE('',*,*,#1863,.F.);
#1605=ORIENTED_EDGE('',*,*,#2005,.F.);
#1606=ORIENTED_EDGE('',*,*,#2010,.T.);
#1607=ORIENTED_EDGE('',*,*,#2008,.T.);
#1608=ORIENTED_EDGE('',*,*,#1980,.F.);
#1609=ORIENTED_EDGE('',*,*,#1985,.F.);
#1610=ORIENTED_EDGE('',*,*,#2011,.T.);
#1611=ORIENTED_EDGE('',*,*,#1973,.T.);
#1612=ORIENTED_EDGE('',*,*,#2004,.F.);
#1613=ORIENTED_EDGE('',*,*,#2007,.F.);
#1614=ORIENTED_EDGE('',*,*,#2009,.F.);
#1615=ORIENTED_EDGE('',*,*,#2010,.F.);
#1616=ORIENTED_EDGE('',*,*,#1984,.F.);
#1617=ORIENTED_EDGE('',*,*,#2002,.T.);
#1618=ORIENTED_EDGE('',*,*,#1974,.T.);
#1619=ORIENTED_EDGE('',*,*,#2011,.F.);
#1620=EDGE_CURVE('',#2012,#2012,#2272,.T.);
#1621=EDGE_CURVE('',#2013,#2013,#2273,.T.);
#1622=EDGE_CURVE('',#2014,#2014,#2274,.T.);
#1623=EDGE_CURVE('',#2015,#2015,#2275,.T.);
#1624=EDGE_CURVE('',#2016,#2017,#689,.F.);
#1625=EDGE_CURVE('',#2016,#2018,#41,.T.);
#1626=EDGE_CURVE('',#2019,#2018,#2276,.T.);
#1627=EDGE_CURVE('',#2020,#2019,#42,.T.);
#1628=EDGE_CURVE('',#2017,#2020,#2277,.F.);
#1629=EDGE_CURVE('',#2021,#2022,#43,.T.);
#1630=EDGE_CURVE('',#2021,#2020,#44,.T.);
#1631=EDGE_CURVE('',#2019,#2022,#45,.T.);
#1632=EDGE_CURVE('',#2023,#2024,#46,.T.);
#1633=EDGE_CURVE('',#2023,#2021,#690,.F.);
#1634=EDGE_CURVE('',#2022,#2024,#691,.T.);
#1635=EDGE_CURVE('',#2023,#2025,#2278,.F.);
#1636=EDGE_CURVE('',#2026,#2024,#2279,.T.);
#1637=EDGE_CURVE('',#2027,#2026,#47,.T.);
#1638=EDGE_CURVE('',#2025,#2027,#692,.F.);
#1639=EDGE_CURVE('',#2028,#2029,#48,.T.);
#1640=EDGE_CURVE('',#2028,#2027,#49,.T.);
#1641=EDGE_CURVE('',#2026,#2029,#50,.T.);
#1642=EDGE_CURVE('',#2030,#2031,#51,.T.);
#1643=EDGE_CURVE('',#2032,#2030,#52,.T.);
#1644=EDGE_CURVE('',#2028,#2032,#53,.T.);
#1645=EDGE_CURVE('',#2033,#2029,#54,.T.);
#1646=EDGE_CURVE('',#2031,#2033,#55,.T.);
#1647=EDGE_CURVE('',#2031,#2034,#56,.T.);
#1648=EDGE_CURVE('',#2035,#2033,#57,.T.);
#1649=EDGE_CURVE('',#2034,#2035,#58,.T.);
#1650=EDGE_CURVE('',#2016,#2034,#693,.T.);
#1651=EDGE_CURVE('',#2035,#2018,#2280,.T.);
#1652=EDGE_CURVE('',#2036,#2036,#2281,.T.);
#1653=EDGE_CURVE('',#2037,#2037,#2282,.T.);
#1654=EDGE_CURVE('',#2030,#2017,#59,.T.);
#1655=EDGE_CURVE('',#2032,#2025,#60,.T.);
#1656=EDGE_CURVE('',#2038,#2039,#61,.T.);
#1657=EDGE_CURVE('',#2038,#2040,#62,.T.);
#1658=EDGE_CURVE('',#2041,#2040,#63,.T.);
#1659=EDGE_CURVE('',#2039,#2041,#64,.T.);
#1660=EDGE_CURVE('',#2042,#2041,#65,.T.);
#1661=EDGE_CURVE('',#2043,#2042,#66,.T.);
#1662=EDGE_CURVE('',#2043,#2039,#67,.T.);
#1663=EDGE_CURVE('',#2044,#2045,#68,.T.);
#1664=EDGE_CURVE('',#2045,#2046,#69,.T.);
#1665=EDGE_CURVE('',#2046,#2038,#70,.T.);
#1666=EDGE_CURVE('',#2047,#2043,#71,.T.);
#1667=EDGE_CURVE('',#2048,#2047,#72,.T.);
#1668=EDGE_CURVE('',#2044,#2048,#73,.T.);
#1669=EDGE_CURVE('',#2045,#2049,#74,.T.);
#1670=EDGE_CURVE('',#2044,#2050,#75,.T.);
#1671=EDGE_CURVE('',#2050,#2049,#76,.T.);
#1672=EDGE_CURVE('',#2040,#2051,#77,.T.);
#1673=EDGE_CURVE('',#2051,#2049,#78,.T.);
#1674=EDGE_CURVE('',#2050,#2052,#79,.T.);
#1675=EDGE_CURVE('',#2052,#2042,#80,.T.);
#1676=EDGE_CURVE('',#2044,#2050,#81,.T.);
#1677=EDGE_CURVE('',#2053,#2052,#82,.T.);
#1678=EDGE_CURVE('',#2053,#2054,#83,.T.);
#1679=EDGE_CURVE('',#2054,#2047,#84,.T.);
#1680=EDGE_CURVE('',#2055,#2048,#85,.T.);
#1681=EDGE_CURVE('',#2053,#2055,#86,.T.);
#1682=EDGE_CURVE('',#2055,#2054,#87,.T.);
#1683=EDGE_CURVE('',#2046,#2051,#88,.T.);
#1684=EDGE_CURVE('',#2056,#2057,#89,.T.);
#1685=EDGE_CURVE('',#2057,#2058,#90,.T.);
#1686=EDGE_CURVE('',#2059,#2058,#91,.T.);
#1687=EDGE_CURVE('',#2056,#2059,#92,.T.);
#1688=EDGE_CURVE('',#2060,#2061,#93,.T.);
#1689=EDGE_CURVE('',#2061,#2062,#94,.T.);
#1690=EDGE_CURVE('',#2063,#2062,#95,.T.);
#1691=EDGE_CURVE('',#2060,#2063,#96,.T.);
#1692=EDGE_CURVE('',#2064,#2065,#97,.T.);
#1693=EDGE_CURVE('',#2065,#2066,#98,.T.);
#1694=EDGE_CURVE('',#2067,#2066,#99,.T.);
#1695=EDGE_CURVE('',#2064,#2067,#100,.T.);
#1696=EDGE_CURVE('',#2068,#2069,#101,.T.);
#1697=EDGE_CURVE('',#2068,#2070,#102,.T.);
#1698=EDGE_CURVE('',#2070,#2071,#103,.T.);
#1699=EDGE_CURVE('',#2069,#2071,#104,.T.);
#1700=EDGE_CURVE('',#2072,#2073,#105,.T.);
#1701=EDGE_CURVE('',#2073,#2074,#106,.T.);
#1702=EDGE_CURVE('',#2075,#2074,#107,.T.);
#1703=EDGE_CURVE('',#2072,#2075,#108,.T.);
#1704=EDGE_CURVE('',#2076,#2077,#109,.T.);
#1705=EDGE_CURVE('',#2077,#2078,#110,.T.);
#1706=EDGE_CURVE('',#2079,#2078,#111,.T.);
#1707=EDGE_CURVE('',#2076,#2079,#112,.T.);
#1708=EDGE_CURVE('',#2080,#2081,#113,.T.);
#1709=EDGE_CURVE('',#2081,#2082,#114,.T.);
#1710=EDGE_CURVE('',#2083,#2082,#115,.T.);
#1711=EDGE_CURVE('',#2080,#2083,#116,.T.);
#1712=EDGE_CURVE('',#2084,#2085,#117,.T.);
#1713=EDGE_CURVE('',#2084,#2086,#118,.T.);
#1714=EDGE_CURVE('',#2086,#2087,#119,.T.);
#1715=EDGE_CURVE('',#2085,#2087,#120,.T.);
#1716=EDGE_CURVE('',#2088,#2089,#121,.T.);
#1717=EDGE_CURVE('',#2088,#2090,#122,.T.);
#1718=EDGE_CURVE('',#2090,#2091,#123,.T.);
#1719=EDGE_CURVE('',#2089,#2091,#124,.T.);
#1720=EDGE_CURVE('',#2092,#2093,#125,.T.);
#1721=EDGE_CURVE('',#2093,#2094,#126,.T.);
#1722=EDGE_CURVE('',#2095,#2094,#127,.T.);
#1723=EDGE_CURVE('',#2092,#2095,#128,.T.);
#1724=EDGE_CURVE('',#2096,#2097,#129,.T.);
#1725=EDGE_CURVE('',#2097,#2098,#130,.T.);
#1726=EDGE_CURVE('',#2099,#2098,#131,.T.);
#1727=EDGE_CURVE('',#2096,#2099,#132,.T.);
#1728=EDGE_CURVE('',#2100,#2101,#133,.T.);
#1729=EDGE_CURVE('',#2100,#2102,#694,.T.);
#1730=EDGE_CURVE('',#2103,#2102,#134,.T.);
#1731=EDGE_CURVE('',#2103,#2104,#695,.T.);
#1732=EDGE_CURVE('',#2105,#2104,#135,.T.);
#1733=EDGE_CURVE('',#2105,#2106,#696,.T.);
#1734=EDGE_CURVE('',#2106,#2107,#136,.T.);
#1735=EDGE_CURVE('',#2107,#2101,#697,.T.);
#1736=EDGE_CURVE('',#2108,#2109,#137,.T.);
#1737=EDGE_CURVE('',#2110,#2108,#138,.T.);
#1738=EDGE_CURVE('',#2110,#2111,#139,.T.);
#1739=EDGE_CURVE('',#2111,#2109,#140,.T.);
#1740=EDGE_CURVE('',#2112,#2113,#141,.T.);
#1741=EDGE_CURVE('',#2112,#2114,#142,.T.);
#1742=EDGE_CURVE('',#2114,#2115,#143,.T.);
#1743=EDGE_CURVE('',#2113,#2115,#144,.T.);
#1744=EDGE_CURVE('',#2116,#2117,#145,.T.);
#1745=EDGE_CURVE('',#2118,#2116,#146,.T.);
#1746=EDGE_CURVE('',#2118,#2119,#147,.T.);
#1747=EDGE_CURVE('',#2119,#2117,#148,.T.);
#1748=EDGE_CURVE('',#2120,#2121,#149,.T.);
#1749=EDGE_CURVE('',#2121,#2122,#150,.T.);
#1750=EDGE_CURVE('',#2123,#2122,#151,.T.);
#1751=EDGE_CURVE('',#2120,#2123,#152,.T.);
#1752=EDGE_CURVE('',#2124,#2125,#153,.T.);
#1753=EDGE_CURVE('',#2126,#2125,#154,.T.);
#1754=EDGE_CURVE('',#2127,#2126,#155,.T.);
#1755=EDGE_CURVE('',#2127,#2124,#156,.T.);
#1756=EDGE_CURVE('',#2128,#2129,#157,.T.);
#1757=EDGE_CURVE('',#2129,#2130,#158,.T.);
#1758=EDGE_CURVE('',#2131,#2130,#159,.T.);
#1759=EDGE_CURVE('',#2128,#2131,#160,.T.);
#1760=EDGE_CURVE('',#2132,#2133,#161,.T.);
#1761=EDGE_CURVE('',#2134,#2133,#162,.T.);
#1762=EDGE_CURVE('',#2135,#2134,#163,.T.);
#1763=EDGE_CURVE('',#2135,#2132,#164,.T.);
#1764=EDGE_CURVE('',#2136,#2137,#165,.T.);
#1765=EDGE_CURVE('',#2137,#2138,#166,.T.);
#1766=EDGE_CURVE('',#2139,#2138,#167,.T.);
#1767=EDGE_CURVE('',#2136,#2139,#168,.T.);
#1768=EDGE_CURVE('',#2140,#2141,#2283,.T.);
#1769=EDGE_CURVE('',#2141,#2142,#169,.T.);
#1770=EDGE_CURVE('',#2142,#2143,#2284,.T.);
#1771=EDGE_CURVE('',#2140,#2143,#170,.T.);
#1772=EDGE_CURVE('',#2144,#2145,#2285,.T.);
#1773=EDGE_CURVE('',#2146,#2144,#171,.T.);
#1774=EDGE_CURVE('',#2147,#2146,#2286,.T.);
#1775=EDGE_CURVE('',#2147,#2148,#172,.T.);
#1776=EDGE_CURVE('',#2149,#2148,#2287,.T.);
#1777=EDGE_CURVE('',#2149,#2150,#173,.T.);
#1778=EDGE_CURVE('',#2151,#2150,#2288,.T.);
#1779=EDGE_CURVE('',#2145,#2151,#174,.T.);
#1780=EDGE_CURVE('',#2152,#2153,#2289,.T.);
#1781=EDGE_CURVE('',#2153,#2154,#175,.T.);
#1782=EDGE_CURVE('',#2154,#2155,#2290,.T.);
#1783=EDGE_CURVE('',#2152,#2155,#176,.T.);
#1784=EDGE_CURVE('',#2156,#2157,#177,.T.);
#1785=EDGE_CURVE('',#2157,#2158,#178,.T.);
#1786=EDGE_CURVE('',#2159,#2158,#179,.T.);
#1787=EDGE_CURVE('',#2156,#2159,#180,.T.);
#1788=EDGE_CURVE('',#2160,#2161,#181,.T.);
#1789=EDGE_CURVE('',#2162,#2161,#182,.T.);
#1790=EDGE_CURVE('',#2163,#2162,#183,.T.);
#1791=EDGE_CURVE('',#2163,#2160,#184,.T.);
#1792=EDGE_CURVE('',#2164,#2165,#185,.T.);
#1793=EDGE_CURVE('',#2165,#2166,#186,.T.);
#1794=EDGE_CURVE('',#2167,#2166,#187,.T.);
#1795=EDGE_CURVE('',#2164,#2167,#188,.T.);
#1796=EDGE_CURVE('',#2168,#2169,#189,.T.);
#1797=EDGE_CURVE('',#2169,#2170,#190,.T.);
#1798=EDGE_CURVE('',#2171,#2170,#191,.T.);
#1799=EDGE_CURVE('',#2168,#2171,#192,.T.);
#1800=EDGE_CURVE('',#2172,#2173,#193,.T.);
#1801=EDGE_CURVE('',#2173,#2174,#194,.T.);
#1802=EDGE_CURVE('',#2175,#2174,#195,.T.);
#1803=EDGE_CURVE('',#2172,#2175,#196,.T.);
#1804=EDGE_CURVE('',#2176,#2177,#197,.T.);
#1805=EDGE_CURVE('',#2177,#2178,#198,.T.);
#1806=EDGE_CURVE('',#2179,#2178,#199,.T.);
#1807=EDGE_CURVE('',#2176,#2179,#200,.T.);
#1808=EDGE_CURVE('',#2103,#2180,#2291,.T.);
#1809=EDGE_CURVE('',#2181,#2180,#201,.T.);
#1810=EDGE_CURVE('',#2181,#2182,#2292,.T.);
#1811=EDGE_CURVE('',#2183,#2182,#698,.T.);
#1812=EDGE_CURVE('',#2183,#2104,#202,.T.);
#1813=EDGE_CURVE('',#2184,#2180,#203,.T.);
#1814=EDGE_CURVE('',#2185,#2184,#204,.T.);
#1815=EDGE_CURVE('',#2181,#2185,#205,.T.);
#1816=EDGE_CURVE('',#2184,#2102,#2293,.T.);
#1817=EDGE_CURVE('',#2186,#2100,#206,.T.);
#1818=EDGE_CURVE('',#2187,#2186,#699,.T.);
#1819=EDGE_CURVE('',#2187,#2185,#2294,.T.);
#1820=EDGE_CURVE('',#2188,#2145,#207,.T.);
#1821=EDGE_CURVE('',#2188,#2189,#2295,.F.);
#1822=EDGE_CURVE('',#2189,#2190,#700,.F.);
#1823=EDGE_CURVE('',#2190,#2144,#208,.T.);
#1824=EDGE_CURVE('',#2191,#2151,#209,.T.);
#1825=EDGE_CURVE('',#2191,#2188,#210,.T.);
#1826=EDGE_CURVE('',#2192,#2150,#211,.T.);
#1827=EDGE_CURVE('',#2192,#2193,#701,.T.);
#1828=EDGE_CURVE('',#2193,#2191,#2296,.F.);
#1829=EDGE_CURVE('',#2194,#2195,#212,.T.);
#1830=EDGE_CURVE('',#2195,#2196,#2297,.T.);
#1831=EDGE_CURVE('',#2196,#2197,#213,.T.);
#1832=EDGE_CURVE('',#2197,#2198,#2298,.T.);
#1833=EDGE_CURVE('',#2198,#2199,#214,.T.);
#1834=EDGE_CURVE('',#2200,#2199,#2299,.T.);
#1835=EDGE_CURVE('',#2200,#2201,#215,.T.);
#1836=EDGE_CURVE('',#2194,#2201,#2300,.T.);
#1837=EDGE_CURVE('',#2202,#2149,#216,.T.);
#1838=EDGE_CURVE('',#2202,#2192,#217,.T.);
#1839=EDGE_CURVE('',#2203,#2204,#2301,.F.);
#1840=EDGE_CURVE('',#2204,#2202,#702,.F.);
#1841=EDGE_CURVE('',#2203,#2148,#218,.T.);
#1842=EDGE_CURVE('',#2205,#2206,#219,.T.);
#1843=EDGE_CURVE('',#2206,#2207,#220,.T.);
#1844=EDGE_CURVE('',#2207,#2208,#221,.F.);
#1845=EDGE_CURVE('',#2208,#2205,#222,.F.);
#1846=EDGE_CURVE('',#2209,#2147,#223,.T.);
#1847=EDGE_CURVE('',#2209,#2203,#224,.T.);
#1848=EDGE_CURVE('',#2210,#2211,#703,.T.);
#1849=EDGE_CURVE('',#2211,#2209,#2302,.F.);
#1850=EDGE_CURVE('',#2210,#2146,#225,.T.);
#1851=EDGE_CURVE('',#2106,#2212,#2303,.T.);
#1852=EDGE_CURVE('',#2213,#2105,#226,.T.);
#1853=EDGE_CURVE('',#2194,#2213,#704,.T.);
#1854=EDGE_CURVE('',#2201,#2212,#227,.T.);
#1855=EDGE_CURVE('',#2183,#2213,#228,.T.);
#1856=EDGE_CURVE('',#2214,#2101,#229,.T.);
#1857=EDGE_CURVE('',#2214,#2186,#230,.T.);
#1858=EDGE_CURVE('',#2215,#2107,#2304,.T.);
#1859=EDGE_CURVE('',#2200,#2215,#231,.T.);
#1860=EDGE_CURVE('',#2214,#2199,#705,.T.);
#1861=EDGE_CURVE('',#2216,#2217,#232,.T.);
#1862=EDGE_CURVE('',#2217,#2218,#233,.T.);
#1863=EDGE_CURVE('',#2218,#2219,#234,.T.);
#1864=EDGE_CURVE('',#2219,#2216,#235,.T.);
#1865=EDGE_CURVE('',#2215,#2212,#236,.T.);
#1866=EDGE_CURVE('',#2190,#2210,#237,.T.);
#1867=EDGE_CURVE('',#2220,#2221,#238,.T.);
#1868=EDGE_CURVE('',#2221,#2222,#2305,.T.);
#1869=EDGE_CURVE('',#2182,#2222,#239,.T.);
#1870=EDGE_CURVE('',#2223,#2187,#240,.T.);
#1871=EDGE_CURVE('',#2223,#2220,#2306,.T.);
#1872=EDGE_CURVE('',#2222,#2195,#241,.T.);
#1873=EDGE_CURVE('',#2198,#2223,#242,.T.);
#1874=EDGE_CURVE('',#2209,#2197,#243,.T.);
#1875=EDGE_CURVE('',#2198,#2211,#10,.T.);
#1876=EDGE_CURVE('',#2223,#2189,#11,.T.);
#1877=EDGE_CURVE('',#2203,#2196,#244,.T.);
#1878=EDGE_CURVE('',#2220,#2188,#245,.T.);
#1879=EDGE_CURVE('',#2204,#2195,#12,.F.);
#1880=EDGE_CURVE('',#2221,#2191,#246,.T.);
#1881=EDGE_CURVE('',#2193,#2222,#13,.F.);
#1882=EDGE_CURVE('',#2224,#2225,#2307,.T.);
#1883=EDGE_CURVE('',#2225,#2226,#247,.T.);
#1884=EDGE_CURVE('',#2226,#2227,#2308,.T.);
#1885=EDGE_CURVE('',#2227,#2224,#248,.T.);
#1886=EDGE_CURVE('',#2228,#2229,#2309,.T.);
#1887=EDGE_CURVE('',#2229,#2230,#249,.T.);
#1888=EDGE_CURVE('',#2230,#2231,#2310,.T.);
#1889=EDGE_CURVE('',#2231,#2228,#250,.T.);
#1890=EDGE_CURVE('',#2142,#2227,#251,.T.);
#1891=EDGE_CURVE('',#2224,#2141,#252,.T.);
#1892=EDGE_CURVE('',#2225,#2140,#253,.T.);
#1893=EDGE_CURVE('',#2143,#2226,#254,.T.);
#1894=EDGE_CURVE('',#2154,#2231,#255,.T.);
#1895=EDGE_CURVE('',#2228,#2153,#256,.T.);
#1896=EDGE_CURVE('',#2229,#2152,#257,.T.);
#1897=EDGE_CURVE('',#2155,#2230,#258,.T.);
#1898=EDGE_CURVE('',#2097,#2157,#259,.T.);
#1899=EDGE_CURVE('',#2098,#2156,#260,.T.);
#1900=EDGE_CURVE('',#2099,#2159,#261,.T.);
#1901=EDGE_CURVE('',#2096,#2158,#262,.T.);
#1902=EDGE_CURVE('',#2093,#2137,#263,.T.);
#1903=EDGE_CURVE('',#2094,#2136,#264,.T.);
#1904=EDGE_CURVE('',#2095,#2139,#265,.T.);
#1905=EDGE_CURVE('',#2092,#2138,#266,.T.);
#1906=EDGE_CURVE('',#2088,#2161,#267,.T.);
#1907=EDGE_CURVE('',#2090,#2160,#268,.T.);
#1908=EDGE_CURVE('',#2091,#2163,#269,.T.);
#1909=EDGE_CURVE('',#2089,#2162,#270,.T.);
#1910=EDGE_CURVE('',#2084,#2133,#271,.T.);
#1911=EDGE_CURVE('',#2086,#2132,#272,.T.);
#1912=EDGE_CURVE('',#2087,#2135,#273,.T.);
#1913=EDGE_CURVE('',#2085,#2134,#274,.T.);
#1914=EDGE_CURVE('',#2081,#2165,#275,.T.);
#1915=EDGE_CURVE('',#2082,#2164,#276,.T.);
#1916=EDGE_CURVE('',#2083,#2167,#277,.T.);
#1917=EDGE_CURVE('',#2080,#2166,#278,.T.);
#1918=EDGE_CURVE('',#2077,#2129,#279,.T.);
#1919=EDGE_CURVE('',#2078,#2128,#280,.T.);
#1920=EDGE_CURVE('',#2079,#2131,#281,.T.);
#1921=EDGE_CURVE('',#2076,#2130,#282,.T.);
#1922=EDGE_CURVE('',#2073,#2169,#283,.T.);
#1923=EDGE_CURVE('',#2074,#2168,#284,.T.);
#1924=EDGE_CURVE('',#2075,#2171,#285,.T.);
#1925=EDGE_CURVE('',#2072,#2170,#286,.T.);
#1926=EDGE_CURVE('',#2068,#2125,#287,.T.);
#1927=EDGE_CURVE('',#2070,#2124,#288,.T.);
#1928=EDGE_CURVE('',#2071,#2127,#289,.T.);
#1929=EDGE_CURVE('',#2069,#2126,#290,.T.);
#1930=EDGE_CURVE('',#2065,#2173,#291,.T.);
#1931=EDGE_CURVE('',#2066,#2172,#292,.T.);
#1932=EDGE_CURVE('',#2067,#2175,#293,.T.);
#1933=EDGE_CURVE('',#2064,#2174,#294,.T.);
#1934=EDGE_CURVE('',#2061,#2121,#295,.T.);
#1935=EDGE_CURVE('',#2062,#2120,#296,.T.);
#1936=EDGE_CURVE('',#2063,#2123,#297,.T.);
#1937=EDGE_CURVE('',#2060,#2122,#298,.T.);
#1938=EDGE_CURVE('',#2057,#2177,#299,.T.);
#1939=EDGE_CURVE('',#2058,#2176,#300,.T.);
#1940=EDGE_CURVE('',#2059,#2179,#301,.T.);
#1941=EDGE_CURVE('',#2056,#2178,#302,.T.);
#1942=EDGE_CURVE('',#2109,#2118,#303,.T.);
#1943=EDGE_CURVE('',#2108,#2116,#304,.T.);
#1944=EDGE_CURVE('',#2110,#2117,#305,.T.);
#1945=EDGE_CURVE('',#2111,#2119,#306,.T.);
#1946=EDGE_CURVE('',#2232,#2233,#307,.T.);
#1947=EDGE_CURVE('',#2234,#2232,#308,.T.);
#1948=EDGE_CURVE('',#2234,#2235,#309,.T.);
#1949=EDGE_CURVE('',#2235,#2233,#310,.T.);
#1950=EDGE_CURVE('',#2232,#2236,#311,.T.);
#1951=EDGE_CURVE('',#2237,#2236,#312,.T.);
#1952=EDGE_CURVE('',#2234,#2237,#313,.T.);
#1953=EDGE_CURVE('',#2236,#2238,#314,.T.);
#1954=EDGE_CURVE('',#2239,#2238,#315,.T.);
#1955=EDGE_CURVE('',#2237,#2239,#316,.T.);
#1956=EDGE_CURVE('',#2240,#2112,#317,.T.);
#1957=EDGE_CURVE('',#2240,#2241,#318,.T.);
#1958=EDGE_CURVE('',#2241,#2114,#319,.T.);
#1959=EDGE_CURVE('',#2242,#2113,#320,.T.);
#1960=EDGE_CURVE('',#2240,#2242,#321,.T.);
#1961=EDGE_CURVE('',#2243,#2115,#322,.T.);
#1962=EDGE_CURVE('',#2242,#2243,#323,.T.);
#1963=EDGE_CURVE('',#2241,#2243,#324,.T.);
#1964=EDGE_CURVE('',#2233,#2238,#325,.T.);
#1965=EDGE_CURVE('',#2235,#2239,#326,.T.);
#1966=EDGE_CURVE('',#2244,#2245,#327,.T.);
#1967=EDGE_CURVE('',#2244,#2246,#328,.T.);
#1968=EDGE_CURVE('',#2246,#2247,#329,.T.);
#1969=EDGE_CURVE('',#2245,#2247,#330,.T.);
#1970=EDGE_CURVE('',#2246,#2248,#331,.T.);
#1971=EDGE_CURVE('',#2248,#2249,#332,.T.);
#1972=EDGE_CURVE('',#2249,#2250,#333,.T.);
#1973=EDGE_CURVE('',#2251,#2250,#334,.T.);
#1974=EDGE_CURVE('',#2252,#2251,#335,.T.);
#1975=EDGE_CURVE('',#2252,#2247,#336,.T.);
#1976=EDGE_CURVE('',#2249,#2253,#337,.T.);
#1977=EDGE_CURVE('',#2253,#2254,#338,.T.);
#1978=EDGE_CURVE('',#2254,#2255,#339,.F.);
#1979=EDGE_CURVE('',#2255,#2256,#340,.T.);
#1980=EDGE_CURVE('',#2256,#2250,#341,.T.);
#1981=EDGE_CURVE('',#2255,#2257,#342,.T.);
#1982=EDGE_CURVE('',#2257,#2244,#343,.T.);
#1983=EDGE_CURVE('',#2258,#2245,#344,.T.);
#1984=EDGE_CURVE('',#2258,#2259,#345,.T.);
#1985=EDGE_CURVE('',#2259,#2256,#346,.T.);
#1986=EDGE_CURVE('',#2260,#2261,#706,.F.);
#1987=EDGE_CURVE('',#2261,#2262,#347,.F.);
#1988=EDGE_CURVE('',#2253,#2262,#348,.T.);
#1989=EDGE_CURVE('',#2260,#2248,#349,.T.);
#1990=EDGE_CURVE('',#2263,#2257,#350,.T.);
#1991=EDGE_CURVE('',#2263,#2260,#351,.F.);
#1992=EDGE_CURVE('',#2262,#2264,#707,.T.);
#1993=EDGE_CURVE('',#2264,#2265,#352,.F.);
#1994=EDGE_CURVE('',#2265,#2266,#708,.T.);
#1995=EDGE_CURVE('',#2254,#2266,#353,.F.);
#1996=EDGE_CURVE('',#2266,#2267,#354,.F.);
#1997=EDGE_CURVE('',#2267,#2263,#709,.T.);
#1998=EDGE_CURVE('',#2205,#2264,#710,.F.);
#1999=EDGE_CURVE('',#2265,#2208,#711,.T.);
#2000=EDGE_CURVE('',#2206,#2261,#712,.T.);
#2001=EDGE_CURVE('',#2267,#2207,#713,.F.);
#2002=EDGE_CURVE('',#2258,#2252,#355,.T.);
#2003=EDGE_CURVE('',#2268,#2217,#356,.T.);
#2004=EDGE_CURVE('',#2268,#2269,#357,.T.);
#2005=EDGE_CURVE('',#2269,#2218,#358,.T.);
#2006=EDGE_CURVE('',#2270,#2216,#359,.T.);
#2007=EDGE_CURVE('',#2270,#2268,#360,.T.);
#2008=EDGE_CURVE('',#2271,#2219,#361,.T.);
#2009=EDGE_CURVE('',#2271,#2270,#362,.T.);
#2010=EDGE_CURVE('',#2269,#2271,#363,.T.);
#2011=EDGE_CURVE('',#2259,#2251,#364,.T.);
#2012=VERTEX_POINT('',#3862);
#2013=VERTEX_POINT('',#3864);
#2014=VERTEX_POINT('',#3868);
#2015=VERTEX_POINT('',#3870);
#2016=VERTEX_POINT('',#3874);
#2017=VERTEX_POINT('',#3875);
#2018=VERTEX_POINT('',#3877);
#2019=VERTEX_POINT('',#3879);
#2020=VERTEX_POINT('',#3881);
#2021=VERTEX_POINT('',#3885);
#2022=VERTEX_POINT('',#3886);
#2023=VERTEX_POINT('',#3898);
#2024=VERTEX_POINT('',#3899);
#2025=VERTEX_POINT('',#3904);
#2026=VERTEX_POINT('',#3906);
#2027=VERTEX_POINT('',#3908);
#2028=VERTEX_POINT('',#3912);
#2029=VERTEX_POINT('',#3913);
#2030=VERTEX_POINT('',#3918);
#2031=VERTEX_POINT('',#3919);
#2032=VERTEX_POINT('',#3921);
#2033=VERTEX_POINT('',#3924);
#2034=VERTEX_POINT('',#3928);
#2035=VERTEX_POINT('',#3930);
#2036=VERTEX_POINT('',#3937);
#2037=VERTEX_POINT('',#3940);
#2038=VERTEX_POINT('',#3950);
#2039=VERTEX_POINT('',#3951);
#2040=VERTEX_POINT('',#3953);
#2041=VERTEX_POINT('',#3955);
#2042=VERTEX_POINT('',#3959);
#2043=VERTEX_POINT('',#3961);
#2044=VERTEX_POINT('',#3965);
#2045=VERTEX_POINT('',#3966);
#2046=VERTEX_POINT('',#3968);
#2047=VERTEX_POINT('',#3971);
#2048=VERTEX_POINT('',#3973);
#2049=VERTEX_POINT('',#3977);
#2050=VERTEX_POINT('',#3979);
#2051=VERTEX_POINT('',#3983);
#2052=VERTEX_POINT('',#3986);
#2053=VERTEX_POINT('',#3992);
#2054=VERTEX_POINT('',#3994);
#2055=VERTEX_POINT('',#3998);
#2056=VERTEX_POINT('',#4009);
#2057=VERTEX_POINT('',#4010);
#2058=VERTEX_POINT('',#4012);
#2059=VERTEX_POINT('',#4014);
#2060=VERTEX_POINT('',#4017);
#2061=VERTEX_POINT('',#4018);
#2062=VERTEX_POINT('',#4020);
#2063=VERTEX_POINT('',#4022);
#2064=VERTEX_POINT('',#4025);
#2065=VERTEX_POINT('',#4026);
#2066=VERTEX_POINT('',#4028);
#2067=VERTEX_POINT('',#4030);
#2068=VERTEX_POINT('',#4033);
#2069=VERTEX_POINT('',#4034);
#2070=VERTEX_POINT('',#4036);
#2071=VERTEX_POINT('',#4038);
#2072=VERTEX_POINT('',#4041);
#2073=VERTEX_POINT('',#4042);
#2074=VERTEX_POINT('',#4044);
#2075=VERTEX_POINT('',#4046);
#2076=VERTEX_POINT('',#4049);
#2077=VERTEX_POINT('',#4050);
#2078=VERTEX_POINT('',#4052);
#2079=VERTEX_POINT('',#4054);
#2080=VERTEX_POINT('',#4057);
#2081=VERTEX_POINT('',#4058);
#2082=VERTEX_POINT('',#4060);
#2083=VERTEX_POINT('',#4062);
#2084=VERTEX_POINT('',#4065);
#2085=VERTEX_POINT('',#4066);
#2086=VERTEX_POINT('',#4068);
#2087=VERTEX_POINT('',#4070);
#2088=VERTEX_POINT('',#4073);
#2089=VERTEX_POINT('',#4074);
#2090=VERTEX_POINT('',#4076);
#2091=VERTEX_POINT('',#4078);
#2092=VERTEX_POINT('',#4081);
#2093=VERTEX_POINT('',#4082);
#2094=VERTEX_POINT('',#4084);
#2095=VERTEX_POINT('',#4086);
#2096=VERTEX_POINT('',#4089);
#2097=VERTEX_POINT('',#4090);
#2098=VERTEX_POINT('',#4092);
#2099=VERTEX_POINT('',#4094);
#2100=VERTEX_POINT('',#4097);
#2101=VERTEX_POINT('',#4098);
#2102=VERTEX_POINT('',#4100);
#2103=VERTEX_POINT('',#4102);
#2104=VERTEX_POINT('',#4104);
#2105=VERTEX_POINT('',#4106);
#2106=VERTEX_POINT('',#4108);
#2107=VERTEX_POINT('',#4110);
#2108=VERTEX_POINT('',#4113);
#2109=VERTEX_POINT('',#4114);
#2110=VERTEX_POINT('',#4116);
#2111=VERTEX_POINT('',#4118);
#2112=VERTEX_POINT('',#4121);
#2113=VERTEX_POINT('',#4122);
#2114=VERTEX_POINT('',#4124);
#2115=VERTEX_POINT('',#4126);
#2116=VERTEX_POINT('',#4130);
#2117=VERTEX_POINT('',#4131);
#2118=VERTEX_POINT('',#4133);
#2119=VERTEX_POINT('',#4135);
#2120=VERTEX_POINT('',#4138);
#2121=VERTEX_POINT('',#4139);
#2122=VERTEX_POINT('',#4141);
#2123=VERTEX_POINT('',#4143);
#2124=VERTEX_POINT('',#4146);
#2125=VERTEX_POINT('',#4147);
#2126=VERTEX_POINT('',#4149);
#2127=VERTEX_POINT('',#4151);
#2128=VERTEX_POINT('',#4154);
#2129=VERTEX_POINT('',#4155);
#2130=VERTEX_POINT('',#4157);
#2131=VERTEX_POINT('',#4159);
#2132=VERTEX_POINT('',#4162);
#2133=VERTEX_POINT('',#4163);
#2134=VERTEX_POINT('',#4165);
#2135=VERTEX_POINT('',#4167);
#2136=VERTEX_POINT('',#4170);
#2137=VERTEX_POINT('',#4171);
#2138=VERTEX_POINT('',#4173);
#2139=VERTEX_POINT('',#4175);
#2140=VERTEX_POINT('',#4178);
#2141=VERTEX_POINT('',#4179);
#2142=VERTEX_POINT('',#4181);
#2143=VERTEX_POINT('',#4183);
#2144=VERTEX_POINT('',#4186);
#2145=VERTEX_POINT('',#4187);
#2146=VERTEX_POINT('',#4189);
#2147=VERTEX_POINT('',#4191);
#2148=VERTEX_POINT('',#4193);
#2149=VERTEX_POINT('',#4195);
#2150=VERTEX_POINT('',#4197);
#2151=VERTEX_POINT('',#4199);
#2152=VERTEX_POINT('',#4202);
#2153=VERTEX_POINT('',#4203);
#2154=VERTEX_POINT('',#4205);
#2155=VERTEX_POINT('',#4207);
#2156=VERTEX_POINT('',#4210);
#2157=VERTEX_POINT('',#4211);
#2158=VERTEX_POINT('',#4213);
#2159=VERTEX_POINT('',#4215);
#2160=VERTEX_POINT('',#4218);
#2161=VERTEX_POINT('',#4219);
#2162=VERTEX_POINT('',#4221);
#2163=VERTEX_POINT('',#4223);
#2164=VERTEX_POINT('',#4226);
#2165=VERTEX_POINT('',#4227);
#2166=VERTEX_POINT('',#4229);
#2167=VERTEX_POINT('',#4231);
#2168=VERTEX_POINT('',#4234);
#2169=VERTEX_POINT('',#4235);
#2170=VERTEX_POINT('',#4237);
#2171=VERTEX_POINT('',#4239);
#2172=VERTEX_POINT('',#4242);
#2173=VERTEX_POINT('',#4243);
#2174=VERTEX_POINT('',#4245);
#2175=VERTEX_POINT('',#4247);
#2176=VERTEX_POINT('',#4250);
#2177=VERTEX_POINT('',#4251);
#2178=VERTEX_POINT('',#4253);
#2179=VERTEX_POINT('',#4255);
#2180=VERTEX_POINT('',#4259);
#2181=VERTEX_POINT('',#4261);
#2182=VERTEX_POINT('',#4263);
#2183=VERTEX_POINT('',#4265);
#2184=VERTEX_POINT('',#4269);
#2185=VERTEX_POINT('',#4271);
#2186=VERTEX_POINT('',#4276);
#2187=VERTEX_POINT('',#4278);
#2188=VERTEX_POINT('',#4282);
#2189=VERTEX_POINT('',#4284);
#2190=VERTEX_POINT('',#4286);
#2191=VERTEX_POINT('',#4290);
#2192=VERTEX_POINT('',#4294);
#2193=VERTEX_POINT('',#4296);
#2194=VERTEX_POINT('',#4300);
#2195=VERTEX_POINT('',#4301);
#2196=VERTEX_POINT('',#4303);
#2197=VERTEX_POINT('',#4305);
#2198=VERTEX_POINT('',#4307);
#2199=VERTEX_POINT('',#4309);
#2200=VERTEX_POINT('',#4311);
#2201=VERTEX_POINT('',#4313);
#2202=VERTEX_POINT('',#4317);
#2203=VERTEX_POINT('',#4321);
#2204=VERTEX_POINT('',#4322);
#2205=VERTEX_POINT('',#4327);
#2206=VERTEX_POINT('',#4328);
#2207=VERTEX_POINT('',#4330);
#2208=VERTEX_POINT('',#4332);
#2209=VERTEX_POINT('',#4335);
#2210=VERTEX_POINT('',#4339);
#2211=VERTEX_POINT('',#4340);
#2212=VERTEX_POINT('',#4345);
#2213=VERTEX_POINT('',#4347);
#2214=VERTEX_POINT('',#4354);
#2215=VERTEX_POINT('',#4358);
#2216=VERTEX_POINT('',#4363);
#2217=VERTEX_POINT('',#4364);
#2218=VERTEX_POINT('',#4366);
#2219=VERTEX_POINT('',#4368);
#2220=VERTEX_POINT('',#4375);
#2221=VERTEX_POINT('',#4376);
#2222=VERTEX_POINT('',#4378);
#2223=VERTEX_POINT('',#4381);
#2224=VERTEX_POINT('',#4419);
#2225=VERTEX_POINT('',#4420);
#2226=VERTEX_POINT('',#4422);
#2227=VERTEX_POINT('',#4424);
#2228=VERTEX_POINT('',#4428);
#2229=VERTEX_POINT('',#4429);
#2230=VERTEX_POINT('',#4431);
#2231=VERTEX_POINT('',#4433);
#2232=VERTEX_POINT('',#4549);
#2233=VERTEX_POINT('',#4550);
#2234=VERTEX_POINT('',#4552);
#2235=VERTEX_POINT('',#4554);
#2236=VERTEX_POINT('',#4558);
#2237=VERTEX_POINT('',#4560);
#2238=VERTEX_POINT('',#4564);
#2239=VERTEX_POINT('',#4566);
#2240=VERTEX_POINT('',#4570);
#2241=VERTEX_POINT('',#4572);
#2242=VERTEX_POINT('',#4576);
#2243=VERTEX_POINT('',#4580);
#2244=VERTEX_POINT('',#4591);
#2245=VERTEX_POINT('',#4592);
#2246=VERTEX_POINT('',#4594);
#2247=VERTEX_POINT('',#4596);
#2248=VERTEX_POINT('',#4600);
#2249=VERTEX_POINT('',#4602);
#2250=VERTEX_POINT('',#4604);
#2251=VERTEX_POINT('',#4606);
#2252=VERTEX_POINT('',#4608);
#2253=VERTEX_POINT('',#4612);
#2254=VERTEX_POINT('',#4614);
#2255=VERTEX_POINT('',#4616);
#2256=VERTEX_POINT('',#4618);
#2257=VERTEX_POINT('',#4622);
#2258=VERTEX_POINT('',#4625);
#2259=VERTEX_POINT('',#4627);
#2260=VERTEX_POINT('',#4631);
#2261=VERTEX_POINT('',#4632);
#2262=VERTEX_POINT('',#4634);
#2263=VERTEX_POINT('',#4639);
#2264=VERTEX_POINT('',#4643);
#2265=VERTEX_POINT('',#4645);
#2266=VERTEX_POINT('',#4647);
#2267=VERTEX_POINT('',#4651);
#2268=VERTEX_POINT('',#4665);
#2269=VERTEX_POINT('',#4667);
#2270=VERTEX_POINT('',#4671);
#2271=VERTEX_POINT('',#4675);
#2272=CIRCLE('',#2889,0.0025);
#2273=CIRCLE('',#2890,0.0025);
#2274=CIRCLE('',#2893,0.0025);
#2275=CIRCLE('',#2894,0.0025);
#2276=CIRCLE('',#2898,0.00479427805077241);
#2277=CIRCLE('',#2899,0.00479427805077241);
#2278=CIRCLE('',#2904,0.00476255967134969);
#2279=CIRCLE('',#2905,0.00476255967134969);
#2280=CIRCLE('',#2912,0.00479291013355856);
#2281=CIRCLE('',#2914,0.0025);
#2282=CIRCLE('',#2916,0.0025);
#2283=CIRCLE('',#2941,0.0015);
#2284=CIRCLE('',#2942,0.0015);
#2285=CIRCLE('',#2943,0.00555);
#2286=CIRCLE('',#2944,0.00555);
#2287=CIRCLE('',#2945,0.00555);
#2288=CIRCLE('',#2946,0.00555);
#2289=CIRCLE('',#2947,0.0015);
#2290=CIRCLE('',#2948,0.0015);
#2291=CIRCLE('',#2950,0.00476250015500899);
#2292=CIRCLE('',#2951,0.00476250015500899);
#2293=CIRCLE('',#2955,0.00476250015500899);
#2294=CIRCLE('',#2957,0.00476250015500899);
#2295=CIRCLE('',#2959,0.00555);
#2296=CIRCLE('',#2964,0.00555);
#2297=CIRCLE('',#2966,0.00355);
#2298=CIRCLE('',#2967,0.00355);
#2299=CIRCLE('',#2968,0.004762500155008);
#2300=CIRCLE('',#2969,0.00476250015500899);
#2301=CIRCLE('',#2972,0.00555);
#2302=CIRCLE('',#2977,0.00555);
#2303=CIRCLE('',#2979,0.00476250015500899);
#2304=CIRCLE('',#2984,0.004762500155008);
#2305=CIRCLE('',#2989,0.00355);
#2306=CIRCLE('',#2990,0.00355);
#2307=CIRCLE('',#3004,0.0005);
#2308=CIRCLE('',#3005,0.0005);
#2309=CIRCLE('',#3007,0.0005);
#2310=CIRCLE('',#3008,0.0005);
#2311=EDGE_LOOP('',(#836));
#2312=EDGE_LOOP('',(#837));
#2313=EDGE_LOOP('',(#838));
#2314=EDGE_LOOP('',(#839));
#2315=EDGE_LOOP('',(#840));
#2316=EDGE_LOOP('',(#841));
#2317=EDGE_LOOP('',(#842,#843,#844,#845,#846));
#2318=EDGE_LOOP('',(#847,#848,#849,#850));
#2319=EDGE_LOOP('',(#851,#852,#853,#854));
#2320=EDGE_LOOP('',(#855,#856,#857,#858,#859));
#2321=EDGE_LOOP('',(#860,#861,#862,#863));
#2322=EDGE_LOOP('',(#864,#865,#866,#867,#868,#869));
#2323=EDGE_LOOP('',(#870,#871,#872,#873));
#2324=EDGE_LOOP('',(#874,#875,#876,#877));
#2325=EDGE_LOOP('',(#878));
#2326=EDGE_LOOP('',(#879));
#2327=EDGE_LOOP('',(#880,#881,#882,#883,#884,#885,#886,#887));
#2328=EDGE_LOOP('',(#888));
#2329=EDGE_LOOP('',(#889));
#2330=EDGE_LOOP('',(#890));
#2331=EDGE_LOOP('',(#891));
#2332=EDGE_LOOP('',(#892,#893,#894,#895,#896));
#2333=EDGE_LOOP('',(#897,#898,#899,#900,#901,#902,#903));
#2334=EDGE_LOOP('',(#904,#905,#906,#907));
#2335=EDGE_LOOP('',(#908,#909,#910,#911));
#2336=EDGE_LOOP('',(#912,#913,#914,#915));
#2337=EDGE_LOOP('',(#916,#917,#918,#919,#920,#921,#922,#923));
#2338=EDGE_LOOP('',(#924,#925,#926,#927));
#2339=EDGE_LOOP('',(#928,#929,#930,#931,#932,#933,#934));
#2340=EDGE_LOOP('',(#935,#936));
#2341=EDGE_LOOP('',(#937,#938,#939,#940,#941,#942));
#2342=EDGE_LOOP('',(#943,#944,#945,#946,#947,#948));
#2343=EDGE_LOOP('',(#949,#950,#951,#952));
#2344=EDGE_LOOP('',(#953,#954,#955));
#2345=EDGE_LOOP('',(#956,#957,#958,#959));
#2346=EDGE_LOOP('',(#960,#961,#962,#963));
#2347=EDGE_LOOP('',(#964,#965,#966,#967));
#2348=EDGE_LOOP('',(#968,#969,#970,#971));
#2349=EDGE_LOOP('',(#972,#973,#974,#975));
#2350=EDGE_LOOP('',(#976,#977,#978,#979));
#2351=EDGE_LOOP('',(#980,#981,#982,#983));
#2352=EDGE_LOOP('',(#984,#985,#986,#987));
#2353=EDGE_LOOP('',(#988,#989,#990,#991));
#2354=EDGE_LOOP('',(#992,#993,#994,#995));
#2355=EDGE_LOOP('',(#996,#997,#998,#999));
#2356=EDGE_LOOP('',(#1000,#1001,#1002,#1003));
#2357=EDGE_LOOP('',(#1004,#1005,#1006,#1007));
#2358=EDGE_LOOP('',(#1008,#1009,#1010,#1011,#1012,#1013,#1014,#1015));
#2359=EDGE_LOOP('',(#1016,#1017,#1018,#1019));
#2360=EDGE_LOOP('',(#1020,#1021,#1022,#1023));
#2361=EDGE_LOOP('',(#1024,#1025,#1026,#1027));
#2362=EDGE_LOOP('',(#1028,#1029,#1030,#1031));
#2363=EDGE_LOOP('',(#1032,#1033,#1034,#1035));
#2364=EDGE_LOOP('',(#1036,#1037,#1038,#1039));
#2365=EDGE_LOOP('',(#1040,#1041,#1042,#1043));
#2366=EDGE_LOOP('',(#1044,#1045,#1046,#1047));
#2367=EDGE_LOOP('',(#1048,#1049,#1050,#1051));
#2368=EDGE_LOOP('',(#1052,#1053,#1054,#1055,#1056,#1057,#1058,#1059));
#2369=EDGE_LOOP('',(#1060,#1061,#1062,#1063));
#2370=EDGE_LOOP('',(#1064,#1065,#1066,#1067));
#2371=EDGE_LOOP('',(#1068,#1069,#1070,#1071));
#2372=EDGE_LOOP('',(#1072,#1073,#1074,#1075));
#2373=EDGE_LOOP('',(#1076,#1077,#1078,#1079));
#2374=EDGE_LOOP('',(#1080,#1081,#1082,#1083));
#2375=EDGE_LOOP('',(#1084,#1085,#1086,#1087));
#2376=EDGE_LOOP('',(#1088,#1089,#1090,#1091,#1092,#1093));
#2377=EDGE_LOOP('',(#1094,#1095,#1096,#1097));
#2378=EDGE_LOOP('',(#1098,#1099,#1100,#1101,#1102,#1103));
#2379=EDGE_LOOP('',(#1104,#1105,#1106,#1107,#1108));
#2380=EDGE_LOOP('',(#1109,#1110,#1111,#1112));
#2381=EDGE_LOOP('',(#1113,#1114,#1115,#1116,#1117));
#2382=EDGE_LOOP('',(#1118,#1119,#1120,#1121,#1122,#1123,#1124,#1125));
#2383=EDGE_LOOP('',(#1126,#1127,#1128,#1129));
#2384=EDGE_LOOP('',(#1130,#1131,#1132,#1133,#1134));
#2385=EDGE_LOOP('',(#1135,#1136,#1137,#1138));
#2386=EDGE_LOOP('',(#1139,#1140,#1141,#1142));
#2387=EDGE_LOOP('',(#1143,#1144,#1145,#1146,#1147));
#2388=EDGE_LOOP('',(#1148,#1149,#1150,#1151,#1152,#1153));
#2389=EDGE_LOOP('',(#1154,#1155,#1156,#1157));
#2390=EDGE_LOOP('',(#1158,#1159,#1160,#1161));
#2391=EDGE_LOOP('',(#1162,#1163,#1164,#1165,#1166,#1167));
#2392=EDGE_LOOP('',(#1168,#1169,#1170,#1171));
#2393=EDGE_LOOP('',(#1172,#1173,#1174,#1175));
#2394=EDGE_LOOP('',(#1176,#1177,#1178,#1179));
#2395=EDGE_LOOP('',(#1180,#1181,#1182,#1183,#1184,#1185,#1186,#1187));
#2396=EDGE_LOOP('',(#1188,#1189,#1190,#1191,#1192,#1193));
#2397=EDGE_LOOP('',(#1194,#1195,#1196,#1197,#1198,#1199));
#2398=EDGE_LOOP('',(#1200,#1201,#1202,#1203));
#2399=EDGE_LOOP('',(#1204,#1205,#1206,#1207,#1208,#1209));
#2400=EDGE_LOOP('',(#1210,#1211,#1212,#1213));
#2401=EDGE_LOOP('',(#1214,#1215,#1216,#1217));
#2402=EDGE_LOOP('',(#1218,#1219,#1220,#1221));
#2403=EDGE_LOOP('',(#1222,#1223,#1224,#1225));
#2404=EDGE_LOOP('',(#1226,#1227,#1228,#1229,#1230,#1231));
#2405=EDGE_LOOP('',(#1232,#1233,#1234,#1235));
#2406=EDGE_LOOP('',(#1236,#1237,#1238,#1239));
#2407=EDGE_LOOP('',(#1240,#1241,#1242,#1243));
#2408=EDGE_LOOP('',(#1244,#1245,#1246,#1247));
#2409=EDGE_LOOP('',(#1248,#1249,#1250,#1251));
#2410=EDGE_LOOP('',(#1252,#1253,#1254,#1255));
#2411=EDGE_LOOP('',(#1256,#1257,#1258,#1259));
#2412=EDGE_LOOP('',(#1260,#1261,#1262,#1263));
#2413=EDGE_LOOP('',(#1264,#1265,#1266,#1267));
#2414=EDGE_LOOP('',(#1268,#1269,#1270,#1271));
#2415=EDGE_LOOP('',(#1272,#1273,#1274,#1275));
#2416=EDGE_LOOP('',(#1276,#1277,#1278,#1279));
#2417=EDGE_LOOP('',(#1280,#1281,#1282,#1283));
#2418=EDGE_LOOP('',(#1284,#1285,#1286,#1287));
#2419=EDGE_LOOP('',(#1288,#1289,#1290,#1291));
#2420=EDGE_LOOP('',(#1292,#1293,#1294,#1295));
#2421=EDGE_LOOP('',(#1296,#1297,#1298,#1299));
#2422=EDGE_LOOP('',(#1300,#1301,#1302,#1303));
#2423=EDGE_LOOP('',(#1304,#1305,#1306,#1307));
#2424=EDGE_LOOP('',(#1308,#1309,#1310,#1311));
#2425=EDGE_LOOP('',(#1312,#1313,#1314,#1315));
#2426=EDGE_LOOP('',(#1316,#1317,#1318,#1319));
#2427=EDGE_LOOP('',(#1320,#1321,#1322,#1323));
#2428=EDGE_LOOP('',(#1324,#1325,#1326,#1327));
#2429=EDGE_LOOP('',(#1328,#1329,#1330,#1331));
#2430=EDGE_LOOP('',(#1332,#1333,#1334,#1335));
#2431=EDGE_LOOP('',(#1336,#1337,#1338,#1339));
#2432=EDGE_LOOP('',(#1340,#1341,#1342,#1343));
#2433=EDGE_LOOP('',(#1344,#1345,#1346,#1347));
#2434=EDGE_LOOP('',(#1348,#1349,#1350,#1351));
#2435=EDGE_LOOP('',(#1352,#1353,#1354,#1355));
#2436=EDGE_LOOP('',(#1356,#1357,#1358,#1359));
#2437=EDGE_LOOP('',(#1360,#1361,#1362,#1363));
#2438=EDGE_LOOP('',(#1364,#1365,#1366,#1367));
#2439=EDGE_LOOP('',(#1368,#1369,#1370,#1371));
#2440=EDGE_LOOP('',(#1372,#1373,#1374,#1375));
#2441=EDGE_LOOP('',(#1376,#1377,#1378,#1379));
#2442=EDGE_LOOP('',(#1380,#1381,#1382,#1383));
#2443=EDGE_LOOP('',(#1384,#1385,#1386,#1387));
#2444=EDGE_LOOP('',(#1388,#1389,#1390,#1391));
#2445=EDGE_LOOP('',(#1392,#1393,#1394,#1395));
#2446=EDGE_LOOP('',(#1396,#1397,#1398,#1399));
#2447=EDGE_LOOP('',(#1400,#1401,#1402,#1403));
#2448=EDGE_LOOP('',(#1404,#1405,#1406,#1407));
#2449=EDGE_LOOP('',(#1408,#1409,#1410,#1411));
#2450=EDGE_LOOP('',(#1412,#1413,#1414,#1415));
#2451=EDGE_LOOP('',(#1416,#1417,#1418,#1419));
#2452=EDGE_LOOP('',(#1420,#1421,#1422,#1423));
#2453=EDGE_LOOP('',(#1424,#1425,#1426,#1427));
#2454=EDGE_LOOP('',(#1428,#1429,#1430,#1431));
#2455=EDGE_LOOP('',(#1432,#1433,#1434,#1435));
#2456=EDGE_LOOP('',(#1436,#1437,#1438,#1439));
#2457=EDGE_LOOP('',(#1440,#1441,#1442,#1443));
#2458=EDGE_LOOP('',(#1444,#1445,#1446,#1447));
#2459=EDGE_LOOP('',(#1448,#1449,#1450,#1451));
#2460=EDGE_LOOP('',(#1452,#1453,#1454,#1455));
#2461=EDGE_LOOP('',(#1456,#1457,#1458,#1459));
#2462=EDGE_LOOP('',(#1460,#1461,#1462,#1463));
#2463=EDGE_LOOP('',(#1464,#1465,#1466,#1467));
#2464=EDGE_LOOP('',(#1468,#1469,#1470,#1471));
#2465=EDGE_LOOP('',(#1472,#1473,#1474,#1475));
#2466=EDGE_LOOP('',(#1476,#1477,#1478,#1479));
#2467=EDGE_LOOP('',(#1480,#1481,#1482,#1483));
#2468=EDGE_LOOP('',(#1484,#1485,#1486,#1487));
#2469=EDGE_LOOP('',(#1488,#1489,#1490,#1491));
#2470=EDGE_LOOP('',(#1492,#1493,#1494,#1495));
#2471=EDGE_LOOP('',(#1496,#1497,#1498,#1499));
#2472=EDGE_LOOP('',(#1500,#1501,#1502,#1503));
#2473=EDGE_LOOP('',(#1504,#1505,#1506,#1507));
#2474=EDGE_LOOP('',(#1508,#1509,#1510,#1511));
#2475=EDGE_LOOP('',(#1512,#1513,#1514,#1515));
#2476=EDGE_LOOP('',(#1516,#1517,#1518,#1519));
#2477=EDGE_LOOP('',(#1520,#1521,#1522,#1523));
#2478=EDGE_LOOP('',(#1524,#1525,#1526,#1527,#1528,#1529,#1530));
#2479=EDGE_LOOP('',(#1531,#1532,#1533,#1534,#1535,#1536));
#2480=EDGE_LOOP('',(#1537,#1538,#1539,#1540,#1541,#1542,#1543));
#2481=EDGE_LOOP('',(#1544,#1545,#1546,#1547,#1548,#1549));
#2482=EDGE_LOOP('',(#1550,#1551,#1552,#1553,#1554,#1555));
#2483=EDGE_LOOP('',(#1556,#1557,#1558,#1559,#1560,#1561));
#2484=EDGE_LOOP('',(#1562,#1563,#1564,#1565,#1566,#1567));
#2485=EDGE_LOOP('',(#1568,#1569,#1570,#1571));
#2486=EDGE_LOOP('',(#1572,#1573,#1574,#1575,#1576));
#2487=EDGE_LOOP('',(#1577,#1578,#1579,#1580,#1581));
#2488=EDGE_LOOP('',(#1582,#1583,#1584,#1585,#1586,#1587));
#2489=EDGE_LOOP('',(#1588,#1589,#1590,#1591));
#2490=EDGE_LOOP('',(#1592,#1593,#1594,#1595));
#2491=EDGE_LOOP('',(#1596,#1597,#1598,#1599));
#2492=EDGE_LOOP('',(#1600,#1601,#1602,#1603));
#2493=EDGE_LOOP('',(#1604,#1605,#1606,#1607));
#2494=EDGE_LOOP('',(#1608,#1609,#1610,#1611));
#2495=EDGE_LOOP('',(#1612,#1613,#1614,#1615));
#2496=EDGE_LOOP('',(#1616,#1617,#1618,#1619));
#2497=FACE_BOUND('',#2311,.T.);
#2498=FACE_BOUND('',#2312,.T.);
#2499=FACE_BOUND('',#2313,.T.);
#2500=FACE_BOUND('',#2314,.T.);
#2501=FACE_BOUND('',#2315,.T.);
#2502=FACE_BOUND('',#2316,.T.);
#2503=FACE_BOUND('',#2317,.T.);
#2504=FACE_BOUND('',#2318,.T.);
#2505=FACE_BOUND('',#2319,.T.);
#2506=FACE_BOUND('',#2320,.T.);
#2507=FACE_BOUND('',#2321,.T.);
#2508=FACE_BOUND('',#2322,.T.);
#2509=FACE_BOUND('',#2323,.T.);
#2510=FACE_BOUND('',#2324,.T.);
#2511=FACE_BOUND('',#2325,.T.);
#2512=FACE_BOUND('',#2326,.T.);
#2513=FACE_BOUND('',#2327,.T.);
#2514=FACE_BOUND('',#2328,.T.);
#2515=FACE_BOUND('',#2329,.T.);
#2516=FACE_BOUND('',#2330,.T.);
#2517=FACE_BOUND('',#2331,.T.);
#2518=FACE_BOUND('',#2332,.T.);
#2519=FACE_BOUND('',#2333,.T.);
#2520=FACE_BOUND('',#2334,.T.);
#2521=FACE_BOUND('',#2335,.T.);
#2522=FACE_BOUND('',#2336,.T.);
#2523=FACE_BOUND('',#2337,.T.);
#2524=FACE_BOUND('',#2338,.T.);
#2525=FACE_BOUND('',#2339,.T.);
#2526=FACE_BOUND('',#2340,.T.);
#2527=FACE_BOUND('',#2341,.T.);
#2528=FACE_BOUND('',#2342,.T.);
#2529=FACE_BOUND('',#2343,.T.);
#2530=FACE_BOUND('',#2344,.T.);
#2531=FACE_BOUND('',#2345,.T.);
#2532=FACE_BOUND('',#2346,.T.);
#2533=FACE_BOUND('',#2347,.T.);
#2534=FACE_BOUND('',#2348,.T.);
#2535=FACE_BOUND('',#2349,.T.);
#2536=FACE_BOUND('',#2350,.T.);
#2537=FACE_BOUND('',#2351,.T.);
#2538=FACE_BOUND('',#2352,.T.);
#2539=FACE_BOUND('',#2353,.T.);
#2540=FACE_BOUND('',#2354,.T.);
#2541=FACE_BOUND('',#2355,.T.);
#2542=FACE_BOUND('',#2356,.T.);
#2543=FACE_BOUND('',#2357,.T.);
#2544=FACE_BOUND('',#2358,.T.);
#2545=FACE_BOUND('',#2359,.T.);
#2546=FACE_BOUND('',#2360,.T.);
#2547=FACE_BOUND('',#2361,.T.);
#2548=FACE_BOUND('',#2362,.T.);
#2549=FACE_BOUND('',#2363,.T.);
#2550=FACE_BOUND('',#2364,.T.);
#2551=FACE_BOUND('',#2365,.T.);
#2552=FACE_BOUND('',#2366,.T.);
#2553=FACE_BOUND('',#2367,.T.);
#2554=FACE_BOUND('',#2368,.T.);
#2555=FACE_BOUND('',#2369,.T.);
#2556=FACE_BOUND('',#2370,.T.);
#2557=FACE_BOUND('',#2371,.T.);
#2558=FACE_BOUND('',#2372,.T.);
#2559=FACE_BOUND('',#2373,.T.);
#2560=FACE_BOUND('',#2374,.T.);
#2561=FACE_BOUND('',#2375,.T.);
#2562=FACE_BOUND('',#2376,.T.);
#2563=FACE_BOUND('',#2377,.T.);
#2564=FACE_BOUND('',#2378,.T.);
#2565=FACE_BOUND('',#2379,.T.);
#2566=FACE_BOUND('',#2380,.T.);
#2567=FACE_BOUND('',#2381,.T.);
#2568=FACE_BOUND('',#2382,.T.);
#2569=FACE_BOUND('',#2383,.T.);
#2570=FACE_BOUND('',#2384,.T.);
#2571=FACE_BOUND('',#2385,.T.);
#2572=FACE_BOUND('',#2386,.T.);
#2573=FACE_BOUND('',#2387,.T.);
#2574=FACE_BOUND('',#2388,.T.);
#2575=FACE_BOUND('',#2389,.T.);
#2576=FACE_BOUND('',#2390,.T.);
#2577=FACE_BOUND('',#2391,.T.);
#2578=FACE_BOUND('',#2392,.T.);
#2579=FACE_BOUND('',#2393,.T.);
#2580=FACE_BOUND('',#2394,.T.);
#2581=FACE_BOUND('',#2395,.T.);
#2582=FACE_BOUND('',#2396,.T.);
#2583=FACE_BOUND('',#2397,.T.);
#2584=FACE_BOUND('',#2398,.T.);
#2585=FACE_BOUND('',#2399,.T.);
#2586=FACE_BOUND('',#2400,.T.);
#2587=FACE_BOUND('',#2401,.T.);
#2588=FACE_BOUND('',#2402,.T.);
#2589=FACE_BOUND('',#2403,.T.);
#2590=FACE_BOUND('',#2404,.T.);
#2591=FACE_BOUND('',#2405,.T.);
#2592=FACE_BOUND('',#2406,.T.);
#2593=FACE_BOUND('',#2407,.T.);
#2594=FACE_BOUND('',#2408,.T.);
#2595=FACE_BOUND('',#2409,.T.);
#2596=FACE_BOUND('',#2410,.T.);
#2597=FACE_BOUND('',#2411,.T.);
#2598=FACE_BOUND('',#2412,.T.);
#2599=FACE_BOUND('',#2413,.T.);
#2600=FACE_BOUND('',#2414,.T.);
#2601=FACE_BOUND('',#2415,.T.);
#2602=FACE_BOUND('',#2416,.T.);
#2603=FACE_BOUND('',#2417,.T.);
#2604=FACE_BOUND('',#2418,.T.);
#2605=FACE_BOUND('',#2419,.T.);
#2606=FACE_BOUND('',#2420,.T.);
#2607=FACE_BOUND('',#2421,.T.);
#2608=FACE_BOUND('',#2422,.T.);
#2609=FACE_BOUND('',#2423,.T.);
#2610=FACE_BOUND('',#2424,.T.);
#2611=FACE_BOUND('',#2425,.T.);
#2612=FACE_BOUND('',#2426,.T.);
#2613=FACE_BOUND('',#2427,.T.);
#2614=FACE_BOUND('',#2428,.T.);
#2615=FACE_BOUND('',#2429,.T.);
#2616=FACE_BOUND('',#2430,.T.);
#2617=FACE_BOUND('',#2431,.T.);
#2618=FACE_BOUND('',#2432,.T.);
#2619=FACE_BOUND('',#2433,.T.);
#2620=FACE_BOUND('',#2434,.T.);
#2621=FACE_BOUND('',#2435,.T.);
#2622=FACE_BOUND('',#2436,.T.);
#2623=FACE_BOUND('',#2437,.T.);
#2624=FACE_BOUND('',#2438,.T.);
#2625=FACE_BOUND('',#2439,.T.);
#2626=FACE_BOUND('',#2440,.T.);
#2627=FACE_BOUND('',#2441,.T.);
#2628=FACE_BOUND('',#2442,.T.);
#2629=FACE_BOUND('',#2443,.T.);
#2630=FACE_BOUND('',#2444,.T.);
#2631=FACE_BOUND('',#2445,.T.);
#2632=FACE_BOUND('',#2446,.T.);
#2633=FACE_BOUND('',#2447,.T.);
#2634=FACE_BOUND('',#2448,.T.);
#2635=FACE_BOUND('',#2449,.T.);
#2636=FACE_BOUND('',#2450,.T.);
#2637=FACE_BOUND('',#2451,.T.);
#2638=FACE_BOUND('',#2452,.T.);
#2639=FACE_BOUND('',#2453,.T.);
#2640=FACE_BOUND('',#2454,.T.);
#2641=FACE_BOUND('',#2455,.T.);
#2642=FACE_BOUND('',#2456,.T.);
#2643=FACE_BOUND('',#2457,.T.);
#2644=FACE_BOUND('',#2458,.T.);
#2645=FACE_BOUND('',#2459,.T.);
#2646=FACE_BOUND('',#2460,.T.);
#2647=FACE_BOUND('',#2461,.T.);
#2648=FACE_BOUND('',#2462,.T.);
#2649=FACE_BOUND('',#2463,.T.);
#2650=FACE_BOUND('',#2464,.T.);
#2651=FACE_BOUND('',#2465,.T.);
#2652=FACE_BOUND('',#2466,.T.);
#2653=FACE_BOUND('',#2467,.T.);
#2654=FACE_BOUND('',#2468,.T.);
#2655=FACE_BOUND('',#2469,.T.);
#2656=FACE_BOUND('',#2470,.T.);
#2657=FACE_BOUND('',#2471,.T.);
#2658=FACE_BOUND('',#2472,.T.);
#2659=FACE_BOUND('',#2473,.T.);
#2660=FACE_BOUND('',#2474,.T.);
#2661=FACE_BOUND('',#2475,.T.);
#2662=FACE_BOUND('',#2476,.T.);
#2663=FACE_BOUND('',#2477,.T.);
#2664=FACE_BOUND('',#2478,.T.);
#2665=FACE_BOUND('',#2479,.T.);
#2666=FACE_BOUND('',#2480,.T.);
#2667=FACE_BOUND('',#2481,.T.);
#2668=FACE_BOUND('',#2482,.T.);
#2669=FACE_BOUND('',#2483,.T.);
#2670=FACE_BOUND('',#2484,.T.);
#2671=FACE_BOUND('',#2485,.T.);
#2672=FACE_BOUND('',#2486,.T.);
#2673=FACE_BOUND('',#2487,.T.);
#2674=FACE_BOUND('',#2488,.T.);
#2675=FACE_BOUND('',#2489,.T.);
#2676=FACE_BOUND('',#2490,.T.);
#2677=FACE_BOUND('',#2491,.T.);
#2678=FACE_BOUND('',#2492,.T.);
#2679=FACE_BOUND('',#2493,.T.);
#2680=FACE_BOUND('',#2494,.T.);
#2681=FACE_BOUND('',#2495,.T.);
#2682=FACE_BOUND('',#2496,.T.);
#2683=CYLINDRICAL_SURFACE('',#2888,0.0025);
#2684=CYLINDRICAL_SURFACE('',#2892,0.0025);
#2685=CYLINDRICAL_SURFACE('',#2896,0.00479427805077241);
#2686=CYLINDRICAL_SURFACE('',#2903,0.00476255967134969);
#2687=CYLINDRICAL_SURFACE('',#2910,0.00479291013355856);
#2688=CYLINDRICAL_SURFACE('',#2917,0.0025);
#2689=CYLINDRICAL_SURFACE('',#2949,0.00476250015500899);
#2690=CYLINDRICAL_SURFACE('',#2954,0.00476250015500899);
#2691=CYLINDRICAL_SURFACE('',#2958,0.00555);
#2692=CYLINDRICAL_SURFACE('',#2962,0.00555);
#2693=CYLINDRICAL_SURFACE('',#2971,0.00555);
#2694=CYLINDRICAL_SURFACE('',#2975,0.00555);
#2695=CYLINDRICAL_SURFACE('',#2978,0.00476250015500899);
#2696=CYLINDRICAL_SURFACE('',#2983,0.004762500155008);
#2697=CYLINDRICAL_SURFACE('',#3087,0.0015);
#2698=CYLINDRICAL_SURFACE('',#3090,0.0015);
#2699=CYLINDRICAL_SURFACE('',#3092,0.0015);
#2700=CYLINDRICAL_SURFACE('',#3094,0.0015);
#2701=ADVANCED_FACE('',(#2497,#2498),#2683,.T.);
#2702=ADVANCED_FACE('',(#2499),#714,.F.);
#2703=ADVANCED_FACE('',(#2500,#2501),#2684,.T.);
#2704=ADVANCED_FACE('',(#2502),#715,.F.);
#2705=ADVANCED_FACE('',(#2503),#2685,.T.);
#2706=ADVANCED_FACE('',(#2504),#716,.F.);
#2707=ADVANCED_FACE('',(#2505),#40,.F.);
#2708=ADVANCED_FACE('',(#2506),#2686,.T.);
#2709=ADVANCED_FACE('',(#2507),#717,.F.);
#2710=ADVANCED_FACE('',(#2508),#718,.T.);
#2711=ADVANCED_FACE('',(#2509),#719,.T.);
#2712=ADVANCED_FACE('',(#2510),#2687,.T.);
#2713=ADVANCED_FACE('',(#2511,#2512,#2513,#2514),#720,.F.);
#2714=ADVANCED_FACE('',(#2515),#721,.F.);
#2715=ADVANCED_FACE('',(#2516,#2517),#2688,.T.);
#2716=ADVANCED_FACE('',(#2518),#722,.F.);
#2717=ADVANCED_FACE('',(#2519),#723,.F.);
#2718=ADVANCED_FACE('',(#2520),#724,.F.);
#2719=ADVANCED_FACE('',(#2521),#725,.T.);
#2720=ADVANCED_FACE('',(#2522),#726,.F.);
#2721=ADVANCED_FACE('',(#2523),#727,.F.);
#2722=ADVANCED_FACE('',(#2524),#728,.T.);
#2723=ADVANCED_FACE('',(#2525),#729,.F.);
#2724=ADVANCED_FACE('',(#2526),#730,.F.);
#2725=ADVANCED_FACE('',(#2527),#731,.F.);
#2726=ADVANCED_FACE('',(#2528),#732,.T.);
#2727=ADVANCED_FACE('',(#2529),#733,.F.);
#2728=ADVANCED_FACE('',(#2530),#734,.F.);
#2729=ADVANCED_FACE('',(#2531),#735,.F.);
#2730=ADVANCED_FACE('',(#2532),#736,.F.);
#2731=ADVANCED_FACE('',(#2533,#2534,#2535,#2536,#2537,#2538,#2539,#2540,
#2541,#2542,#2543,#2544,#2545,#2546),#737,.T.);
#2732=ADVANCED_FACE('',(#2547,#2548,#2549,#2550,#2551,#2552,#2553,#2554,
#2555,#2556,#2557,#2558,#2559,#2560,#2561),#738,.F.);
#2733=ADVANCED_FACE('',(#2562),#2689,.F.);
#2734=ADVANCED_FACE('',(#2563),#739,.F.);
#2735=ADVANCED_FACE('',(#2564),#2690,.F.);
#2736=ADVANCED_FACE('',(#2565),#2691,.T.);
#2737=ADVANCED_FACE('',(#2566),#740,.F.);
#2738=ADVANCED_FACE('',(#2567),#2692,.T.);
#2739=ADVANCED_FACE('',(#2568),#741,.T.);
#2740=ADVANCED_FACE('',(#2569),#742,.T.);
#2741=ADVANCED_FACE('',(#2570),#2693,.T.);
#2742=ADVANCED_FACE('',(#2571,#2572),#743,.T.);
#2743=ADVANCED_FACE('',(#2573),#2694,.T.);
#2744=ADVANCED_FACE('',(#2574),#2695,.F.);
#2745=ADVANCED_FACE('',(#2575),#744,.F.);
#2746=ADVANCED_FACE('',(#2576),#745,.F.);
#2747=ADVANCED_FACE('',(#2577),#2696,.F.);
#2748=ADVANCED_FACE('',(#2578,#2579),#746,.F.);
#2749=ADVANCED_FACE('',(#2580),#747,.F.);
#2750=ADVANCED_FACE('',(#2581),#748,.T.);
#2751=ADVANCED_FACE('',(#2582),#749,.F.);
#2752=ADVANCED_FACE('',(#2583),#750,.F.);
#2753=ADVANCED_FACE('',(#2584),#14,.T.);
#2754=ADVANCED_FACE('',(#2585),#751,.F.);
#2755=ADVANCED_FACE('',(#2586),#752,.F.);
#2756=ADVANCED_FACE('',(#2587),#15,.T.);
#2757=ADVANCED_FACE('',(#2588),#16,.T.);
#2758=ADVANCED_FACE('',(#2589),#753,.T.);
#2759=ADVANCED_FACE('',(#2590),#754,.T.);
#2760=ADVANCED_FACE('',(#2591),#17,.T.);
#2761=ADVANCED_FACE('',(#2592),#755,.F.);
#2762=ADVANCED_FACE('',(#2593),#756,.T.);
#2763=ADVANCED_FACE('',(#2594),#757,.T.);
#2764=ADVANCED_FACE('',(#2595),#758,.T.);
#2765=ADVANCED_FACE('',(#2596),#759,.F.);
#2766=ADVANCED_FACE('',(#2597),#18,.T.);
#2767=ADVANCED_FACE('',(#2598),#19,.T.);
#2768=ADVANCED_FACE('',(#2599),#760,.T.);
#2769=ADVANCED_FACE('',(#2600),#761,.F.);
#2770=ADVANCED_FACE('',(#2601),#20,.T.);
#2771=ADVANCED_FACE('',(#2602),#21,.T.);
#2772=ADVANCED_FACE('',(#2603),#762,.T.);
#2773=ADVANCED_FACE('',(#2604),#763,.T.);
#2774=ADVANCED_FACE('',(#2605),#764,.F.);
#2775=ADVANCED_FACE('',(#2606),#765,.F.);
#2776=ADVANCED_FACE('',(#2607),#766,.T.);
#2777=ADVANCED_FACE('',(#2608),#767,.T.);
#2778=ADVANCED_FACE('',(#2609),#768,.F.);
#2779=ADVANCED_FACE('',(#2610),#769,.F.);
#2780=ADVANCED_FACE('',(#2611),#770,.T.);
#2781=ADVANCED_FACE('',(#2612),#771,.T.);
#2782=ADVANCED_FACE('',(#2613),#772,.T.);
#2783=ADVANCED_FACE('',(#2614),#773,.F.);
#2784=ADVANCED_FACE('',(#2615),#774,.F.);
#2785=ADVANCED_FACE('',(#2616),#775,.T.);
#2786=ADVANCED_FACE('',(#2617),#776,.T.);
#2787=ADVANCED_FACE('',(#2618),#777,.F.);
#2788=ADVANCED_FACE('',(#2619),#778,.F.);
#2789=ADVANCED_FACE('',(#2620),#779,.T.);
#2790=ADVANCED_FACE('',(#2621),#780,.F.);
#2791=ADVANCED_FACE('',(#2622),#781,.F.);
#2792=ADVANCED_FACE('',(#2623),#782,.T.);
#2793=ADVANCED_FACE('',(#2624),#783,.T.);
#2794=ADVANCED_FACE('',(#2625),#784,.F.);
#2795=ADVANCED_FACE('',(#2626),#785,.F.);
#2796=ADVANCED_FACE('',(#2627),#786,.T.);
#2797=ADVANCED_FACE('',(#2628),#787,.T.);
#2798=ADVANCED_FACE('',(#2629),#788,.F.);
#2799=ADVANCED_FACE('',(#2630),#789,.F.);
#2800=ADVANCED_FACE('',(#2631),#790,.T.);
#2801=ADVANCED_FACE('',(#2632),#791,.T.);
#2802=ADVANCED_FACE('',(#2633),#792,.T.);
#2803=ADVANCED_FACE('',(#2634),#793,.F.);
#2804=ADVANCED_FACE('',(#2635),#794,.F.);
#2805=ADVANCED_FACE('',(#2636),#795,.T.);
#2806=ADVANCED_FACE('',(#2637),#796,.F.);
#2807=ADVANCED_FACE('',(#2638),#797,.F.);
#2808=ADVANCED_FACE('',(#2639),#798,.T.);
#2809=ADVANCED_FACE('',(#2640),#799,.T.);
#2810=ADVANCED_FACE('',(#2641),#800,.F.);
#2811=ADVANCED_FACE('',(#2642),#801,.F.);
#2812=ADVANCED_FACE('',(#2643),#802,.T.);
#2813=ADVANCED_FACE('',(#2644),#803,.T.);
#2814=ADVANCED_FACE('',(#2645),#804,.F.);
#2815=ADVANCED_FACE('',(#2646),#805,.F.);
#2816=ADVANCED_FACE('',(#2647),#806,.T.);
#2817=ADVANCED_FACE('',(#2648),#807,.F.);
#2818=ADVANCED_FACE('',(#2649),#808,.F.);
#2819=ADVANCED_FACE('',(#2650),#809,.T.);
#2820=ADVANCED_FACE('',(#2651),#810,.T.);
#2821=ADVANCED_FACE('',(#2652),#811,.T.);
#2822=ADVANCED_FACE('',(#2653),#812,.F.);
#2823=ADVANCED_FACE('',(#2654),#813,.F.);
#2824=ADVANCED_FACE('',(#2655),#814,.T.);
#2825=ADVANCED_FACE('',(#2656),#815,.F.);
#2826=ADVANCED_FACE('',(#2657),#816,.F.);
#2827=ADVANCED_FACE('',(#2658),#817,.T.);
#2828=ADVANCED_FACE('',(#2659),#818,.T.);
#2829=ADVANCED_FACE('',(#2660,#2661),#819,.T.);
#2830=ADVANCED_FACE('',(#2662),#820,.T.);
#2831=ADVANCED_FACE('',(#2663),#821,.F.);
#2832=ADVANCED_FACE('',(#2664),#822,.F.);
#2833=ADVANCED_FACE('',(#2665),#823,.T.);
#2834=ADVANCED_FACE('',(#2666),#824,.T.);
#2835=ADVANCED_FACE('',(#2667),#825,.T.);
#2836=ADVANCED_FACE('',(#2668),#826,.T.);
#2837=ADVANCED_FACE('',(#2669),#827,.F.);
#2838=ADVANCED_FACE('',(#2670),#828,.F.);
#2839=ADVANCED_FACE('',(#2671),#2697,.T.);
#2840=ADVANCED_FACE('',(#2672),#2698,.T.);
#2841=ADVANCED_FACE('',(#2673),#2699,.T.);
#2842=ADVANCED_FACE('',(#2674),#2700,.T.);
#2843=ADVANCED_FACE('',(#2675),#829,.F.);
#2844=ADVANCED_FACE('',(#2676),#830,.T.);
#2845=ADVANCED_FACE('',(#2677),#831,.T.);
#2846=ADVANCED_FACE('',(#2678),#832,.T.);
#2847=ADVANCED_FACE('',(#2679),#833,.T.);
#2848=ADVANCED_FACE('',(#2680),#834,.T.);
#2849=ADVANCED_FACE('',(#2681,#2682),#835,.T.);
#2850=CLOSED_SHELL('',(#2701,#2702,#2703,#2704,#2705,#2706,#2707,#2708,
#2709,#2710,#2711,#2712,#2713,#2714,#2715,#2716,#2717,#2718));
#2851=CLOSED_SHELL('',(#2719,#2720,#2721,#2722,#2723,#2724,#2725,#2726,
#2727,#2728,#2729,#2730));
#2852=CLOSED_SHELL('',(#2731,#2732,#2733,#2734,#2735,#2736,#2737,#2738,
#2739,#2740,#2741,#2742,#2743,#2744,#2745,#2746,#2747,#2748,#2749,#2750,
#2751,#2752,#2753,#2754,#2755,#2756,#2757,#2758,#2759,#2760,#2761,#2762,
#2763,#2764,#2765,#2766,#2767,#2768,#2769,#2770,#2771,#2772,#2773,#2774,
#2775,#2776,#2777,#2778,#2779,#2780,#2781,#2782,#2783,#2784,#2785,#2786,
#2787,#2788,#2789,#2790,#2791,#2792,#2793,#2794,#2795,#2796,#2797,#2798,
#2799,#2800,#2801,#2802,#2803,#2804,#2805,#2806,#2807,#2808,#2809,#2810,
#2811,#2812,#2813,#2814,#2815,#2816,#2817,#2818,#2819,#2820,#2821,#2822,
#2823,#2824,#2825,#2826,#2827,#2828,#2829,#2830,#2831,#2832,#2833,#2834,
#2835,#2836,#2837,#2838,#2839,#2840,#2841,#2842,#2843,#2844,#2845,#2846,
#2847,#2848,#2849));
#2853=STYLED_ITEM('',(#2856),#2876);
#2854=STYLED_ITEM('',(#2857),#2877);
#2855=STYLED_ITEM('',(#2858),#2878);
#2856=PRESENTATION_STYLE_ASSIGNMENT((#2859));
#2857=PRESENTATION_STYLE_ASSIGNMENT((#2860));
#2858=PRESENTATION_STYLE_ASSIGNMENT((#2861));
#2859=SURFACE_STYLE_USAGE(.BOTH.,#2862);
#2860=SURFACE_STYLE_USAGE(.BOTH.,#2863);
#2861=SURFACE_STYLE_USAGE(.BOTH.,#2864);
#2862=SURFACE_SIDE_STYLE('',(#2865));
#2863=SURFACE_SIDE_STYLE('',(#2866));
#2864=SURFACE_SIDE_STYLE('',(#2867));
#2865=SURFACE_STYLE_FILL_AREA(#2868);
#2866=SURFACE_STYLE_FILL_AREA(#2869);
#2867=SURFACE_STYLE_FILL_AREA(#2870);
#2868=FILL_AREA_STYLE('',(#2871));
#2869=FILL_AREA_STYLE('',(#2872));
#2870=FILL_AREA_STYLE('',(#2873));
#2871=FILL_AREA_STYLE_COLOUR('',#2874);
#2872=FILL_AREA_STYLE_COLOUR('',#2875);
#2873=FILL_AREA_STYLE_COLOUR('',#2875);
#2874=COLOUR_RGB('',0.647058823529412,0.647058823529412,0.647058823529412);
#2875=COLOUR_RGB('',0.615686274509804,0.811764705882353,0.929411764705882);
#2876=MANIFOLD_SOLID_BREP('Part 9',#2850);
#2877=MANIFOLD_SOLID_BREP('Part 8',#2851);
#2878=MANIFOLD_SOLID_BREP('Part 1',#2852);
#2879=SHAPE_DEFINITION_REPRESENTATION(#4695,#2883);
#2880=SHAPE_DEFINITION_REPRESENTATION(#4696,#2884);
#2881=SHAPE_DEFINITION_REPRESENTATION(#4698,#2885);
#2882=SHAPE_DEFINITION_REPRESENTATION(#4700,#2886);
#2883=SHAPE_REPRESENTATION('PrintThis!!',(#2887,#2921,#2934,#3102),#4684);
#2884=SHAPE_REPRESENTATION('Part 9',(#2887),#4685);
#2885=SHAPE_REPRESENTATION('Part 8',(#2887),#4686);
#2886=SHAPE_REPRESENTATION('Part 1',(#2887),#4687);
#2887=AXIS2_PLACEMENT_3D('',#3859,#3103,#3104);
#2888=AXIS2_PLACEMENT_3D('',#3860,#3105,#3106);
#2889=AXIS2_PLACEMENT_3D('',#3861,#3107,#3108);
#2890=AXIS2_PLACEMENT_3D('',#3863,#3109,#3110);
#2891=AXIS2_PLACEMENT_3D('',#3865,#3111,#3112);
#2892=AXIS2_PLACEMENT_3D('',#3866,#3113,#3114);
#2893=AXIS2_PLACEMENT_3D('',#3867,#3115,#3116);
#2894=AXIS2_PLACEMENT_3D('',#3869,#3117,#3118);
#2895=AXIS2_PLACEMENT_3D('',#3871,#3119,#3120);
#2896=AXIS2_PLACEMENT_3D('',#3872,#3121,#3122);
#2897=AXIS2_PLACEMENT_3D('',#3873,#3123,#3124);
#2898=AXIS2_PLACEMENT_3D('',#3878,#3126,#3127);
#2899=AXIS2_PLACEMENT_3D('',#3882,#3129,#3130);
#2900=AXIS2_PLACEMENT_3D('',#3883,#3131,#3132);
#2901=AXIS2_PLACEMENT_3D('',#3900,#3137,#3138);
#2902=AXIS2_PLACEMENT_3D('',#3901,#3139,#3140);
#2903=AXIS2_PLACEMENT_3D('',#3902,#3141,#3142);
#2904=AXIS2_PLACEMENT_3D('',#3903,#3143,#3144);
#2905=AXIS2_PLACEMENT_3D('',#3905,#3145,#3146);
#2906=AXIS2_PLACEMENT_3D('',#3909,#3148,#3149);
#2907=AXIS2_PLACEMENT_3D('',#3910,#3150,#3151);
#2908=AXIS2_PLACEMENT_3D('',#3916,#3155,#3156);
#2909=AXIS2_PLACEMENT_3D('',#3926,#3162,#3163);
#2910=AXIS2_PLACEMENT_3D('',#3932,#3167,#3168);
#2911=AXIS2_PLACEMENT_3D('',#3933,#3169,#3170);
#2912=AXIS2_PLACEMENT_3D('',#3934,#3171,#3172);
#2913=AXIS2_PLACEMENT_3D('',#3935,#3173,#3174);
#2914=AXIS2_PLACEMENT_3D('',#3936,#3175,#3176);
#2915=AXIS2_PLACEMENT_3D('',#3938,#3177,#3178);
#2916=AXIS2_PLACEMENT_3D('',#3939,#3179,#3180);
#2917=AXIS2_PLACEMENT_3D('',#3941,#3181,#3182);
#2918=AXIS2_PLACEMENT_3D('',#3942,#3183,#3184);
#2919=AXIS2_PLACEMENT_3D('',#3944,#3186,#3187);
#2920=AXIS2_PLACEMENT_3D('',#3946,#3189,#3190);
#2921=AXIS2_PLACEMENT_3D('',#3947,#3191,#3192);
#2922=AXIS2_PLACEMENT_3D('',#3948,#3193,#3194);
#2923=AXIS2_PLACEMENT_3D('',#3957,#3199,#3200);
#2924=AXIS2_PLACEMENT_3D('',#3963,#3204,#3205);
#2925=AXIS2_PLACEMENT_3D('',#3975,#3212,#3213);
#2926=AXIS2_PLACEMENT_3D('',#3981,#3217,#3218);
#2927=AXIS2_PLACEMENT_3D('',#3988,#3223,#3224);
#2928=AXIS2_PLACEMENT_3D('',#3990,#3226,#3227);
#2929=AXIS2_PLACEMENT_3D('',#3996,#3231,#3232);
#2930=AXIS2_PLACEMENT_3D('',#4000,#3235,#3236);
#2931=AXIS2_PLACEMENT_3D('',#4002,#3238,#3239);
#2932=AXIS2_PLACEMENT_3D('',#4003,#3240,#3241);
#2933=AXIS2_PLACEMENT_3D('',#4005,#3243,#3244);
#2934=AXIS2_PLACEMENT_3D('',#4006,#3245,#3246);
#2935=AXIS2_PLACEMENT_3D('',#4007,#3247,#3248);
#2936=AXIS2_PLACEMENT_3D('',#4099,#3294,#3295);
#2937=AXIS2_PLACEMENT_3D('',#4103,#3297,#3298);
#2938=AXIS2_PLACEMENT_3D('',#4107,#3300,#3301);
#2939=AXIS2_PLACEMENT_3D('',#4111,#3303,#3304);
#2940=AXIS2_PLACEMENT_3D('',#4128,#3313,#3314);
#2941=AXIS2_PLACEMENT_3D('',#4177,#3339,#3340);
#2942=AXIS2_PLACEMENT_3D('',#4182,#3342,#3343);
#2943=AXIS2_PLACEMENT_3D('',#4185,#3345,#3346);
#2944=AXIS2_PLACEMENT_3D('',#4190,#3348,#3349);
#2945=AXIS2_PLACEMENT_3D('',#4194,#3351,#3352);
#2946=AXIS2_PLACEMENT_3D('',#4198,#3354,#3355);
#2947=AXIS2_PLACEMENT_3D('',#4201,#3357,#3358);
#2948=AXIS2_PLACEMENT_3D('',#4206,#3360,#3361);
#2949=AXIS2_PLACEMENT_3D('',#4257,#3387,#3388);
#2950=AXIS2_PLACEMENT_3D('',#4258,#3389,#3390);
#2951=AXIS2_PLACEMENT_3D('',#4262,#3392,#3393);
#2952=AXIS2_PLACEMENT_3D('',#4264,#3394,#3395);
#2953=AXIS2_PLACEMENT_3D('',#4267,#3397,#3398);
#2954=AXIS2_PLACEMENT_3D('',#4273,#3402,#3403);
#2955=AXIS2_PLACEMENT_3D('',#4274,#3404,#3405);
#2956=AXIS2_PLACEMENT_3D('',#4277,#3407,#3408);
#2957=AXIS2_PLACEMENT_3D('',#4279,#3409,#3410);
#2958=AXIS2_PLACEMENT_3D('',#4280,#3411,#3412);
#2959=AXIS2_PLACEMENT_3D('',#4283,#3414,#3415);
#2960=AXIS2_PLACEMENT_3D('',#4285,#3416,#3417);
#2961=AXIS2_PLACEMENT_3D('',#4288,#3419,#3420);
#2962=AXIS2_PLACEMENT_3D('',#4292,#3423,#3424);
#2963=AXIS2_PLACEMENT_3D('',#4295,#3426,#3427);
#2964=AXIS2_PLACEMENT_3D('',#4297,#3428,#3429);
#2965=AXIS2_PLACEMENT_3D('',#4298,#3430,#3431);
#2966=AXIS2_PLACEMENT_3D('',#4302,#3433,#3434);
#2967=AXIS2_PLACEMENT_3D('',#4306,#3436,#3437);
#2968=AXIS2_PLACEMENT_3D('',#4310,#3439,#3440);
#2969=AXIS2_PLACEMENT_3D('',#4314,#3442,#3443);
#2970=AXIS2_PLACEMENT_3D('',#4315,#3444,#3445);
#2971=AXIS2_PLACEMENT_3D('',#4319,#3448,#3449);
#2972=AXIS2_PLACEMENT_3D('',#4320,#3450,#3451);
#2973=AXIS2_PLACEMENT_3D('',#4323,#3452,#3453);
#2974=AXIS2_PLACEMENT_3D('',#4325,#3455,#3456);
#2975=AXIS2_PLACEMENT_3D('',#4337,#3463,#3464);
#2976=AXIS2_PLACEMENT_3D('',#4338,#3465,#3466);
#2977=AXIS2_PLACEMENT_3D('',#4341,#3467,#3468);
#2978=AXIS2_PLACEMENT_3D('',#4343,#3470,#3471);
#2979=AXIS2_PLACEMENT_3D('',#4344,#3472,#3473);
#2980=AXIS2_PLACEMENT_3D('',#4348,#3475,#3476);
#2981=AXIS2_PLACEMENT_3D('',#4350,#3478,#3479);
#2982=AXIS2_PLACEMENT_3D('',#4352,#3481,#3482);
#2983=AXIS2_PLACEMENT_3D('',#4356,#3485,#3486);
#2984=AXIS2_PLACEMENT_3D('',#4357,#3487,#3488);
#2985=AXIS2_PLACEMENT_3D('',#4360,#3490,#3491);
#2986=AXIS2_PLACEMENT_3D('',#4361,#3492,#3493);
#2987=AXIS2_PLACEMENT_3D('',#4371,#3499,#3500);
#2988=AXIS2_PLACEMENT_3D('',#4373,#3502,#3503);
#2989=AXIS2_PLACEMENT_3D('',#4377,#3505,#3506);
#2990=AXIS2_PLACEMENT_3D('',#4382,#3509,#3510);
#2991=AXIS2_PLACEMENT_3D('',#4383,#3511,#3512);
#2992=AXIS2_PLACEMENT_3D('',#4385,#3514,#3515);
#2993=AXIS2_PLACEMENT_3D('',#4387,#3517,#3518);
#2994=AXIS2_PLACEMENT_3D('',#4393,#3520,#3521);
#2995=AXIS2_PLACEMENT_3D('',#4398,#3522,#3523);
#2996=AXIS2_PLACEMENT_3D('',#4400,#3525,#3526);
#2997=AXIS2_PLACEMENT_3D('',#4402,#3528,#3529);
#2998=AXIS2_PLACEMENT_3D('',#4407,#3530,#3531);
#2999=AXIS2_PLACEMENT_3D('',#4409,#3533,#3534);
#3000=AXIS2_PLACEMENT_3D('',#4414,#3535,#3536);
#3001=AXIS2_PLACEMENT_3D('',#4415,#3537,#3538);
#3002=AXIS2_PLACEMENT_3D('',#4416,#3539,#3540);
#3003=AXIS2_PLACEMENT_3D('',#4417,#3541,#3542);
#3004=AXIS2_PLACEMENT_3D('',#4418,#3543,#3544);
#3005=AXIS2_PLACEMENT_3D('',#4423,#3546,#3547);
#3006=AXIS2_PLACEMENT_3D('',#4426,#3549,#3550);
#3007=AXIS2_PLACEMENT_3D('',#4427,#3551,#3552);
#3008=AXIS2_PLACEMENT_3D('',#4432,#3554,#3555);
#3009=AXIS2_PLACEMENT_3D('',#4435,#3557,#3558);
#3010=AXIS2_PLACEMENT_3D('',#4438,#3561,#3562);
#3011=AXIS2_PLACEMENT_3D('',#4440,#3564,#3565);
#3012=AXIS2_PLACEMENT_3D('',#4442,#3567,#3568);
#3013=AXIS2_PLACEMENT_3D('',#4443,#3569,#3570);
#3014=AXIS2_PLACEMENT_3D('',#4446,#3573,#3574);
#3015=AXIS2_PLACEMENT_3D('',#4448,#3576,#3577);
#3016=AXIS2_PLACEMENT_3D('',#4450,#3579,#3580);
#3017=AXIS2_PLACEMENT_3D('',#4451,#3581,#3582);
#3018=AXIS2_PLACEMENT_3D('',#4454,#3585,#3586);
#3019=AXIS2_PLACEMENT_3D('',#4456,#3588,#3589);
#3020=AXIS2_PLACEMENT_3D('',#4458,#3591,#3592);
#3021=AXIS2_PLACEMENT_3D('',#4459,#3593,#3594);
#3022=AXIS2_PLACEMENT_3D('',#4462,#3597,#3598);
#3023=AXIS2_PLACEMENT_3D('',#4464,#3600,#3601);
#3024=AXIS2_PLACEMENT_3D('',#4466,#3603,#3604);
#3025=AXIS2_PLACEMENT_3D('',#4467,#3605,#3606);
#3026=AXIS2_PLACEMENT_3D('',#4470,#3609,#3610);
#3027=AXIS2_PLACEMENT_3D('',#4472,#3612,#3613);
#3028=AXIS2_PLACEMENT_3D('',#4474,#3615,#3616);
#3029=AXIS2_PLACEMENT_3D('',#4475,#3617,#3618);
#3030=AXIS2_PLACEMENT_3D('',#4478,#3621,#3622);
#3031=AXIS2_PLACEMENT_3D('',#4480,#3624,#3625);
#3032=AXIS2_PLACEMENT_3D('',#4482,#3627,#3628);
#3033=AXIS2_PLACEMENT_3D('',#4483,#3629,#3630);
#3034=AXIS2_PLACEMENT_3D('',#4486,#3633,#3634);
#3035=AXIS2_PLACEMENT_3D('',#4488,#3636,#3637);
#3036=AXIS2_PLACEMENT_3D('',#4490,#3639,#3640);
#3037=AXIS2_PLACEMENT_3D('',#4491,#3641,#3642);
#3038=AXIS2_PLACEMENT_3D('',#4494,#3645,#3646);
#3039=AXIS2_PLACEMENT_3D('',#4496,#3648,#3649);
#3040=AXIS2_PLACEMENT_3D('',#4498,#3651,#3652);
#3041=AXIS2_PLACEMENT_3D('',#4499,#3653,#3654);
#3042=AXIS2_PLACEMENT_3D('',#4502,#3657,#3658);
#3043=AXIS2_PLACEMENT_3D('',#4504,#3660,#3661);
#3044=AXIS2_PLACEMENT_3D('',#4506,#3663,#3664);
#3045=AXIS2_PLACEMENT_3D('',#4507,#3665,#3666);
#3046=AXIS2_PLACEMENT_3D('',#4510,#3669,#3670);
#3047=AXIS2_PLACEMENT_3D('',#4512,#3672,#3673);
#3048=AXIS2_PLACEMENT_3D('',#4514,#3675,#3676);
#3049=AXIS2_PLACEMENT_3D('',#4515,#3677,#3678);
#3050=AXIS2_PLACEMENT_3D('',#4518,#3681,#3682);
#3051=AXIS2_PLACEMENT_3D('',#4520,#3684,#3685);
#3052=AXIS2_PLACEMENT_3D('',#4522,#3687,#3688);
#3053=AXIS2_PLACEMENT_3D('',#4523,#3689,#3690);
#3054=AXIS2_PLACEMENT_3D('',#4526,#3693,#3694);
#3055=AXIS2_PLACEMENT_3D('',#4528,#3696,#3697);
#3056=AXIS2_PLACEMENT_3D('',#4530,#3699,#3700);
#3057=AXIS2_PLACEMENT_3D('',#4531,#3701,#3702);
#3058=AXIS2_PLACEMENT_3D('',#4534,#3705,#3706);
#3059=AXIS2_PLACEMENT_3D('',#4536,#3708,#3709);
#3060=AXIS2_PLACEMENT_3D('',#4538,#3711,#3712);
#3061=AXIS2_PLACEMENT_3D('',#4539,#3713,#3714);
#3062=AXIS2_PLACEMENT_3D('',#4542,#3717,#3718);
#3063=AXIS2_PLACEMENT_3D('',#4544,#3720,#3721);
#3064=AXIS2_PLACEMENT_3D('',#4546,#3723,#3724);
#3065=AXIS2_PLACEMENT_3D('',#4547,#3725,#3726);
#3066=AXIS2_PLACEMENT_3D('',#4556,#3731,#3732);
#3067=AXIS2_PLACEMENT_3D('',#4562,#3736,#3737);
#3068=AXIS2_PLACEMENT_3D('',#4568,#3741,#3742);
#3069=AXIS2_PLACEMENT_3D('',#4574,#3746,#3747);
#3070=AXIS2_PLACEMENT_3D('',#4578,#3750,#3751);
#3071=AXIS2_PLACEMENT_3D('',#4582,#3754,#3755);
#3072=AXIS2_PLACEMENT_3D('',#4584,#3757,#3758);
#3073=AXIS2_PLACEMENT_3D('',#4587,#3761,#3762);
#3074=AXIS2_PLACEMENT_3D('',#4588,#3763,#3764);
#3075=AXIS2_PLACEMENT_3D('',#4589,#3765,#3766);
#3076=AXIS2_PLACEMENT_3D('',#4598,#3771,#3772);
#3077=AXIS2_PLACEMENT_3D('',#4610,#3779,#3780);
#3078=AXIS2_PLACEMENT_3D('',#4620,#3786,#3787);
#3079=AXIS2_PLACEMENT_3D('',#4629,#3793,#3794);
#3080=AXIS2_PLACEMENT_3D('',#4630,#3795,#3796);
#3081=AXIS2_PLACEMENT_3D('',#4637,#3800,#3801);
#3082=AXIS2_PLACEMENT_3D('',#4641,#3804,#3805);
#3083=AXIS2_PLACEMENT_3D('',#4642,#3806,#3807);
#3084=AXIS2_PLACEMENT_3D('',#4646,#3809,#3810);
#3085=AXIS2_PLACEMENT_3D('',#4649,#3812,#3813);
#3086=AXIS2_PLACEMENT_3D('',#4652,#3815,#3816);
#3087=AXIS2_PLACEMENT_3D('',#4653,#3817,#3818);
#3088=AXIS2_PLACEMENT_3D('',#4654,#3819,#3820);
#3089=AXIS2_PLACEMENT_3D('',#4655,#3821,#3822);
#3090=AXIS2_PLACEMENT_3D('',#4656,#3823,#3824);
#3091=AXIS2_PLACEMENT_3D('',#4657,#3825,#3826);
#3092=AXIS2_PLACEMENT_3D('',#4658,#3827,#3828);
#3093=AXIS2_PLACEMENT_3D('',#4659,#3829,#3830);
#3094=AXIS2_PLACEMENT_3D('',#4660,#3831,#3832);
#3095=AXIS2_PLACEMENT_3D('',#4661,#3833,#3834);
#3096=AXIS2_PLACEMENT_3D('',#4663,#3836,#3837);
#3097=AXIS2_PLACEMENT_3D('',#4669,#3841,#3842);
#3098=AXIS2_PLACEMENT_3D('',#4673,#3845,#3846);
#3099=AXIS2_PLACEMENT_3D('',#4677,#3849,#3850);
#3100=AXIS2_PLACEMENT_3D('',#4679,#3852,#3853);
#3101=AXIS2_PLACEMENT_3D('',#4681,#3855,#3856);
#3102=AXIS2_PLACEMENT_3D('',#4682,#3857,#3858);
#3103=DIRECTION('',(0.,0.,1.));
#3104=DIRECTION('',(1.,0.,0.));
#3105=DIRECTION('',(0.,0.113632048618806,-0.993522902366469));
#3106=DIRECTION('',(0.,0.993522902366469,0.113632048618806));
#3107=DIRECTION('',(0.,-0.113632051321999,0.993522902057298));
#3108=DIRECTION('',(0.,-0.993522902057298,-0.113632051321999));
#3109=DIRECTION('',(0.,-0.113632048618806,0.993522902366469));
#3110=DIRECTION('',(1.,0.,0.));
#3111=DIRECTION('',(0.,-0.113632048618806,0.993522902366469));
#3112=DIRECTION('',(1.,0.,0.));
#3113=DIRECTION('',(0.,0.113632048618806,-0.993522902366469));
#3114=DIRECTION('',(0.,0.993522902366469,0.113632048618806));
#3115=DIRECTION('',(0.,-0.113632051321999,0.993522902057298));
#3116=DIRECTION('',(0.,-0.993522902057298,-0.113632051321999));
#3117=DIRECTION('',(0.,-0.113632048618806,0.993522902366469));
#3118=DIRECTION('',(1.,0.,0.));
#3119=DIRECTION('',(0.,-0.113632048618806,0.993522902366469));
#3120=DIRECTION('',(1.,0.,0.));
#3121=DIRECTION('',(0.,0.113632051321999,-0.993522902057298));
#3122=DIRECTION('',(0.,0.993522902057298,0.113632051321999));
#3123=DIRECTION('',(0.,0.,-1.));
#3124=DIRECTION('',(0.,1.,0.));
#3125=DIRECTION('',(0.,0.113632051321999,-0.993522902057298));
#3126=DIRECTION('',(0.,0.113632051321999,-0.993522902057298));
#3127=DIRECTION('',(0.999999999986307,-5.19924366032924E-6,-5.94652343266224E-7));
#3128=DIRECTION('',(0.,0.113632051321999,-0.993522902057298));
#3129=DIRECTION('',(0.,0.113632051321999,-0.993522902057298));
#3130=DIRECTION('',(0.,0.993522902057298,0.113632051321999));
#3131=DIRECTION('',(-1.,0.,0.));
#3132=DIRECTION('',(0.,0.,1.));
#3133=DIRECTION('',(0.,0.113632051321999,-0.993522902057298));
#3134=DIRECTION('',(0.,-0.993522902057298,-0.113632051321999));
#3135=DIRECTION('',(0.,0.993522902057298,0.113632051321999));
#3136=DIRECTION('',(0.,0.113632051321999,-0.993522902057298));
#3137=DIRECTION('',(0.,-0.113632051321999,0.993522902057298));
#3138=DIRECTION('',(0.,-0.993522902057298,-0.113632051321999));
#3139=DIRECTION('',(0.,-0.113632051321999,0.993522902057298));
#3140=DIRECTION('',(0.,-0.993522902057298,-0.113632051321999));
#3141=DIRECTION('',(0.,0.113632051321999,-0.993522902057298));
#3142=DIRECTION('',(0.,0.993522902057298,0.113632051321999));
#3143=DIRECTION('',(0.,0.113632051321999,-0.993522902057298));
#3144=DIRECTION('',(0.,0.993522902057298,0.113632051321999));
#3145=DIRECTION('',(0.,0.113632051321999,-0.993522902057298));
#3146=DIRECTION('',(5.00213448222233E-6,0.993522902044868,0.113632051320581));
#3147=DIRECTION('',(0.,0.113632051321999,-0.993522902057298));
#3148=DIRECTION('',(0.,0.,-1.));
#3149=DIRECTION('',(0.,1.,0.));
#3150=DIRECTION('',(0.,-0.993522902057298,-0.113632051321999));
#3151=DIRECTION('',(0.,0.113632051321999,-0.993522902057298));
#3152=DIRECTION('',(0.,0.113632051321999,-0.993522902057298));
#3153=DIRECTION('',(1.,0.,0.));
#3154=DIRECTION('',(-1.,0.,0.));
#3155=DIRECTION('',(-1.,0.,0.));
#3156=DIRECTION('',(0.,0.,1.));
#3157=DIRECTION('',(0.,-1.,0.));
#3158=DIRECTION('',(0.,-0.993522902057298,-0.113632051321999));
#3159=DIRECTION('',(0.,-1.,0.));
#3160=DIRECTION('',(0.,0.993522902057298,0.113632051321999));
#3161=DIRECTION('',(0.,0.113632051321999,-0.993522902057298));
#3162=DIRECTION('',(0.,-0.993522902057298,-0.113632051321999));
#3163=DIRECTION('',(0.,0.113632051321999,-0.993522902057298));
#3164=DIRECTION('',(1.,0.,0.));
#3165=DIRECTION('',(-1.,0.,0.));
#3166=DIRECTION('',(0.,0.113632051321999,-0.993522902057298));
#3167=DIRECTION('',(4.31960982533288E-16,-0.113632051321999,0.993522902057298));
#3168=DIRECTION('',(0.,-0.993522902057298,-0.113632051321999));
#3169=DIRECTION('',(0.,0.,-1.));
#3170=DIRECTION('',(3.80140090324728E-15,-1.,0.));
#3171=DIRECTION('',(4.31960982533288E-16,-0.113632051321999,0.993522902057298));
#3172=DIRECTION('',(0.,-0.993522902057298,-0.113632051321999));
#3173=DIRECTION('',(0.,-0.113632051321999,0.993522902057298));
#3174=DIRECTION('',(1.,0.,0.));
#3175=DIRECTION('',(0.,0.113632051321999,-0.993522902057298));
#3176=DIRECTION('',(0.,0.993522902057298,0.113632051321999));
#3177=DIRECTION('',(0.,-0.113632048618806,0.993522902366469));
#3178=DIRECTION('',(1.,0.,0.));
#3179=DIRECTION('',(0.,-0.113632048618806,0.993522902366469));
#3180=DIRECTION('',(1.,0.,0.));
#3181=DIRECTION('',(0.,0.113632048618806,-0.993522902366469));
#3182=DIRECTION('',(0.,0.993522902366469,0.113632048618806));
#3183=DIRECTION('',(0.,0.,-1.));
#3184=DIRECTION('',(-1.,0.,0.));
#3185=DIRECTION('',(1.,0.,0.));
#3186=DIRECTION('',(0.,0.113632051321999,-0.993522902057298));
#3187=DIRECTION('',(0.,0.993522902057298,0.113632051321999));
#3188=DIRECTION('',(1.,0.,0.));
#3189=DIRECTION('',(0.,0.,-1.));
#3190=DIRECTION('',(-1.,0.,0.));
#3191=DIRECTION('',(0.,0.,1.));
#3192=DIRECTION('',(1.,0.,0.));
#3193=DIRECTION('',(0.,0.,1.));
#3194=DIRECTION('',(1.,0.,0.));
#3195=DIRECTION('',(0.,1.,0.));
#3196=DIRECTION('',(1.,0.,0.));
#3197=DIRECTION('',(0.,-1.,0.));
#3198=DIRECTION('',(1.,0.,0.));
#3199=DIRECTION('',(0.,-1.,0.));
#3200=DIRECTION('',(0.,0.,-1.));
#3201=DIRECTION('',(0.,0.,1.));
#3202=DIRECTION('',(1.,0.,0.));
#3203=DIRECTION('',(0.,0.,1.));
#3204=DIRECTION('',(1.,0.,0.));
#3205=DIRECTION('',(0.,0.,-1.));
#3206=DIRECTION('',(0.,0.,1.));
#3207=DIRECTION('',(0.,1.,0.));
#3208=DIRECTION('',(0.,0.993522902057298,0.113632051321999));
#3209=DIRECTION('',(0.,1.,0.));
#3210=DIRECTION('',(0.,0.993522902366469,0.113632048618806));
#3211=DIRECTION('',(0.,0.,-1.));
#3212=DIRECTION('',(0.,-1.,0.));
#3213=DIRECTION('',(0.,0.,-1.));
#3214=DIRECTION('',(1.,0.,0.));
#3215=DIRECTION('',(1.,0.,0.));
#3216=DIRECTION('',(0.,0.,1.));
#3217=DIRECTION('',(-1.,0.,0.));
#3218=DIRECTION('',(0.,0.,1.));
#3219=DIRECTION('',(0.,-0.993522902057298,-0.113632051321999));
#3220=DIRECTION('',(0.,-1.,0.));
#3221=DIRECTION('',(0.,0.,-1.));
#3222=DIRECTION('',(0.,1.,0.));
#3223=DIRECTION('',(0.,0.,1.));
#3224=DIRECTION('',(1.,0.,0.));
#3225=DIRECTION('',(1.,0.,0.));
#3226=DIRECTION('',(0.,0.,1.));
#3227=DIRECTION('',(1.,0.,0.));
#3228=DIRECTION('',(1.,0.,0.));
#3229=DIRECTION('',(0.,1.,0.));
#3230=DIRECTION('',(-1.,0.,0.));
#3231=DIRECTION('',(0.,-1.,0.));
#3232=DIRECTION('',(1.,0.,0.));
#3233=DIRECTION('',(-1.,0.,0.));
#3234=DIRECTION('',(0.,0.,-1.));
#3235=DIRECTION('',(0.,-0.113632048618806,0.99352290236647));
#3236=DIRECTION('',(0.,-0.99352290236647,-0.113632048618806));
#3237=DIRECTION('',(0.,0.993522902366469,0.113632048618806));
#3238=DIRECTION('',(-1.,0.,0.));
#3239=DIRECTION('',(0.,-1.,0.));
#3240=DIRECTION('',(0.,0.,-1.));
#3241=DIRECTION('',(-1.,0.,0.));
#3242=DIRECTION('',(1.,0.,0.));
#3243=DIRECTION('',(0.,0.113632051321999,-0.993522902057298));
#3244=DIRECTION('',(0.,0.993522902057298,0.113632051321999));
#3245=DIRECTION('',(0.,0.,1.));
#3246=DIRECTION('',(1.,0.,0.));
#3247=DIRECTION('',(0.,-0.113632048618806,0.993522902366469));
#3248=DIRECTION('',(0.,-0.993522902366469,-0.113632048618806));
#3249=DIRECTION('',(0.,-0.993522902366469,-0.113632048618806));
#3250=DIRECTION('',(-1.,0.,0.));
#3251=DIRECTION('',(0.,-0.993522902366469,-0.113632048618806));
#3252=DIRECTION('',(-1.,0.,0.));
#3253=DIRECTION('',(-1.,0.,0.));
#3254=DIRECTION('',(0.,0.993522902366469,0.113632048618806));
#3255=DIRECTION('',(-1.,0.,0.));
#3256=DIRECTION('',(0.,0.993522902366469,0.113632048618806));
#3257=DIRECTION('',(0.,-0.993522902366469,-0.113632048618806));
#3258=DIRECTION('',(-1.,0.,0.));
#3259=DIRECTION('',(0.,-0.993522902366469,-0.113632048618806));
#3260=DIRECTION('',(-1.,0.,0.));
#3261=DIRECTION('',(0.,0.993522902366469,0.113632048618806));
#3262=DIRECTION('',(-1.,0.,0.));
#3263=DIRECTION('',(0.,0.993522902366469,0.113632048618806));
#3264=DIRECTION('',(-1.,0.,0.));
#3265=DIRECTION('',(-1.,0.,0.));
#3266=DIRECTION('',(0.,0.993522902366469,0.113632048618806));
#3267=DIRECTION('',(-1.,0.,0.));
#3268=DIRECTION('',(0.,0.993522902366469,0.113632048618806));
#3269=DIRECTION('',(0.,0.993522902366469,0.113632048618806));
#3270=DIRECTION('',(1.,0.,0.));
#3271=DIRECTION('',(0.,0.993522902366469,0.113632048618806));
#3272=DIRECTION('',(1.,0.,0.));
#3273=DIRECTION('',(0.,0.993522902366469,0.113632048618806));
#3274=DIRECTION('',(1.,0.,0.));
#3275=DIRECTION('',(0.,0.993522902366469,0.113632048618806));
#3276=DIRECTION('',(1.,0.,0.));
#3277=DIRECTION('',(0.,-0.993522902366469,-0.113632048618806));
#3278=DIRECTION('',(1.,0.,0.));
#3279=DIRECTION('',(0.,-0.993522902366469,-0.113632048618806));
#3280=DIRECTION('',(1.,0.,0.));
#3281=DIRECTION('',(0.,-0.993522902366469,-0.113632048618806));
#3282=DIRECTION('',(1.,0.,0.));
#3283=DIRECTION('',(0.,-0.993522902366469,-0.113632048618806));
#3284=DIRECTION('',(1.,0.,0.));
#3285=DIRECTION('',(0.,0.993522902366469,0.113632048618806));
#3286=DIRECTION('',(1.,0.,0.));
#3287=DIRECTION('',(0.,0.993522902366469,0.113632048618806));
#3288=DIRECTION('',(1.,0.,0.));
#3289=DIRECTION('',(1.,0.,0.));
#3290=DIRECTION('',(0.,-0.993522902366469,-0.113632048618806));
#3291=DIRECTION('',(1.,0.,0.));
#3292=DIRECTION('',(0.,-0.993522902366469,-0.113632048618806));
#3293=DIRECTION('',(0.,0.993522902366469,0.113632048618806));
#3294=DIRECTION('',(0.,-0.113632048618806,0.993522902366469));
#3295=DIRECTION('',(0.,-0.993522902366469,-0.113632048618806));
#3296=DIRECTION('',(-1.,0.,0.));
#3297=DIRECTION('',(0.,-0.113632048618806,0.993522902366469));
#3298=DIRECTION('',(0.,-0.993522902366469,-0.113632048618806));
#3299=DIRECTION('',(0.,-0.993522902366469,-0.113632048618806));
#3300=DIRECTION('',(0.,-0.113632048618806,0.993522902366469));
#3301=DIRECTION('',(0.,-0.993522902366469,-0.113632048618806));
#3302=DIRECTION('',(-1.,0.,0.));
#3303=DIRECTION('',(0.,-0.113632048618806,0.993522902366469));
#3304=DIRECTION('',(0.,-0.993522902366469,-0.113632048618806));
#3305=DIRECTION('',(0.,-0.993522902366469,-0.113632048618806));
#3306=DIRECTION('',(-1.,0.,0.));
#3307=DIRECTION('',(0.,-0.993522902366469,-0.113632048618806));
#3308=DIRECTION('',(-1.,0.,0.));
#3309=DIRECTION('',(-1.,0.,0.));
#3310=DIRECTION('',(0.,-0.993522902366469,-0.113632048618806));
#3311=DIRECTION('',(-1.,0.,0.));
#3312=DIRECTION('',(0.,-0.993522902366469,-0.113632048618806));
#3313=DIRECTION('',(0.,0.,1.));
#3314=DIRECTION('',(1.,0.,0.));
#3315=DIRECTION('',(1.,0.,0.));
#3316=DIRECTION('',(0.,1.,0.));
#3317=DIRECTION('',(1.,0.,0.));
#3318=DIRECTION('',(0.,1.,0.));
#3319=DIRECTION('',(0.,-1.,0.));
#3320=DIRECTION('',(1.,0.,0.));
#3321=DIRECTION('',(0.,-1.,0.));
#3322=DIRECTION('',(1.,0.,0.));
#3323=DIRECTION('',(1.,0.,0.));
#3324=DIRECTION('',(0.,-1.,0.));
#3325=DIRECTION('',(1.,0.,0.));
#3326=DIRECTION('',(0.,-1.,0.));
#3327=DIRECTION('',(-1.,0.,0.));
#3328=DIRECTION('',(0.,-1.,0.));
#3329=DIRECTION('',(-1.,0.,0.));
#3330=DIRECTION('',(0.,-1.,0.));
#3331=DIRECTION('',(-1.,0.,0.));
#3332=DIRECTION('',(0.,1.,0.));
#3333=DIRECTION('',(-1.,0.,0.));
#3334=DIRECTION('',(0.,1.,0.));
#3335=DIRECTION('',(-1.,0.,0.));
#3336=DIRECTION('',(0.,-1.,0.));
#3337=DIRECTION('',(-1.,0.,0.));
#3338=DIRECTION('',(0.,-1.,0.));
#3339=DIRECTION('',(0.,0.,1.));
#3340=DIRECTION('',(1.,0.,0.));
#3341=DIRECTION('',(-1.,-1.46081976924363E-16,0.));
#3342=DIRECTION('',(0.,0.,1.));
#3343=DIRECTION('',(1.,0.,0.));
#3344=DIRECTION('',(-1.,-1.46081976924362E-16,0.));
#3345=DIRECTION('',(0.,0.,1.));
#3346=DIRECTION('',(1.,0.,0.));
#3347=DIRECTION('',(0.,-1.,0.));
#3348=DIRECTION('',(0.,0.,1.));
#3349=DIRECTION('',(1.,0.,0.));
#3350=DIRECTION('',(1.,0.,0.));
#3351=DIRECTION('',(0.,0.,1.));
#3352=DIRECTION('',(1.,0.,0.));
#3353=DIRECTION('',(0.,-1.,0.));
#3354=DIRECTION('',(0.,0.,1.));
#3355=DIRECTION('',(1.,0.,0.));
#3356=DIRECTION('',(1.,0.,0.));
#3357=DIRECTION('',(0.,0.,1.));
#3358=DIRECTION('',(1.,0.,0.));
#3359=DIRECTION('',(-1.,1.46081976924362E-16,0.));
#3360=DIRECTION('',(0.,0.,1.));
#3361=DIRECTION('',(1.,0.,0.));
#3362=DIRECTION('',(-1.,1.46081976924363E-16,0.));
#3363=DIRECTION('',(0.,1.,0.));
#3364=DIRECTION('',(-1.,0.,0.));
#3365=DIRECTION('',(0.,1.,0.));
#3366=DIRECTION('',(-1.,0.,0.));
#3367=DIRECTION('',(-1.,0.,0.));
#3368=DIRECTION('',(0.,1.,0.));
#3369=DIRECTION('',(-1.,0.,0.));
#3370=DIRECTION('',(0.,1.,0.));
#3371=DIRECTION('',(-1.,0.,0.));
#3372=DIRECTION('',(0.,-1.,0.));
#3373=DIRECTION('',(-1.,0.,0.));
#3374=DIRECTION('',(0.,-1.,0.));
#3375=DIRECTION('',(0.,-1.,0.));
#3376=DIRECTION('',(1.,0.,0.));
#3377=DIRECTION('',(0.,-1.,0.));
#3378=DIRECTION('',(1.,0.,0.));
#3379=DIRECTION('',(1.,0.,0.));
#3380=DIRECTION('',(0.,1.,0.));
#3381=DIRECTION('',(1.,0.,0.));
#3382=DIRECTION('',(0.,1.,0.));
#3383=DIRECTION('',(1.,0.,0.));
#3384=DIRECTION('',(0.,1.,0.));
#3385=DIRECTION('',(1.,0.,0.));
#3386=DIRECTION('',(0.,1.,0.));
#3387=DIRECTION('',(0.,0.,-1.));
#3388=DIRECTION('',(-1.,0.,0.));
#3389=DIRECTION('',(0.,0.,-1.));
#3390=DIRECTION('',(-1.,0.,0.));
#3391=DIRECTION('',(0.,0.,-1.));
#3392=DIRECTION('',(0.,0.,1.));
#3393=DIRECTION('',(1.,0.,0.));
#3394=DIRECTION('',(0.,0.113632051321999,-0.993522902057298));
#3395=DIRECTION('',(0.,-0.993522902057298,-0.113632051321999));
#3396=DIRECTION('',(0.,0.,-1.));
#3397=DIRECTION('',(0.,-1.,0.));
#3398=DIRECTION('',(0.,0.,-1.));
#3399=DIRECTION('',(1.,0.,0.));
#3400=DIRECTION('',(0.,0.,-1.));
#3401=DIRECTION('',(-1.,0.,0.));
#3402=DIRECTION('',(0.,0.,-1.));
#3403=DIRECTION('',(-1.,0.,0.));
#3404=DIRECTION('',(0.,0.,-1.));
#3405=DIRECTION('',(-1.,0.,0.));
#3406=DIRECTION('',(0.,0.,-1.));
#3407=DIRECTION('',(0.,0.113632051321999,-0.993522902057298));
#3408=DIRECTION('',(0.,-0.993522902057298,-0.113632051321999));
#3409=DIRECTION('',(0.,0.,1.));
#3410=DIRECTION('',(1.,0.,0.));
#3411=DIRECTION('',(0.,0.,-1.));
#3412=DIRECTION('',(-1.,0.,0.));
#3413=DIRECTION('',(0.,0.,-1.));
#3414=DIRECTION('',(0.,0.,1.));
#3415=DIRECTION('',(1.,0.,0.));
#3416=DIRECTION('',(0.707106781186547,0.0803499940499232,-0.702526781308854));
#3417=DIRECTION('',(-0.698034639233758,-0.0793191079499434,-0.711657306253384));
#3418=DIRECTION('',(0.,0.,-1.));
#3419=DIRECTION('',(0.,1.,0.));
#3420=DIRECTION('',(0.,0.,1.));
#3421=DIRECTION('',(0.,0.,-1.));
#3422=DIRECTION('',(-1.,0.,0.));
#3423=DIRECTION('',(0.,0.,-1.));
#3424=DIRECTION('',(-1.,0.,0.));
#3425=DIRECTION('',(0.,0.,-1.));
#3426=DIRECTION('',(0.707106781186546,-0.0803499940499234,0.702526781308855));
#3427=DIRECTION('',(0.69803463923376,-0.079319107949944,-0.711657306253382));
#3428=DIRECTION('',(0.,0.,1.));
#3429=DIRECTION('',(1.,0.,0.));
#3430=DIRECTION('',(0.,0.,1.));
#3431=DIRECTION('',(1.,0.,0.));
#3432=DIRECTION('',(1.,0.,0.));
#3433=DIRECTION('',(0.,0.,1.));
#3434=DIRECTION('',(1.,0.,0.));
#3435=DIRECTION('',(-1.,0.,0.));
#3436=DIRECTION('',(0.,0.,1.));
#3437=DIRECTION('',(1.,0.,0.));
#3438=DIRECTION('',(1.,0.,0.));
#3439=DIRECTION('',(0.,0.,1.));
#3440=DIRECTION('',(1.,0.,0.));
#3441=DIRECTION('',(1.,0.,0.));
#3442=DIRECTION('',(0.,0.,1.));
#3443=DIRECTION('',(1.,0.,0.));
#3444=DIRECTION('',(1.,0.,0.));
#3445=DIRECTION('',(0.,0.,-1.));
#3446=DIRECTION('',(0.,0.,-1.));
#3447=DIRECTION('',(0.,-0.993522902057298,-0.113632051321999));
#3448=DIRECTION('',(0.,0.,-1.));
#3449=DIRECTION('',(-1.,0.,0.));
#3450=DIRECTION('',(0.,0.,1.));
#3451=DIRECTION('',(1.,0.,0.));
#3452=DIRECTION('',(0.707106781186546,-0.0803499940499234,0.702526781308855));
#3453=DIRECTION('',(0.69803463923376,-0.079319107949944,-0.711657306253382));
#3454=DIRECTION('',(0.,0.,-1.));
#3455=DIRECTION('',(0.,1.,0.));
#3456=DIRECTION('',(0.,0.,1.));
#3457=DIRECTION('',(1.16846610349541E-15,0.,-1.));
#3458=DIRECTION('',(1.,0.,0.));
#3459=DIRECTION('',(0.,0.,-1.));
#3460=DIRECTION('',(1.,0.,0.));
#3461=DIRECTION('',(0.,0.,-1.));
#3462=DIRECTION('',(1.,0.,0.));
#3463=DIRECTION('',(0.,0.,-1.));
#3464=DIRECTION('',(-1.,0.,0.));
#3465=DIRECTION('',(0.707106781186547,0.0803499940499232,-0.702526781308854));
#3466=DIRECTION('',(-0.698034639233758,-0.0793191079499434,-0.711657306253384));
#3467=DIRECTION('',(0.,0.,1.));
#3468=DIRECTION('',(1.,0.,0.));
#3469=DIRECTION('',(0.,0.,-1.));
#3470=DIRECTION('',(0.,0.,-1.));
#3471=DIRECTION('',(-1.,0.,0.));
#3472=DIRECTION('',(0.,0.,1.));
#3473=DIRECTION('',(1.,0.,0.));
#3474=DIRECTION('',(0.,0.,-1.));
#3475=DIRECTION('',(0.,0.113632051321999,-0.993522902057298));
#3476=DIRECTION('',(0.,-0.993522902057298,-0.113632051321999));
#3477=DIRECTION('',(0.,0.,-1.));
#3478=DIRECTION('',(1.,0.,0.));
#3479=DIRECTION('',(0.,0.,-1.));
#3480=DIRECTION('',(0.,0.993522902057298,0.113632051321999));
#3481=DIRECTION('',(-1.,0.,0.));
#3482=DIRECTION('',(0.,0.,1.));
#3483=DIRECTION('',(0.,0.,-1.));
#3484=DIRECTION('',(0.,-0.993522902057298,-0.113632051321999));
#3485=DIRECTION('',(0.,0.,-1.));
#3486=DIRECTION('',(-1.,0.,0.));
#3487=DIRECTION('',(0.,0.,1.));
#3488=DIRECTION('',(1.,0.,0.));
#3489=DIRECTION('',(0.,0.,-1.));
#3490=DIRECTION('',(0.,0.113632051321999,-0.993522902057298));
#3491=DIRECTION('',(0.,-0.993522902057298,-0.113632051321999));
#3492=DIRECTION('',(0.,1.,0.));
#3493=DIRECTION('',(0.,0.,1.));
#3494=DIRECTION('',(0.,0.,1.));
#3495=DIRECTION('',(1.,0.,0.));
#3496=DIRECTION('',(0.,0.,-1.));
#3497=DIRECTION('',(-1.,0.,0.));
#3498=DIRECTION('',(1.,0.,0.));
#3499=DIRECTION('',(1.,0.,0.));
#3500=DIRECTION('',(0.,0.,-1.));
#3501=DIRECTION('',(0.,0.993522902057298,0.113632051321999));
#3502=DIRECTION('',(0.,0.,1.));
#3503=DIRECTION('',(1.,0.,0.));
#3504=DIRECTION('',(1.,0.,0.));
#3505=DIRECTION('',(0.,0.,1.));
#3506=DIRECTION('',(1.,0.,0.));
#3507=DIRECTION('',(1.,0.,0.));
#3508=DIRECTION('',(1.,0.,0.));
#3509=DIRECTION('',(0.,0.,1.));
#3510=DIRECTION('',(1.,0.,0.));
#3511=DIRECTION('',(0.,0.113632051321999,-0.993522902057298));
#3512=DIRECTION('',(0.,0.993522902057298,0.113632051321999));
#3513=DIRECTION('',(0.,0.993522902057298,0.113632051321999));
#3514=DIRECTION('',(0.,0.113632051321999,-0.993522902057298));
#3515=DIRECTION('',(0.,0.993522902057298,0.113632051321999));
#3516=DIRECTION('',(0.,-0.993522902057298,-0.113632051321999));
#3517=DIRECTION('',(0.,0.,-1.));
#3518=DIRECTION('',(-1.,0.,0.));
#3519=DIRECTION('',(0.,-0.707106781186548,0.707106781186547));
#3520=DIRECTION('',(0.707106781186547,0.0803499940499232,-0.702526781308854));
#3521=DIRECTION('',(0.,0.993522902057298,0.113632051321999));
#3522=DIRECTION('',(0.,-0.707106781186547,-0.707106781186548));
#3523=DIRECTION('',(1.,0.,0.));
#3524=DIRECTION('',(0.,-0.707106781186548,0.707106781186547));
#3525=DIRECTION('',(0.,0.,-1.));
#3526=DIRECTION('',(-1.,0.,0.));
#3527=DIRECTION('',(0.,-0.707106781186548,-0.707106781186547));
#3528=DIRECTION('',(0.,0.,-1.));
#3529=DIRECTION('',(-1.,0.,0.));
#3530=DIRECTION('',(0.,-0.707106781186547,0.707106781186548));
#3531=DIRECTION('',(-1.,0.,0.));
#3532=DIRECTION('',(0.,-0.707106781186548,-0.707106781186547));
#3533=DIRECTION('',(0.707106781186546,-0.0803499940499234,0.702526781308855));
#3534=DIRECTION('',(0.,-0.993522902057298,-0.113632051321999));
#3535=DIRECTION('',(0.,0.,-1.));
#3536=DIRECTION('',(-1.,0.,0.));
#3537=DIRECTION('',(0.,0.,-1.));
#3538=DIRECTION('',(-1.,0.,0.));
#3539=DIRECTION('',(0.,0.,1.));
#3540=DIRECTION('',(1.,0.,0.));
#3541=DIRECTION('',(0.,0.,-1.));
#3542=DIRECTION('',(1.,0.,0.));
#3543=DIRECTION('',(0.,0.,-1.));
#3544=DIRECTION('',(-1.,0.,0.));
#3545=DIRECTION('',(-1.,-1.46081976924362E-16,0.));
#3546=DIRECTION('',(0.,0.,-1.));
#3547=DIRECTION('',(-1.,0.,0.));
#3548=DIRECTION('',(1.,1.46081976924363E-16,0.));
#3549=DIRECTION('',(0.,0.,-1.));
#3550=DIRECTION('',(1.,0.,0.));
#3551=DIRECTION('',(0.,0.,-1.));
#3552=DIRECTION('',(-1.,0.,0.));
#3553=DIRECTION('',(-1.,1.46081976924363E-16,0.));
#3554=DIRECTION('',(0.,0.,-1.));
#3555=DIRECTION('',(-1.,0.,0.));
#3556=DIRECTION('',(1.,-1.46081976924362E-16,0.));
#3557=DIRECTION('',(1.03295556492354E-16,-0.707106781186547,0.707106781186548));
#3558=DIRECTION('',(-1.,-1.46081976924363E-16,0.));
#3559=DIRECTION('',(0.,-0.707106781186548,-0.707106781186547));
#3560=DIRECTION('',(0.,0.707106781186548,0.707106781186547));
#3561=DIRECTION('',(0.,0.,1.));
#3562=DIRECTION('',(1.,0.,0.));
#3563=DIRECTION('',(0.,-0.707106781186548,0.707106781186547));
#3564=DIRECTION('',(0.,0.,1.));
#3565=DIRECTION('',(1.,0.,0.));
#3566=DIRECTION('',(0.,0.707106781186548,-0.707106781186547));
#3567=DIRECTION('',(1.03295556492353E-16,-0.707106781186549,-0.707106781186547));
#3568=DIRECTION('',(1.,1.46081976924362E-16,0.));
#3569=DIRECTION('',(-1.03295556492353E-16,-0.707106781186549,0.707106781186547));
#3570=DIRECTION('',(-1.,1.46081976924362E-16,0.));
#3571=DIRECTION('',(0.,-0.707106781186546,-0.70710678118655));
#3572=DIRECTION('',(0.,0.707106781186548,0.707106781186547));
#3573=DIRECTION('',(0.,0.,1.));
#3574=DIRECTION('',(1.,0.,0.));
#3575=DIRECTION('',(0.,-0.707106781186548,0.707106781186547));
#3576=DIRECTION('',(0.,0.,1.));
#3577=DIRECTION('',(1.,0.,0.));
#3578=DIRECTION('',(0.,0.707106781186548,-0.707106781186547));
#3579=DIRECTION('',(-1.03295556492354E-16,-0.707106781186547,-0.707106781186548));
#3580=DIRECTION('',(1.,-1.46081976924363E-16,0.));
#3581=DIRECTION('',(-1.,0.,0.));
#3582=DIRECTION('',(0.,0.,1.));
#3583=DIRECTION('',(0.,0.,-1.));
#3584=DIRECTION('',(0.,0.,-1.));
#3585=DIRECTION('',(0.,-1.,0.));
#3586=DIRECTION('',(0.,0.,-1.));
#3587=DIRECTION('',(0.,0.,-1.));
#3588=DIRECTION('',(-1.,0.,0.));
#3589=DIRECTION('',(0.,0.,1.));
#3590=DIRECTION('',(0.,0.,-1.));
#3591=DIRECTION('',(0.,-1.,0.));
#3592=DIRECTION('',(0.,0.,-1.));
#3593=DIRECTION('',(0.,-1.,0.));
#3594=DIRECTION('',(0.,0.,-1.));
#3595=DIRECTION('',(0.,0.,-1.));
#3596=DIRECTION('',(0.,0.,-1.));
#3597=DIRECTION('',(1.,0.,0.));
#3598=DIRECTION('',(0.,0.,-1.));
#3599=DIRECTION('',(0.,0.,-1.));
#3600=DIRECTION('',(0.,-1.,0.));
#3601=DIRECTION('',(0.,0.,-1.));
#3602=DIRECTION('',(0.,0.,-1.));
#3603=DIRECTION('',(1.,0.,0.));
#3604=DIRECTION('',(0.,0.,-1.));
#3605=DIRECTION('',(0.,-1.,0.));
#3606=DIRECTION('',(0.,0.,-1.));
#3607=DIRECTION('',(0.,0.,-1.));
#3608=DIRECTION('',(0.,0.,-1.));
#3609=DIRECTION('',(-1.,0.,0.));
#3610=DIRECTION('',(0.,0.,1.));
#3611=DIRECTION('',(0.,0.,-1.));
#3612=DIRECTION('',(0.,-1.,0.));
#3613=DIRECTION('',(0.,0.,-1.));
#3614=DIRECTION('',(0.,0.,-1.));
#3615=DIRECTION('',(-1.,0.,0.));
#3616=DIRECTION('',(0.,0.,1.));
#3617=DIRECTION('',(0.,-1.,0.));
#3618=DIRECTION('',(0.,0.,-1.));
#3619=DIRECTION('',(0.,0.,-1.));
#3620=DIRECTION('',(0.,0.,-1.));
#3621=DIRECTION('',(-1.,0.,0.));
#3622=DIRECTION('',(0.,0.,1.));
#3623=DIRECTION('',(0.,0.,-1.));
#3624=DIRECTION('',(0.,-1.,0.));
#3625=DIRECTION('',(0.,0.,-1.));
#3626=DIRECTION('',(0.,0.,-1.));
#3627=DIRECTION('',(-1.,0.,0.));
#3628=DIRECTION('',(0.,0.,1.));
#3629=DIRECTION('',(0.,-1.,0.));
#3630=DIRECTION('',(0.,0.,-1.));
#3631=DIRECTION('',(0.,0.,-1.));
#3632=DIRECTION('',(0.,0.,-1.));
#3633=DIRECTION('',(1.,0.,0.));
#3634=DIRECTION('',(0.,0.,-1.));
#3635=DIRECTION('',(0.,0.,-1.));
#3636=DIRECTION('',(0.,-1.,0.));
#3637=DIRECTION('',(0.,0.,-1.));
#3638=DIRECTION('',(0.,0.,-1.));
#3639=DIRECTION('',(1.,0.,0.));
#3640=DIRECTION('',(0.,0.,-1.));
#3641=DIRECTION('',(0.,-1.,0.));
#3642=DIRECTION('',(0.,0.,-1.));
#3643=DIRECTION('',(0.,0.,-1.));
#3644=DIRECTION('',(0.,0.,-1.));
#3645=DIRECTION('',(1.,0.,0.));
#3646=DIRECTION('',(0.,0.,-1.));
#3647=DIRECTION('',(0.,0.,-1.));
#3648=DIRECTION('',(0.,-1.,0.));
#3649=DIRECTION('',(0.,0.,-1.));
#3650=DIRECTION('',(0.,0.,-1.));
#3651=DIRECTION('',(1.,0.,0.));
#3652=DIRECTION('',(0.,0.,-1.));
#3653=DIRECTION('',(1.,0.,0.));
#3654=DIRECTION('',(0.,0.,-1.));
#3655=DIRECTION('',(0.,0.,-1.));
#3656=DIRECTION('',(0.,0.,-1.));
#3657=DIRECTION('',(0.,1.,0.));
#3658=DIRECTION('',(0.,0.,1.));
#3659=DIRECTION('',(0.,0.,-1.));
#3660=DIRECTION('',(1.,0.,0.));
#3661=DIRECTION('',(0.,0.,-1.));
#3662=DIRECTION('',(0.,0.,-1.));
#3663=DIRECTION('',(0.,1.,0.));
#3664=DIRECTION('',(0.,0.,1.));
#3665=DIRECTION('',(0.,1.,0.));
#3666=DIRECTION('',(0.,0.,1.));
#3667=DIRECTION('',(0.,0.,-1.));
#3668=DIRECTION('',(0.,0.,-1.));
#3669=DIRECTION('',(1.,0.,0.));
#3670=DIRECTION('',(0.,0.,-1.));
#3671=DIRECTION('',(0.,0.,-1.));
#3672=DIRECTION('',(0.,1.,0.));
#3673=DIRECTION('',(0.,0.,1.));
#3674=DIRECTION('',(0.,0.,-1.));
#3675=DIRECTION('',(1.,0.,0.));
#3676=DIRECTION('',(0.,0.,-1.));
#3677=DIRECTION('',(0.,1.,0.));
#3678=DIRECTION('',(0.,0.,1.));
#3679=DIRECTION('',(0.,0.,-1.));
#3680=DIRECTION('',(0.,0.,-1.));
#3681=DIRECTION('',(-1.,0.,0.));
#3682=DIRECTION('',(0.,0.,1.));
#3683=DIRECTION('',(0.,0.,-1.));
#3684=DIRECTION('',(0.,1.,0.));
#3685=DIRECTION('',(0.,0.,1.));
#3686=DIRECTION('',(0.,0.,-1.));
#3687=DIRECTION('',(-1.,0.,0.));
#3688=DIRECTION('',(0.,0.,1.));
#3689=DIRECTION('',(1.,0.,0.));
#3690=DIRECTION('',(0.,0.,-1.));
#3691=DIRECTION('',(0.,0.,-1.));
#3692=DIRECTION('',(0.,0.,-1.));
#3693=DIRECTION('',(0.,1.,0.));
#3694=DIRECTION('',(0.,0.,1.));
#3695=DIRECTION('',(0.,0.,-1.));
#3696=DIRECTION('',(1.,0.,0.));
#3697=DIRECTION('',(0.,0.,-1.));
#3698=DIRECTION('',(0.,0.,-1.));
#3699=DIRECTION('',(0.,1.,0.));
#3700=DIRECTION('',(0.,0.,1.));
#3701=DIRECTION('',(0.,1.,0.));
#3702=DIRECTION('',(0.,0.,1.));
#3703=DIRECTION('',(0.,0.,-1.));
#3704=DIRECTION('',(0.,0.,-1.));
#3705=DIRECTION('',(-1.,0.,0.));
#3706=DIRECTION('',(0.,0.,1.));
#3707=DIRECTION('',(0.,0.,-1.));
#3708=DIRECTION('',(0.,1.,0.));
#3709=DIRECTION('',(0.,0.,1.));
#3710=DIRECTION('',(0.,0.,-1.));
#3711=DIRECTION('',(-1.,0.,0.));
#3712=DIRECTION('',(0.,0.,1.));
#3713=DIRECTION('',(-1.,0.,0.));
#3714=DIRECTION('',(0.,0.,1.));
#3715=DIRECTION('',(0.,0.,-1.));
#3716=DIRECTION('',(0.,0.,-1.));
#3717=DIRECTION('',(0.,1.,0.));
#3718=DIRECTION('',(0.,0.,1.));
#3719=DIRECTION('',(0.,0.,-1.));
#3720=DIRECTION('',(-1.,0.,0.));
#3721=DIRECTION('',(0.,0.,1.));
#3722=DIRECTION('',(0.,0.,-1.));
#3723=DIRECTION('',(0.,1.,0.));
#3724=DIRECTION('',(0.,0.,1.));
#3725=DIRECTION('',(1.2926156269918E-16,0.993522902366469,0.113632048618806));
#3726=DIRECTION('',(0.,-0.113632048618806,0.993522902366469));
#3727=DIRECTION('',(-1.,1.28424322937314E-16,1.46882561771761E-17));
#3728=DIRECTION('',(0.,-0.113632048618806,0.993522902366469));
#3729=DIRECTION('',(-1.,1.28424322937314E-16,1.46882561771761E-17));
#3730=DIRECTION('',(0.,-0.113632048618806,0.993522902366469));
#3731=DIRECTION('',(-1.,1.72348750265573E-16,1.97120182362381E-17));
#3732=DIRECTION('',(-1.72348750265573E-16,-1.,0.));
#3733=DIRECTION('',(-1.7347234759768E-16,-0.99352290236647,-0.113632048618806));
#3734=DIRECTION('',(0.,-0.113632048618806,0.993522902366469));
#3735=DIRECTION('',(-1.7347234759768E-16,-0.99352290236647,-0.113632048618806));
#3736=DIRECTION('',(8.61743751327864E-17,0.993522902366469,0.113632048618806));
#3737=DIRECTION('',(0.,-0.113632048618806,0.993522902366469));
#3738=DIRECTION('',(-1.,8.56162152915429E-17,9.79217078478405E-18));
#3739=DIRECTION('',(0.,-0.113632048618806,0.993522902366469));
#3740=DIRECTION('',(-1.,8.56162152915429E-17,9.79217078478405E-18));
#3741=DIRECTION('',(-1.,0.,0.));
#3742=DIRECTION('',(0.,0.,1.));
#3743=DIRECTION('',(0.,-0.113632048618806,0.993522902366469));
#3744=DIRECTION('',(0.,-0.993522902366469,-0.113632048618806));
#3745=DIRECTION('',(0.,-0.113632048618806,0.993522902366469));
#3746=DIRECTION('',(0.,0.993522902366469,0.113632048618806));
#3747=DIRECTION('',(0.,-0.113632048618806,0.993522902366469));
#3748=DIRECTION('',(0.,-0.113632048618806,0.993522902366469));
#3749=DIRECTION('',(-1.,0.,0.));
#3750=DIRECTION('',(-1.,0.,0.));
#3751=DIRECTION('',(0.,0.,1.));
#3752=DIRECTION('',(0.,-0.113632048618806,0.993522902366469));
#3753=DIRECTION('',(0.,-0.993522902366469,-0.113632048618806));
#3754=DIRECTION('',(0.,0.993522902366469,0.113632048618806));
#3755=DIRECTION('',(0.,-0.113632048618806,0.993522902366469));
#3756=DIRECTION('',(-1.,0.,0.));
#3757=DIRECTION('',(-1.,1.72348750265572E-16,1.97120182362381E-17));
#3758=DIRECTION('',(-1.72348750265573E-16,-1.,0.));
#3759=DIRECTION('',(-1.7347234759768E-16,-0.99352290236647,-0.113632048618806));
#3760=DIRECTION('',(-1.7347234759768E-16,-0.99352290236647,-0.113632048618806));
#3761=DIRECTION('',(0.,-0.113632048618806,0.993522902366469));
#3762=DIRECTION('',(1.,0.,0.));
#3763=DIRECTION('',(0.,-0.113632048618806,0.993522902366469));
#3764=DIRECTION('',(0.,-0.993522902366469,-0.113632048618806));
#3765=DIRECTION('',(0.,0.113632048618806,-0.993522902366469));
#3766=DIRECTION('',(0.,0.993522902366469,0.113632048618806));
#3767=DIRECTION('',(0.,-0.993522902366469,-0.113632048618806));
#3768=DIRECTION('',(-1.,0.,0.));
#3769=DIRECTION('',(0.,-0.993522902366469,-0.113632048618806));
#3770=DIRECTION('',(-1.,0.,0.));
#3771=DIRECTION('',(-1.,1.33640801601614E-16,-1.16846610349541E-15));
#3772=DIRECTION('',(-1.16846610349541E-15,0.,1.));
#3773=DIRECTION('',(8.77594914799286E-16,0.74620106158421,-0.66572064388195));
#3774=DIRECTION('',(-1.16846610349541E-15,0.,1.));
#3775=DIRECTION('',(0.,-0.993522902366469,-0.113632048618806));
#3776=DIRECTION('',(0.,1.,0.));
#3777=DIRECTION('',(-1.16846610349541E-15,0.,1.));
#3778=DIRECTION('',(0.,1.,0.));
#3779=DIRECTION('',(0.,0.113632048618806,-0.993522902366469));
#3780=DIRECTION('',(0.,0.993522902366469,0.113632048618806));
#3781=DIRECTION('',(-0.704805620867365,0.704805620867363,0.0806106294947461));
#3782=DIRECTION('',(1.,0.,0.));
#3783=DIRECTION('',(0.704805620867364,0.704805620867364,0.0806106294947462));
#3784=DIRECTION('',(0.,-0.993522902366469,-0.113632048618806));
#3785=DIRECTION('',(-1.,0.,0.));
#3786=DIRECTION('',(-1.,0.,0.));
#3787=DIRECTION('',(0.,0.,1.));
#3788=DIRECTION('',(0.,0.,-1.));
#3789=DIRECTION('',(0.,-0.74620106158421,0.66572064388195));
#3790=DIRECTION('',(0.,1.,0.));
#3791=DIRECTION('',(0.,0.,1.));
#3792=DIRECTION('',(0.,1.,0.));
#3793=DIRECTION('',(0.707106781186547,0.707106781186549,8.26230305368224E-16));
#3794=DIRECTION('',(1.16846610349541E-15,0.,-1.));
#3795=DIRECTION('',(0.707106781186547,0.707106781186549,8.26230305368224E-16));
#3796=DIRECTION('',(0.707106781186549,-0.707106781186547,-8.26230305368222E-16));
#3797=DIRECTION('',(1.16846610349541E-15,6.97261119368417E-32,-1.));
#3798=DIRECTION('',(-0.554154897166964,0.554154897166961,0.621147888905489));
#3799=DIRECTION('',(0.598049616167056,-0.598049616167055,0.533547854653052));
#3800=DIRECTION('',(0.,0.66572064388195,0.74620106158421));
#3801=DIRECTION('',(1.,0.,0.));
#3802=DIRECTION('',(-0.598049616167056,-0.598049616167056,0.533547854653053));
#3803=DIRECTION('',(1.,0.,0.));
#3804=DIRECTION('',(0.,-0.746201061584211,0.665720643881949));
#3805=DIRECTION('',(-1.,0.,0.));
#3806=DIRECTION('',(0.,-0.746201061584211,0.665720643881949));
#3807=DIRECTION('',(1.56588641272462E-15,-0.665720643881949,-0.746201061584211));
#3808=DIRECTION('',(-1.,0.,0.));
#3809=DIRECTION('',(0.,-0.746201061584211,0.665720643881949));
#3810=DIRECTION('',(0.,-0.665720643881949,-0.746201061584211));
#3811=DIRECTION('',(-0.554154897166962,-0.554154897166962,-0.62114788890549));
#3812=DIRECTION('',(0.707106781186548,-0.707106781186548,0.));
#3813=DIRECTION('',(0.,0.,1.));
#3814=DIRECTION('',(0.,0.,1.));
#3815=DIRECTION('',(0.707106781186548,-0.707106781186548,0.));
#3816=DIRECTION('',(0.707106781186548,0.707106781186548,0.));
#3817=DIRECTION('',(1.,0.,0.));
#3818=DIRECTION('',(0.,0.,-1.));
#3819=DIRECTION('',(0.707106781186547,0.,0.707106781186548));
#3820=DIRECTION('',(0.707106781186548,0.,-0.707106781186547));
#3821=DIRECTION('',(0.707106781186548,0.,-0.707106781186548));
#3822=DIRECTION('',(-0.707106781186548,0.,-0.707106781186548));
#3823=DIRECTION('',(1.16846610349541E-15,0.,-1.));
#3824=DIRECTION('',(-1.,0.,-1.16846610349541E-15));
#3825=DIRECTION('',(0.707106781186548,0.,-0.707106781186547));
#3826=DIRECTION('',(0.707106781186547,0.,0.707106781186548));
#3827=DIRECTION('',(0.,0.,-1.));
#3828=DIRECTION('',(-1.,0.,0.));
#3829=DIRECTION('',(0.707106781186548,0.,0.707106781186548));
#3830=DIRECTION('',(0.707106781186548,0.,-0.707106781186548));
#3831=DIRECTION('',(1.,0.,0.));
#3832=DIRECTION('',(0.,0.,-1.));
#3833=DIRECTION('',(0.,0.,-1.));
#3834=DIRECTION('',(-1.,0.,0.));
#3835=DIRECTION('',(-1.,0.,0.));
#3836=DIRECTION('',(0.,0.,1.));
#3837=DIRECTION('',(1.,0.,0.));
#3838=DIRECTION('',(0.,1.,0.));
#3839=DIRECTION('',(1.,0.,0.));
#3840=DIRECTION('',(0.,1.,0.));
#3841=DIRECTION('',(-1.,0.,0.));
#3842=DIRECTION('',(0.,0.,1.));
#3843=DIRECTION('',(0.,1.,0.));
#3844=DIRECTION('',(0.,0.,1.));
#3845=DIRECTION('',(0.,0.,-1.));
#3846=DIRECTION('',(-1.,0.,0.));
#3847=DIRECTION('',(0.,1.,0.));
#3848=DIRECTION('',(-1.,0.,0.));
#3849=DIRECTION('',(1.,0.,0.));
#3850=DIRECTION('',(0.,0.,-1.));
#3851=DIRECTION('',(0.,0.,-1.));
#3852=DIRECTION('',(0.,0.,-1.));
#3853=DIRECTION('',(-1.,0.,0.));
#3854=DIRECTION('',(-1.,0.,0.));
#3855=DIRECTION('',(0.,-1.,0.));
#3856=DIRECTION('',(1.,0.,0.));
#3857=DIRECTION('',(0.,0.,1.));
#3858=DIRECTION('',(1.,0.,0.));
#3859=CARTESIAN_POINT('',(0.,0.,0.));
#3860=CARTESIAN_POINT('',(0.0402689516969681,-0.029548621809781,0.0278386583863333));
#3861=CARTESIAN_POINT('',(0.0402689516969681,-0.0279687211780806,0.0140250601969425));
#3862=CARTESIAN_POINT('',(0.0402689516969681,-0.0304525284332238,0.0137409800686375));
#3863=CARTESIAN_POINT('',(0.0402689516969681,-0.0267078205943108,0.0030005858271716));
#3864=CARTESIAN_POINT('',(0.0427689516969681,-0.0267078205943108,0.0030005858271716));
#3865=CARTESIAN_POINT('',(8.48481791770883E-10,0.000645226700367629,0.00612903187774379));
#3866=CARTESIAN_POINT('',(0.0305316516969681,-0.029548621809781,0.0278386583863333));
#3867=CARTESIAN_POINT('',(0.0305316516969681,-0.0279687211780806,0.0140250601969425));
#3868=CARTESIAN_POINT('',(0.0305316516969681,-0.0304525284332238,0.0137409800686375));
#3869=CARTESIAN_POINT('',(0.0305316516969681,-0.0267078205943108,0.0030005858271716));
#3870=CARTESIAN_POINT('',(0.0330316516969681,-0.0267078205943108,0.0030005858271716));
#3871=CARTESIAN_POINT('',(8.48481791770883E-10,0.000645226700367629,0.00612903187774379));
#3872=CARTESIAN_POINT('',(0.0452119719492321,-0.028688632054913,0.0189753185554688));
#3873=CARTESIAN_POINT('',(0.0452119719492321,-0.0285198956589385,0.0175));
#3874=CARTESIAN_POINT('',(0.0463881673591391,-0.0331979621805239,0.0174999989970169));
#3875=CARTESIAN_POINT('',(0.0474497875710954,-0.0327874999999135,0.0175));
#3876=CARTESIAN_POINT('',(0.0463881657263153,-0.0333062877598835,0.0184471840867334));
#3877=CARTESIAN_POINT('',(0.0463881673591388,-0.0327381341294213,0.0134795690702253));
#3878=CARTESIAN_POINT('',(0.0452119719492321,-0.028120471798303,0.0140077040451824));
#3879=CARTESIAN_POINT('',(0.0500062499999963,-0.028120484261613,0.014007702619718));
#3880=CARTESIAN_POINT('',(0.0500062499999963,-0.0286886445182229,0.0189753171300045));
#3881=CARTESIAN_POINT('',(0.0500062500000045,-0.0285750124669009,0.0179817942279472));
#3882=CARTESIAN_POINT('',(0.0452119719492321,-0.0285750000035911,0.0179817956534115));
#3883=CARTESIAN_POINT('',(0.0500062500000045,-0.000113632053119767,0.022243522901847));
#3884=CARTESIAN_POINT('',(0.0500062500000045,0.0284613679486736,0.0255117272482252));
#3885=CARTESIAN_POINT('',(0.0500062500000045,0.0285749999999955,0.0245182043461678));
#3886=CARTESIAN_POINT('',(0.0500062500000045,0.0290295282052836,0.0205441127379387));
#3887=CARTESIAN_POINT('',(0.0500062500000045,-1.79776672877812E-12,0.0212499999997897));
#3888=CARTESIAN_POINT('',(0.0500062500000045,0.000454528203490227,0.0172759083915605));
#3889=CARTESIAN_POINT('',(0.0500062500000035,0.0285749999999956,0.0245182043461678));
#3890=CARTESIAN_POINT('',(0.0500062500000035,0.0290295282052835,0.0205441127379386));
#3891=CARTESIAN_POINT('',(0.0500062499545681,0.0299710375370315,0.0246778731456765));
#3892=CARTESIAN_POINT('',(0.0500062499545681,0.0304255657423195,0.0207037815374474));
#3893=CARTESIAN_POINT('',(0.0493558480562476,0.031353664422141,0.0248360081306302));
#3894=CARTESIAN_POINT('',(0.0493558480562476,0.031808192627429,0.020861916522401));
#3895=CARTESIAN_POINT('',(0.0482804071187395,0.0322438035094442,0.0249378158798453));
#3896=CARTESIAN_POINT('',(0.0482804071187395,0.0326983317147322,0.0209637242716162));
#3897=CARTESIAN_POINT('',(0.0482804071187395,0.0321301714581222,0.0259313387819027));
#3898=CARTESIAN_POINT('',(0.0482804071187395,0.0322438035094443,0.0249378158798453));
#3899=CARTESIAN_POINT('',(0.0482804071187395,0.0326983317147322,0.0209637242716162));
#3900=CARTESIAN_POINT('',(0.0452437498449945,0.0285749998449955,0.02451820432844));
#3901=CARTESIAN_POINT('',(0.0452437498449945,0.0290295280502835,0.0205441127202108));
#3902=CARTESIAN_POINT('',(0.0452437500000045,0.0284850541090749,0.0255144363020263));
#3903=CARTESIAN_POINT('',(0.0452437500000045,0.0285986861603969,0.024520913399969));
#3904=CARTESIAN_POINT('',(0.0474587645078632,0.0327874999999955,0.025));
#3905=CARTESIAN_POINT('',(0.0452437500000045,0.0290532143656849,0.0205468217917398));
#3906=CARTESIAN_POINT('',(0.0452437619114865,0.0337849264715779,0.0210880012167378));
#3907=CARTESIAN_POINT('',(0.0452437619114865,0.0332167662149679,0.0260556157270244));
#3908=CARTESIAN_POINT('',(0.0452437619114865,0.0333374999999955,0.025));
#3909=CARTESIAN_POINT('',(0.0452437500000045,0.0285438916579152,0.025));
#3910=CARTESIAN_POINT('',(0.0376706273028038,0.0332167662149753,0.0260556157270252));
#3911=CARTESIAN_POINT('',(0.0208443516969681,0.0332167662149753,0.0260556157270252));
#3912=CARTESIAN_POINT('',(0.0208443516969681,0.0333374999999955,0.025));
#3913=CARTESIAN_POINT('',(0.0208443516969681,0.0337849264715853,0.0210880012167387));
#3914=CARTESIAN_POINT('',(0.0376706273028038,0.0333374999999955,0.025));
#3915=CARTESIAN_POINT('',(0.0376706273028038,0.0337849264715853,0.0210880012167387));
#3916=CARTESIAN_POINT('',(0.0208443516969681,-0.000113632051280981,0.0222435229020573));
#3917=CARTESIAN_POINT('',(0.0208443516969681,-0.000113632051280981,0.0175));
#3918=CARTESIAN_POINT('',(0.0208443516969681,-0.0327874999999135,0.0175));
#3919=CARTESIAN_POINT('',(0.0208443516969681,-0.0333374999999135,0.0175));
#3920=CARTESIAN_POINT('',(0.0208443516969681,4.10193526281105E-14,0.02125));
#3921=CARTESIAN_POINT('',(0.0208443516969681,0.0327874999999955,0.025));
#3922=CARTESIAN_POINT('',(0.0208443516969681,-0.000113632051280981,0.025));
#3923=CARTESIAN_POINT('',(0.0208443516969681,0.000454528205329013,0.0172759083917708));
#3924=CARTESIAN_POINT('',(0.0208443516969681,-0.0328758700609273,0.0134638155668029));
#3925=CARTESIAN_POINT('',(0.0208443516969681,-0.0334440303175373,0.0184314300770894));
#3926=CARTESIAN_POINT('',(0.0246271890840078,-0.0334440303175373,0.0184314300770894));
#3927=CARTESIAN_POINT('',(0.0246271890840078,-0.0333374999999135,0.0175));
#3928=CARTESIAN_POINT('',(0.0452437498449945,-0.0333374999999135,0.0175));
#3929=CARTESIAN_POINT('',(0.0246271890840078,-0.0328758700609273,0.0134638155668029));
#3930=CARTESIAN_POINT('',(0.0452437498449962,-0.0328758697554189,0.0134638156017448));
#3931=CARTESIAN_POINT('',(0.0452437498449945,-0.0334440303175373,0.0184314300770894));
#3932=CARTESIAN_POINT('',(0.0452437771012521,-0.0284855232396906,0.0172567650787931));
#3933=CARTESIAN_POINT('',(0.0452437771012521,-0.0285133427121886,0.0175));
#3934=CARTESIAN_POINT('',(0.0452437771012521,-0.0281140034647945,0.0140084438469561));
#3935=CARTESIAN_POINT('',(0.0354003306841612,0.000454528205333442,0.0172759083917714));
#3936=CARTESIAN_POINT('',(0.0452437498449945,0.0270381105521402,0.0203163486144374));
#3937=CARTESIAN_POINT('',(0.0452437498449945,0.0295219178072834,0.0206004287427424));
#3938=CARTESIAN_POINT('',(8.48481791770883E-10,0.000645226700367629,0.00612903187774379));
#3939=CARTESIAN_POINT('',(0.0452437498449945,0.0282990111422147,0.00929187409376638));
#3940=CARTESIAN_POINT('',(0.0477437498449945,0.0282990111422147,0.00929187409376638));
#3941=CARTESIAN_POINT('',(0.0452437498449945,0.0254582099267445,0.0341299466529282));
#3942=CARTESIAN_POINT('',(-0.00389374999999549,-0.0345624999999135,0.0175));
#3943=CARTESIAN_POINT('',(-0.00389374999999549,-0.0327874999999135,0.0175));
#3944=CARTESIAN_POINT('',(-0.00389374999999549,4.10158018659956E-14,0.02125));
#3945=CARTESIAN_POINT('',(-0.00389374999999549,0.0327874999999955,0.025));
#3946=CARTESIAN_POINT('',(-0.00389374999999549,0.0345624999999955,0.025));
#3947=CARTESIAN_POINT('',(-0.00346109457314016,0.0118630528449606,0.00879170078130289));
#3948=CARTESIAN_POINT('',(4.49640324973189E-15,-4.48946435582798E-15,0.025));
#3949=CARTESIAN_POINT('',(0.0157943516969681,0.0324715449677588,0.025));
#3950=CARTESIAN_POINT('',(0.0157943516969681,0.0327874999999955,0.025));
#3951=CARTESIAN_POINT('',(0.0157943516969681,0.0333374999999955,0.025));
#3952=CARTESIAN_POINT('',(-0.0161937499999955,0.0327874999999955,0.025));
#3953=CARTESIAN_POINT('',(0.0207943516969681,0.0327874999999955,0.025));
#3954=CARTESIAN_POINT('',(0.0207943516969681,-0.0324722830981038,0.025));
#3955=CARTESIAN_POINT('',(0.0207943516969681,0.0333374999999955,0.025));
#3956=CARTESIAN_POINT('',(0.018294351696968,0.0333374999999955,0.025));
#3957=CARTESIAN_POINT('',(0.018294351696968,0.0333374999999955,0.0123));
#3958=CARTESIAN_POINT('',(0.0207943516969681,0.0333374999999955,0.0123));
#3959=CARTESIAN_POINT('',(0.0207943516969681,0.0333374999999955,0.00983304674292641));
#3960=CARTESIAN_POINT('',(0.0167178669089897,0.0333374999999955,0.00983304674292641));
#3961=CARTESIAN_POINT('',(0.0157943516969681,0.0333374999999955,0.00983304674292641));
#3962=CARTESIAN_POINT('',(0.0157943516969681,0.0333374999999955,0.0123));
#3963=CARTESIAN_POINT('',(0.0157943516969681,0.0324715449677588,0.0123));
#3964=CARTESIAN_POINT('',(0.0157943516969681,-0.0332875000000045,0.0123));
#3965=CARTESIAN_POINT('',(0.0157943516969681,-0.0332874998437545,0.01019));
#3966=CARTESIAN_POINT('',(0.0157943516969681,-0.0332875000000045,0.0175));
#3967=CARTESIAN_POINT('',(0.0157943516969681,0.0324715449677588,0.0175));
#3968=CARTESIAN_POINT('',(0.0157943516969681,-0.0327874999999135,0.0175));
#3969=CARTESIAN_POINT('',(0.0157943516969681,0.0310418448794086,0.0248003444391243));
#3970=CARTESIAN_POINT('',(0.0157943516969681,-0.0332775000000045,0.00983304674292641));
#3971=CARTESIAN_POINT('',(0.0157943516969681,0.0329656395151893,0.00983304674292641));
#3972=CARTESIAN_POINT('',(0.0157943516969681,-0.000155930242407517,0.00604483832210212));
#3973=CARTESIAN_POINT('',(0.0157943516969681,-0.0332775000000045,0.00225662990127783));
#3974=CARTESIAN_POINT('',(0.0157943516969681,-0.0332775000000045,0.0100115233714632));
#3975=CARTESIAN_POINT('',(0.0182943516969681,-0.0332875000000045,0.0123));
#3976=CARTESIAN_POINT('',(0.0182943516969681,-0.0332875000000045,0.0175));
#3977=CARTESIAN_POINT('',(0.0207943516969681,-0.0332875000000045,0.0175));
#3978=CARTESIAN_POINT('',(0.0182943516969681,-0.0332875000000045,0.01019));
#3979=CARTESIAN_POINT('',(0.0207943516969681,-0.0332874998437545,0.01019));
#3980=CARTESIAN_POINT('',(0.0207943516969681,-0.0332875000000045,0.0123));
#3981=CARTESIAN_POINT('',(0.0207943516969681,-0.0324722830981038,0.0123));
#3982=CARTESIAN_POINT('',(0.0207943516969681,-0.0330634126914254,0.0174684430776006));
#3983=CARTESIAN_POINT('',(0.0207943516969681,-0.0327874999999135,0.0175));
#3984=CARTESIAN_POINT('',(0.0207943516969681,-0.0324722830981038,0.0175));
#3985=CARTESIAN_POINT('',(0.0207943516969681,-0.0332775000000045,0.0100115233714632));
#3986=CARTESIAN_POINT('',(0.0207943516969681,-0.0332775000000045,0.00983304674292641));
#3987=CARTESIAN_POINT('',(0.0207943516969681,-0.0332775000000045,0.00983304674292641));
#3988=CARTESIAN_POINT('',(4.49640324973189E-15,-4.48946435582798E-15,0.01019));
#3989=CARTESIAN_POINT('',(0.018294351696968,-0.0332775000000045,0.01019));
#3990=CARTESIAN_POINT('',(0.0167178669089897,-0.0332775000000045,0.00983304674292641));
#3991=CARTESIAN_POINT('',(0.0167178669089897,-0.0332775000000045,0.00983304674292641));
#3992=CARTESIAN_POINT('',(0.0207343516969681,-0.0332775000000045,0.00983304674292641));
#3993=CARTESIAN_POINT('',(0.0207343516969681,-0.0332775000000045,0.00983304674292641));
#3994=CARTESIAN_POINT('',(0.0207343516969681,0.0329656395151893,0.0098330467429264));
#3995=CARTESIAN_POINT('',(0.0207343516969681,0.0329656395151893,0.0098330467429264));
#3996=CARTESIAN_POINT('',(4.49640324973189E-15,-0.0332775000000045,0.0166217050495705));
#3997=CARTESIAN_POINT('',(0.0207343516969681,-0.0332775000000045,0.00225662990127783));
#3998=CARTESIAN_POINT('',(0.0207343516969681,-0.0332775000000045,0.00225662990127783));
#3999=CARTESIAN_POINT('',(0.0207343516969681,-0.0332775000000045,0.00604483832210213));
#4000=CARTESIAN_POINT('',(0.0207343516969681,-0.000155930242407517,0.00604483832210212));
#4001=CARTESIAN_POINT('',(0.0207343516969681,-0.000155930242407517,0.00604483832210212));
#4002=CARTESIAN_POINT('',(0.0207343516969681,-1.20312545204282E-8,0.0128335091287457));
#4003=CARTESIAN_POINT('',(-0.0161937499999955,-0.0345624999999135,0.0175));
#4004=CARTESIAN_POINT('',(-0.0161937499999955,-0.0327874999999135,0.0175));
#4005=CARTESIAN_POINT('',(-0.0161937499999955,4.09325351391487E-14,0.02125));
#4006=CARTESIAN_POINT('',(-0.00346109457314016,0.0118630528449606,0.00879170078130289));
#4007=CARTESIAN_POINT('',(0.0509937500000045,0.030846648985265,0.00797282378336699));
#4008=CARTESIAN_POINT('',(0.0244999999999955,0.030846648985265,0.00797282378336699));
#4009=CARTESIAN_POINT('',(0.0244999999999955,0.0315875000000045,0.00805755702738749));
#4010=CARTESIAN_POINT('',(0.0244999999999955,0.0310875000000045,0.00800037060101113));
#4011=CARTESIAN_POINT('',(0.0509937500000045,0.0310875000000045,0.00800037060101113));
#4012=CARTESIAN_POINT('',(0.0214999999999955,0.0310875000000045,0.00800037060101113));
#4013=CARTESIAN_POINT('',(0.0214999999999955,0.030846648985265,0.00797282378336699));
#4014=CARTESIAN_POINT('',(0.0214999999999955,0.0315875000000045,0.00805755702738749));
#4015=CARTESIAN_POINT('',(0.0509937500000045,0.0315875000000045,0.00805755702738749));
#4016=CARTESIAN_POINT('',(0.0509937500000045,0.0310875000000045,0.00800037060101113));
#4017=CARTESIAN_POINT('',(0.0359999999999955,0.0310875000000045,0.00800037060101114));
#4018=CARTESIAN_POINT('',(0.0329999999999955,0.0310875000000045,0.00800037060101113));
#4019=CARTESIAN_POINT('',(0.0329999999999955,0.030846648985265,0.00797282378336699));
#4020=CARTESIAN_POINT('',(0.0329999999999955,0.0315875000000045,0.00805755702738749));
#4021=CARTESIAN_POINT('',(0.0509937500000045,0.0315875000000045,0.00805755702738749));
#4022=CARTESIAN_POINT('',(0.0359999999999955,0.0315875000000045,0.00805755702738749));
#4023=CARTESIAN_POINT('',(0.0359999999999955,0.030846648985265,0.00797282378336699));
#4024=CARTESIAN_POINT('',(0.0359999999999955,0.030846648985265,0.00797282378336699));
#4025=CARTESIAN_POINT('',(0.0359999999999955,-0.0310875000000045,0.000889238481110289));
#4026=CARTESIAN_POINT('',(0.0359999999999955,-0.0315875000000045,0.000832052054733932));
#4027=CARTESIAN_POINT('',(0.0509937500000045,-0.0315875000000045,0.000832052054733932));
#4028=CARTESIAN_POINT('',(0.0329999999999955,-0.0315875000000045,0.000832052054733936));
#4029=CARTESIAN_POINT('',(0.0329999999999955,0.030846648985265,0.00797282378336699));
#4030=CARTESIAN_POINT('',(0.0329999999999955,-0.0310875000000045,0.000889238481110291));
#4031=CARTESIAN_POINT('',(0.0509937500000045,-0.0310875000000045,0.000889238481110288));
#4032=CARTESIAN_POINT('',(0.0244999999999955,0.030846648985265,0.00797282378336699));
#4033=CARTESIAN_POINT('',(0.0244999999999955,-0.0315875000000045,0.000832052054733932));
#4034=CARTESIAN_POINT('',(0.0244999999999955,-0.0310875000000045,0.000889238481110289));
#4035=CARTESIAN_POINT('',(0.0509937500000045,-0.0315875000000045,0.000832052054733932));
#4036=CARTESIAN_POINT('',(0.0214999999999955,-0.0315875000000045,0.000832052054733936));
#4037=CARTESIAN_POINT('',(0.0214999999999955,0.030846648985265,0.00797282378336699));
#4038=CARTESIAN_POINT('',(0.0214999999999955,-0.0310875000000045,0.000889238481110291));
#4039=CARTESIAN_POINT('',(0.0509937500000045,-0.0310875000000045,0.000889238481110288));
#4040=CARTESIAN_POINT('',(0.0509937500000045,-0.0315875000000045,0.000832052054733932));
#4041=CARTESIAN_POINT('',(0.0129999999999955,-0.0315875000000045,0.000832052054733933));
#4042=CARTESIAN_POINT('',(0.00999999999999551,-0.0315875000000045,0.000832052054733932));
#4043=CARTESIAN_POINT('',(0.00999999999999551,0.030846648985265,0.00797282378336699));
#4044=CARTESIAN_POINT('',(0.00999999999999551,-0.0310875000000045,0.000889238481110291));
#4045=CARTESIAN_POINT('',(0.0509937500000045,-0.0310875000000045,0.000889238481110288));
#4046=CARTESIAN_POINT('',(0.0129999999999955,-0.0310875000000045,0.000889238481110289));
#4047=CARTESIAN_POINT('',(0.0129999999999955,0.030846648985265,0.00797282378336699));
#4048=CARTESIAN_POINT('',(-0.0129999999999955,0.030846648985265,0.00797282378336699));
#4049=CARTESIAN_POINT('',(-0.0129999999999955,-0.0315875000000045,0.000832052054733936));
#4050=CARTESIAN_POINT('',(-0.0129999999999955,-0.0310875000000045,0.000889238481110288));
#4051=CARTESIAN_POINT('',(0.0509937500000045,-0.0310875000000045,0.000889238481110288));
#4052=CARTESIAN_POINT('',(-0.00999999999999551,-0.0310875000000045,0.000889238481110289));
#4053=CARTESIAN_POINT('',(-0.00999999999999551,0.030846648985265,0.00797282378336699));
#4054=CARTESIAN_POINT('',(-0.00999999999999551,-0.0315875000000045,0.000832052054733933));
#4055=CARTESIAN_POINT('',(0.0509937500000045,-0.0315875000000045,0.000832052054733932));
#4056=CARTESIAN_POINT('',(-0.0244999999999955,0.030846648985265,0.00797282378336699));
#4057=CARTESIAN_POINT('',(-0.0244999999999955,-0.0315875000000045,0.000832052054733936));
#4058=CARTESIAN_POINT('',(-0.0244999999999955,-0.0310875000000045,0.000889238481110288));
#4059=CARTESIAN_POINT('',(0.0509937500000045,-0.0310875000000045,0.000889238481110288));
#4060=CARTESIAN_POINT('',(-0.0214999999999955,-0.0310875000000045,0.000889238481110289));
#4061=CARTESIAN_POINT('',(-0.0214999999999955,0.030846648985265,0.00797282378336699));
#4062=CARTESIAN_POINT('',(-0.0214999999999955,-0.0315875000000045,0.000832052054733933));
#4063=CARTESIAN_POINT('',(0.0509937500000045,-0.0315875000000045,0.000832052054733932));
#4064=CARTESIAN_POINT('',(-0.0129999999999955,0.030846648985265,0.00797282378336699));
#4065=CARTESIAN_POINT('',(-0.0129999999999955,0.0315875000000045,0.00805755702738749));
#4066=CARTESIAN_POINT('',(-0.0129999999999955,0.0310875000000045,0.00800037060101113));
#4067=CARTESIAN_POINT('',(0.0509937500000045,0.0315875000000045,0.00805755702738749));
#4068=CARTESIAN_POINT('',(-0.00999999999999551,0.0315875000000045,0.00805755702738749));
#4069=CARTESIAN_POINT('',(-0.00999999999999551,0.030846648985265,0.00797282378336699));
#4070=CARTESIAN_POINT('',(-0.00999999999999551,0.0310875000000045,0.00800037060101114));
#4071=CARTESIAN_POINT('',(0.0509937500000045,0.0310875000000045,0.00800037060101113));
#4072=CARTESIAN_POINT('',(-0.0244999999999955,0.030846648985265,0.00797282378336699));
#4073=CARTESIAN_POINT('',(-0.0244999999999955,0.0315875000000045,0.00805755702738749));
#4074=CARTESIAN_POINT('',(-0.0244999999999955,0.0310875000000045,0.00800037060101113));
#4075=CARTESIAN_POINT('',(0.0509937500000045,0.0315875000000045,0.00805755702738749));
#4076=CARTESIAN_POINT('',(-0.0214999999999955,0.0315875000000045,0.00805755702738749));
#4077=CARTESIAN_POINT('',(-0.0214999999999955,0.030846648985265,0.00797282378336699));
#4078=CARTESIAN_POINT('',(-0.0214999999999955,0.0310875000000045,0.00800037060101114));
#4079=CARTESIAN_POINT('',(0.0509937500000045,0.0310875000000045,0.00800037060101113));
#4080=CARTESIAN_POINT('',(-0.0359999999999955,0.030846648985265,0.00797282378336699));
#4081=CARTESIAN_POINT('',(-0.0359999999999955,0.0310875000000045,0.00800037060101113));
#4082=CARTESIAN_POINT('',(-0.0359999999999955,0.0315875000000045,0.00805755702738749));
#4083=CARTESIAN_POINT('',(0.0509937500000045,0.0315875000000045,0.00805755702738749));
#4084=CARTESIAN_POINT('',(-0.0329999999999955,0.0315875000000045,0.00805755702738749));
#4085=CARTESIAN_POINT('',(-0.0329999999999955,0.030846648985265,0.00797282378336699));
#4086=CARTESIAN_POINT('',(-0.0329999999999955,0.0310875000000045,0.00800037060101114));
#4087=CARTESIAN_POINT('',(0.0509937500000045,0.0310875000000045,0.00800037060101113));
#4088=CARTESIAN_POINT('',(0.0509937500000045,-0.0310875000000045,0.000889238481110288));
#4089=CARTESIAN_POINT('',(-0.0359999999999955,-0.0310875000000045,0.000889238481110291));
#4090=CARTESIAN_POINT('',(-0.0329999999999955,-0.0310875000000045,0.000889238481110288));
#4091=CARTESIAN_POINT('',(-0.0329999999999955,0.030846648985265,0.00797282378336699));
#4092=CARTESIAN_POINT('',(-0.0329999999999955,-0.0315875000000045,0.000832052054733933));
#4093=CARTESIAN_POINT('',(0.0509937500000045,-0.0315875000000045,0.000832052054733932));
#4094=CARTESIAN_POINT('',(-0.0359999999999955,-0.0315875000000045,0.000832052054733936));
#4095=CARTESIAN_POINT('',(-0.0359999999999955,0.030846648985265,0.00797282378336699));
#4096=CARTESIAN_POINT('',(-0.0500062499999955,0.030846648985265,0.00797282378336699));
#4097=CARTESIAN_POINT('',(-0.0500062500000045,-0.0285750000035911,0.00117660027324127));
#4098=CARTESIAN_POINT('',(-0.0500062499999955,0.0285749999999955,0.00771300880846892));
#4099=CARTESIAN_POINT('',(-0.0452437498449955,-0.0285749998449045,0.00117660029139071));
#4100=CARTESIAN_POINT('',(-0.0469255535213873,-0.0330306641186729,0.000666993257491481));
#4101=CARTESIAN_POINT('',(0.0509937500000045,-0.0330306641186729,0.000666993257491482));
#4102=CARTESIAN_POINT('',(0.0469255535213864,-0.0330306641186729,0.000666993257491481));
#4103=CARTESIAN_POINT('',(0.0452437498449945,-0.0285749998449045,0.0011766002913907));
#4104=CARTESIAN_POINT('',(0.050006250000004,-0.0285750000035911,0.00117660027324127));
#4105=CARTESIAN_POINT('',(0.0500062500000045,0.00232060022517224,0.00471021820891224));
#4106=CARTESIAN_POINT('',(0.0500062500000045,0.0285749999999955,0.00771300880846892));
#4107=CARTESIAN_POINT('',(0.0452437498449945,0.0285749998449955,0.00771300879074113));
#4108=CARTESIAN_POINT('',(0.0463278292864513,0.0332124753965291,0.00824341009914097));
#4109=CARTESIAN_POINT('',(0.0509937500000045,0.0332124753965291,0.00824341009914097));
#4110=CARTESIAN_POINT('',(-0.0463278292864479,0.0332124753965291,0.00824341009914097));
#4111=CARTESIAN_POINT('',(-0.0452437498449955,0.0285749998449955,0.00771300879074113));
#4112=CARTESIAN_POINT('',(0.00999999999999551,0.030846648985265,0.00797282378336699));
#4113=CARTESIAN_POINT('',(0.00999999999999551,0.0315875000000045,0.00805755702738749));
#4114=CARTESIAN_POINT('',(0.00999999999999551,0.0310875000000045,0.00800037060101113));
#4115=CARTESIAN_POINT('',(0.0509937500000045,0.0315875000000045,0.00805755702738749));
#4116=CARTESIAN_POINT('',(0.0129999999999955,0.0315875000000045,0.00805755702738749));
#4117=CARTESIAN_POINT('',(0.0129999999999955,0.030846648985265,0.00797282378336699));
#4118=CARTESIAN_POINT('',(0.0129999999999955,0.0310875000000045,0.00800037060101114));
#4119=CARTESIAN_POINT('',(0.0509937500000045,0.0310875000000045,0.00800037060101113));
#4120=CARTESIAN_POINT('',(0.,0.029896592709881,0.00786416313687571));
#4121=CARTESIAN_POINT('',(0.0475,0.029896592709881,0.00786416313687571));
#4122=CARTESIAN_POINT('',(-0.0475,0.029896592709881,0.00786416313687571));
#4123=CARTESIAN_POINT('',(0.0475,9.09056388868935E-5,0.00445520167831151));
#4124=CARTESIAN_POINT('',(0.0475,-0.0297147814321072,0.00104624021974732));
#4125=CARTESIAN_POINT('',(0.,-0.0297147814321072,0.00104624021974732));
#4126=CARTESIAN_POINT('',(-0.0475,-0.0297147814321072,0.00104624021974732));
#4127=CARTESIAN_POINT('',(-0.0475,9.09056388868901E-5,0.00445520167831151));
#4128=CARTESIAN_POINT('',(1.38777878078145E-17,4.06272238073768E-14,0.));
#4129=CARTESIAN_POINT('',(0.0114999999999955,0.0315875000000045,0.));
#4130=CARTESIAN_POINT('',(0.00999999999999551,0.0315875000000045,0.));
#4131=CARTESIAN_POINT('',(0.0129999999999955,0.0315875000000045,0.));
#4132=CARTESIAN_POINT('',(0.00999999999999551,0.0313375000000045,0.));
#4133=CARTESIAN_POINT('',(0.00999999999999551,0.0310875000000045,0.));
#4134=CARTESIAN_POINT('',(0.0114999999999955,0.0310875000000045,0.));
#4135=CARTESIAN_POINT('',(0.0129999999999955,0.0310875000000045,0.));
#4136=CARTESIAN_POINT('',(0.0129999999999955,0.0313375000000045,0.));
#4137=CARTESIAN_POINT('',(0.0329999999999955,0.0313375000000045,0.));
#4138=CARTESIAN_POINT('',(0.0329999999999955,0.0315875000000045,0.));
#4139=CARTESIAN_POINT('',(0.0329999999999955,0.0310875000000045,0.));
#4140=CARTESIAN_POINT('',(0.0344999999999955,0.0310875000000045,0.));
#4141=CARTESIAN_POINT('',(0.0359999999999955,0.0310875000000045,0.));
#4142=CARTESIAN_POINT('',(0.0359999999999955,0.0313375000000045,0.));
#4143=CARTESIAN_POINT('',(0.0359999999999955,0.0315875000000045,0.));
#4144=CARTESIAN_POINT('',(0.0344999999999955,0.0315875000000045,0.));
#4145=CARTESIAN_POINT('',(0.0229999999999955,-0.0315875000000045,0.));
#4146=CARTESIAN_POINT('',(0.0214999999999955,-0.0315875000000045,0.));
#4147=CARTESIAN_POINT('',(0.0244999999999955,-0.0315875000000045,0.));
#4148=CARTESIAN_POINT('',(0.0244999999999955,-0.0313375000000045,0.));
#4149=CARTESIAN_POINT('',(0.0244999999999955,-0.0310875000000045,0.));
#4150=CARTESIAN_POINT('',(0.0229999999999955,-0.0310875000000045,0.));
#4151=CARTESIAN_POINT('',(0.0214999999999955,-0.0310875000000045,0.));
#4152=CARTESIAN_POINT('',(0.0214999999999955,-0.0313375000000045,0.));
#4153=CARTESIAN_POINT('',(-0.0114999999999955,-0.0310875000000045,0.));
#4154=CARTESIAN_POINT('',(-0.00999999999999551,-0.0310875000000045,0.));
#4155=CARTESIAN_POINT('',(-0.0129999999999955,-0.0310875000000045,0.));
#4156=CARTESIAN_POINT('',(-0.0129999999999955,-0.0313375000000045,0.));
#4157=CARTESIAN_POINT('',(-0.0129999999999955,-0.0315875000000045,0.));
#4158=CARTESIAN_POINT('',(-0.0114999999999955,-0.0315875000000045,0.));
#4159=CARTESIAN_POINT('',(-0.00999999999999551,-0.0315875000000045,0.));
#4160=CARTESIAN_POINT('',(-0.00999999999999551,-0.0313375000000045,0.));
#4161=CARTESIAN_POINT('',(-0.0114999999999955,0.0315875000000045,0.));
#4162=CARTESIAN_POINT('',(-0.00999999999999551,0.0315875000000045,0.));
#4163=CARTESIAN_POINT('',(-0.0129999999999955,0.0315875000000045,0.));
#4164=CARTESIAN_POINT('',(-0.0129999999999955,0.0313375000000045,0.));
#4165=CARTESIAN_POINT('',(-0.0129999999999955,0.0310875000000045,0.));
#4166=CARTESIAN_POINT('',(-0.0114999999999955,0.0310875000000045,0.));
#4167=CARTESIAN_POINT('',(-0.00999999999999551,0.0310875000000045,0.));
#4168=CARTESIAN_POINT('',(-0.00999999999999551,0.0313375000000045,0.));
#4169=CARTESIAN_POINT('',(-0.0344999999999955,0.0315875000000045,0.));
#4170=CARTESIAN_POINT('',(-0.0329999999999955,0.0315875000000045,0.));
#4171=CARTESIAN_POINT('',(-0.0359999999999955,0.0315875000000045,0.));
#4172=CARTESIAN_POINT('',(-0.0359999999999955,0.0313375000000045,0.));
#4173=CARTESIAN_POINT('',(-0.0359999999999955,0.0310875000000045,0.));
#4174=CARTESIAN_POINT('',(-0.0344999999999955,0.0310875000000045,0.));
#4175=CARTESIAN_POINT('',(-0.0329999999999955,0.0310875000000045,0.));
#4176=CARTESIAN_POINT('',(-0.0329999999999955,0.0313375000000045,0.));
#4177=CARTESIAN_POINT('',(0.0460000000000045,0.0333374999999955,0.));
#4178=CARTESIAN_POINT('',(0.0460000000000045,0.0318374999999955,0.));
#4179=CARTESIAN_POINT('',(0.0460000000000045,0.0348374999999955,0.));
#4180=CARTESIAN_POINT('',(4.5102810375397E-15,0.0348374999999955,0.));
#4181=CARTESIAN_POINT('',(-0.0459999999999955,0.0348374999999955,0.));
#4182=CARTESIAN_POINT('',(-0.0459999999999955,0.0333374999999955,0.));
#4183=CARTESIAN_POINT('',(-0.0459999999999955,0.0318374999999955,0.));
#4184=CARTESIAN_POINT('',(0.0237500000000044,0.0318374999999955,0.));
#4185=CARTESIAN_POINT('',(-0.0494562500000045,-0.0327874999999143,0.));
#4186=CARTESIAN_POINT('',(-0.0550062500000045,-0.0327874999999143,0.));
#4187=CARTESIAN_POINT('',(-0.0494562500000045,-0.0383374999999143,0.));
#4188=CARTESIAN_POINT('',(-0.0550062500000045,4.06272238073768E-14,0.));
#4189=CARTESIAN_POINT('',(-0.0550062500000045,0.0327874999999955,0.));
#4190=CARTESIAN_POINT('',(-0.0494562500000045,0.0327874999999955,0.));
#4191=CARTESIAN_POINT('',(-0.0494562500000045,0.0383374999999955,0.));
#4192=CARTESIAN_POINT('',(0.00212307254879101,0.0383374999999955,0.));
#4193=CARTESIAN_POINT('',(0.0494562500000045,0.0383374999999955,0.));
#4194=CARTESIAN_POINT('',(0.0494562500000045,0.0327874999999955,0.));
#4195=CARTESIAN_POINT('',(0.0550062500000045,0.0327874999999955,0.));
#4196=CARTESIAN_POINT('',(0.0550062500000045,-0.0306812500017527,0.));
#4197=CARTESIAN_POINT('',(0.0550062500000045,-0.0327874999999135,0.));
#4198=CARTESIAN_POINT('',(0.0494562500000045,-0.0327874999999135,0.));
#4199=CARTESIAN_POINT('',(0.0494562500000045,-0.0383374999999135,0.));
#4200=CARTESIAN_POINT('',(-0.0020880818544844,-0.0383374999999143,0.));
#4201=CARTESIAN_POINT('',(0.0460000000000045,-0.0333375000000045,0.));
#4202=CARTESIAN_POINT('',(0.0460000000000045,-0.0348375000000045,0.));
#4203=CARTESIAN_POINT('',(0.0460000000000045,-0.0318375000000045,0.));
#4204=CARTESIAN_POINT('',(0.0237500000000044,-0.0318375000000045,0.));
#4205=CARTESIAN_POINT('',(-0.0459999999999955,-0.0318375000000045,0.));
#4206=CARTESIAN_POINT('',(-0.0459999999999955,-0.0333375000000045,0.));
#4207=CARTESIAN_POINT('',(-0.0459999999999955,-0.0348375000000045,0.));
#4208=CARTESIAN_POINT('',(4.49640324973189E-15,-0.0348375000000045,0.));
#4209=CARTESIAN_POINT('',(-0.0329999999999955,-0.0313375000000045,0.));
#4210=CARTESIAN_POINT('',(-0.0329999999999955,-0.0315875000000045,0.));
#4211=CARTESIAN_POINT('',(-0.0329999999999955,-0.0310875000000045,0.));
#4212=CARTESIAN_POINT('',(-0.0344999999999955,-0.0310875000000045,0.));
#4213=CARTESIAN_POINT('',(-0.0359999999999955,-0.0310875000000045,0.));
#4214=CARTESIAN_POINT('',(-0.0359999999999955,-0.0313375000000045,0.));
#4215=CARTESIAN_POINT('',(-0.0359999999999955,-0.0315875000000045,0.));
#4216=CARTESIAN_POINT('',(-0.0344999999999955,-0.0315875000000045,0.));
#4217=CARTESIAN_POINT('',(-0.0229999999999955,0.0315875000000045,0.));
#4218=CARTESIAN_POINT('',(-0.0214999999999955,0.0315875000000045,0.));
#4219=CARTESIAN_POINT('',(-0.0244999999999955,0.0315875000000045,0.));
#4220=CARTESIAN_POINT('',(-0.0244999999999955,0.0313375000000045,0.));
#4221=CARTESIAN_POINT('',(-0.0244999999999955,0.0310875000000045,0.));
#4222=CARTESIAN_POINT('',(-0.0229999999999955,0.0310875000000045,0.));
#4223=CARTESIAN_POINT('',(-0.0214999999999955,0.0310875000000045,0.));
#4224=CARTESIAN_POINT('',(-0.0214999999999955,0.0313375000000045,0.));
#4225=CARTESIAN_POINT('',(-0.0229999999999955,-0.0310875000000045,0.));
#4226=CARTESIAN_POINT('',(-0.0214999999999955,-0.0310875000000045,0.));
#4227=CARTESIAN_POINT('',(-0.0244999999999955,-0.0310875000000045,0.));
#4228=CARTESIAN_POINT('',(-0.0244999999999955,-0.0313375000000045,0.));
#4229=CARTESIAN_POINT('',(-0.0244999999999955,-0.0315875000000045,0.));
#4230=CARTESIAN_POINT('',(-0.0229999999999955,-0.0315875000000045,0.));
#4231=CARTESIAN_POINT('',(-0.0214999999999955,-0.0315875000000045,0.));
#4232=CARTESIAN_POINT('',(-0.0214999999999955,-0.0313375000000045,0.));
#4233=CARTESIAN_POINT('',(0.00999999999999551,-0.0313375000000045,0.));
#4234=CARTESIAN_POINT('',(0.00999999999999551,-0.0310875000000045,0.));
#4235=CARTESIAN_POINT('',(0.00999999999999551,-0.0315875000000045,0.));
#4236=CARTESIAN_POINT('',(0.0114999999999955,-0.0315875000000045,0.));
#4237=CARTESIAN_POINT('',(0.0129999999999955,-0.0315875000000045,0.));
#4238=CARTESIAN_POINT('',(0.0129999999999955,-0.0313375000000045,0.));
#4239=CARTESIAN_POINT('',(0.0129999999999955,-0.0310875000000045,0.));
#4240=CARTESIAN_POINT('',(0.0114999999999955,-0.0310875000000045,0.));
#4241=CARTESIAN_POINT('',(0.0344999999999955,-0.0315875000000045,0.));
#4242=CARTESIAN_POINT('',(0.0329999999999955,-0.0315875000000045,0.));
#4243=CARTESIAN_POINT('',(0.0359999999999955,-0.0315875000000045,0.));
#4244=CARTESIAN_POINT('',(0.0359999999999955,-0.0313375000000045,0.));
#4245=CARTESIAN_POINT('',(0.0359999999999955,-0.0310875000000045,0.));
#4246=CARTESIAN_POINT('',(0.0344999999999955,-0.0310875000000045,0.));
#4247=CARTESIAN_POINT('',(0.0329999999999955,-0.0310875000000045,0.));
#4248=CARTESIAN_POINT('',(0.0329999999999955,-0.0313375000000045,0.));
#4249=CARTESIAN_POINT('',(0.0229999999999955,0.0310875000000045,0.));
#4250=CARTESIAN_POINT('',(0.0214999999999955,0.0310875000000045,0.));
#4251=CARTESIAN_POINT('',(0.0244999999999955,0.0310875000000045,0.));
#4252=CARTESIAN_POINT('',(0.0244999999999955,0.0313375000000045,0.));
#4253=CARTESIAN_POINT('',(0.0244999999999955,0.0315875000000045,0.));
#4254=CARTESIAN_POINT('',(0.0229999999999955,0.0315875000000045,0.));
#4255=CARTESIAN_POINT('',(0.0214999999999955,0.0315875000000045,0.));
#4256=CARTESIAN_POINT('',(0.0214999999999955,0.0313375000000045,0.));
#4257=CARTESIAN_POINT('',(0.0452437498449945,-0.0285749998449045,0.025));
#4258=CARTESIAN_POINT('',(0.0452437498449945,-0.0285749998449045,0.000666993257491484));
#4259=CARTESIAN_POINT('',(0.0452437500000045,-0.0333375000000045,0.000666993257491484));
#4260=CARTESIAN_POINT('',(0.0452437500000045,-0.0333374999999135,0.025));
#4261=CARTESIAN_POINT('',(0.0452437500000045,-0.0333375000000045,0.0175));
#4262=CARTESIAN_POINT('',(0.0452437498449945,-0.0285749998449045,0.0175));
#4263=CARTESIAN_POINT('',(0.0474655171979165,-0.0327874999999135,0.0175));
#4264=CARTESIAN_POINT('',(0.0452437498449945,-0.0285749998449045,0.017981795671561));
#4265=CARTESIAN_POINT('',(0.0500062500000035,-0.0285750000035911,0.0179817956534115));
#4266=CARTESIAN_POINT('',(0.0500062500000035,-0.0285750000035911,0.025));
#4267=CARTESIAN_POINT('',(4.49640324973189E-15,-0.0333375000000045,0.025));
#4268=CARTESIAN_POINT('',(4.49640324973189E-15,-0.0333375000000045,0.000666993257491484));
#4269=CARTESIAN_POINT('',(-0.0452437499999955,-0.0333374999999135,0.000666993257491484));
#4270=CARTESIAN_POINT('',(-0.0452437499999955,-0.0333375000000045,0.025));
#4271=CARTESIAN_POINT('',(-0.0452437499999955,-0.0333374999999135,0.0175));
#4272=CARTESIAN_POINT('',(4.49640324973189E-15,-0.0333375000000045,0.0175));
#4273=CARTESIAN_POINT('',(-0.0452437498449955,-0.0285749998449045,0.025));
#4274=CARTESIAN_POINT('',(-0.0452437498449955,-0.0285749998449045,0.000666993257491484));
#4275=CARTESIAN_POINT('',(-0.0500062500000045,-0.0285750000035911,0.025));
#4276=CARTESIAN_POINT('',(-0.0500062499999955,-0.0285750000035911,0.0179817956534115));
#4277=CARTESIAN_POINT('',(-0.0452437498449955,-0.0285749998449045,0.017981795671561));
#4278=CARTESIAN_POINT('',(-0.0474655171979175,-0.0327874999999135,0.0175));
#4279=CARTESIAN_POINT('',(-0.0452437498449955,-0.0285749998449045,0.0175));
#4280=CARTESIAN_POINT('',(-0.0494562500000045,-0.0327874999999143,0.025));
#4281=CARTESIAN_POINT('',(-0.0494562500000045,-0.0383374999999143,0.025));
#4282=CARTESIAN_POINT('',(-0.0494562500000045,-0.0383374999999143,0.0155));
#4283=CARTESIAN_POINT('',(-0.0494562500000045,-0.0327874999999143,0.0155));
#4284=CARTESIAN_POINT('',(-0.0550052524531139,-0.0326822774957366,0.0155));
#4285=CARTESIAN_POINT('',(-0.0494562500000045,-0.0327874999999143,0.0210731436010674));
#4286=CARTESIAN_POINT('',(-0.0550062500000045,-0.0327874999999143,0.0154869613515112));
#4287=CARTESIAN_POINT('',(-0.0550062500000045,-0.0327874999999143,0.025));
#4288=CARTESIAN_POINT('',(-0.0020880818544844,-0.0383374999999143,0.025));
#4289=CARTESIAN_POINT('',(0.0494562500000045,-0.0383374999999135,0.025));
#4290=CARTESIAN_POINT('',(0.0494562500000045,-0.0383374999999135,0.0155));
#4291=CARTESIAN_POINT('',(-0.0494562500000045,-0.0383374999999143,0.0155));
#4292=CARTESIAN_POINT('',(0.0494562500000045,-0.0327874999999135,0.025));
#4293=CARTESIAN_POINT('',(0.0550062500000045,-0.0327874999999135,0.025));
#4294=CARTESIAN_POINT('',(0.0550062500000045,-0.0327874999999135,0.0154869613515113));
#4295=CARTESIAN_POINT('',(0.0494562500000045,-0.0327874999999135,0.0210731436010675));
#4296=CARTESIAN_POINT('',(0.055005252453114,-0.0326822774957366,0.0155));
#4297=CARTESIAN_POINT('',(0.0494562500000045,-0.0327874999999135,0.0155));
#4298=CARTESIAN_POINT('',(1.38777878078145E-17,4.06272238073768E-14,0.025));
#4299=CARTESIAN_POINT('',(-0.0658937499999955,0.0327874999999955,0.025));
#4300=CARTESIAN_POINT('',(0.0474655171979335,0.0327874999999955,0.025));
#4301=CARTESIAN_POINT('',(0.0530062500000045,0.0327874999999955,0.025));
#4302=CARTESIAN_POINT('',(0.0494562500000045,0.0327874999999955,0.025));
#4303=CARTESIAN_POINT('',(0.0494562500000045,0.0363374999999955,0.025));
#4304=CARTESIAN_POINT('',(1.38777878078145E-17,0.0363374999999955,0.025));
#4305=CARTESIAN_POINT('',(-0.0494562500000045,0.0363374999999955,0.025));
#4306=CARTESIAN_POINT('',(-0.0494562500000045,0.0327874999999955,0.025));
#4307=CARTESIAN_POINT('',(-0.0530062500000045,0.0327874999999955,0.025));
#4308=CARTESIAN_POINT('',(-0.0658937499999955,0.0327874999999955,0.025));
#4309=CARTESIAN_POINT('',(-0.0474655171979324,0.0327874999999955,0.025));
#4310=CARTESIAN_POINT('',(-0.0452437498449955,0.0285749998449955,0.025));
#4311=CARTESIAN_POINT('',(-0.0452437499999955,0.0333375000000035,0.025));
#4312=CARTESIAN_POINT('',(4.49640324973189E-15,0.0333374999999955,0.025));
#4313=CARTESIAN_POINT('',(0.0452437500000045,0.0333374999999955,0.025));
#4314=CARTESIAN_POINT('',(0.0452437498449945,0.0285749998449955,0.025));
#4315=CARTESIAN_POINT('',(0.0550062500000045,-0.0306812500017527,0.025));
#4316=CARTESIAN_POINT('',(0.0550062500000045,0.0327874999999955,0.025));
#4317=CARTESIAN_POINT('',(0.0550062500000045,0.0327874999999955,0.0229869613515113));
#4318=CARTESIAN_POINT('',(0.0550062500000045,-0.0325602358972695,0.0155129541958854));
#4319=CARTESIAN_POINT('',(0.0494562500000045,0.0327874999999955,0.025));
#4320=CARTESIAN_POINT('',(0.0494562500000045,0.0327874999999955,0.023));
#4321=CARTESIAN_POINT('',(0.0494562500000045,0.0383374999999955,0.023));
#4322=CARTESIAN_POINT('',(0.055005252453114,0.0328927225041726,0.023));
#4323=CARTESIAN_POINT('',(0.0494562500000045,0.0327874999999955,0.0285731436010675));
#4324=CARTESIAN_POINT('',(0.0494562500000045,0.0383374999999955,0.025));
#4325=CARTESIAN_POINT('',(0.00212307254879101,0.0383374999999955,0.025));
#4326=CARTESIAN_POINT('',(0.026125727479761,0.0383374999999955,0.025));
#4327=CARTESIAN_POINT('',(0.026125727479761,0.0383374999999955,0.0179189546046654));
#4328=CARTESIAN_POINT('',(0.026125727479761,0.0383374999999955,0.0114495018578224));
#4329=CARTESIAN_POINT('',(0.00212307254879101,0.0383374999999955,0.0114495018578224));
#4330=CARTESIAN_POINT('',(0.037610152520248,0.0383374999999955,0.0114495018578224));
#4331=CARTESIAN_POINT('',(0.037610152520248,0.0383374999999955,0.025));
#4332=CARTESIAN_POINT('',(0.037610152520248,0.0383374999999955,0.0179189546046654));
#4333=CARTESIAN_POINT('',(0.00212307254879101,0.0383374999999955,0.0179189546046654));
#4334=CARTESIAN_POINT('',(-0.0494562500000045,0.0383374999999955,0.025));
#4335=CARTESIAN_POINT('',(-0.0494562500000045,0.0383374999999955,0.023));
#4336=CARTESIAN_POINT('',(0.00212307254879101,0.0383374999999955,0.023));
#4337=CARTESIAN_POINT('',(-0.0494562500000045,0.0327874999999955,0.025));
#4338=CARTESIAN_POINT('',(-0.0494562500000045,0.0327874999999955,0.0285731436010675));
#4339=CARTESIAN_POINT('',(-0.0550062500000045,0.0327874999999955,0.0229869613515113));
#4340=CARTESIAN_POINT('',(-0.055005252453114,0.0328927225041724,0.023));
#4341=CARTESIAN_POINT('',(-0.0494562500000045,0.0327874999999955,0.023));
#4342=CARTESIAN_POINT('',(-0.0550062500000045,0.0327874999999955,0.025));
#4343=CARTESIAN_POINT('',(0.0452437498449945,0.0285749998449955,0.025));
#4344=CARTESIAN_POINT('',(0.0452437498449945,0.0285749998449955,0.00824341009914097));
#4345=CARTESIAN_POINT('',(0.0452437500000045,0.0333374999999955,0.00824341009914097));
#4346=CARTESIAN_POINT('',(0.0500062500000045,0.0285749999999955,0.025));
#4347=CARTESIAN_POINT('',(0.0500062500000045,0.0285749999999955,0.0245182043461678));
#4348=CARTESIAN_POINT('',(0.0452437498449945,0.0285749998449955,0.02451820432844));
#4349=CARTESIAN_POINT('',(0.0452437500000045,0.0333374999999955,0.025));
#4350=CARTESIAN_POINT('',(0.0500062500000045,-4.48252546192407E-15,0.025));
#4351=CARTESIAN_POINT('',(0.0500062500000045,0.00042336017023169,0.0212984209115736));
#4352=CARTESIAN_POINT('',(-0.0500062499999955,-4.48252546192407E-15,0.025));
#4353=CARTESIAN_POINT('',(-0.0500062499999955,0.0285749999999955,0.025));
#4354=CARTESIAN_POINT('',(-0.0500062499999955,0.0285749999999955,0.0245182043461678));
#4355=CARTESIAN_POINT('',(-0.0500062499999955,0.00042336017023169,0.0212984209115736));
#4356=CARTESIAN_POINT('',(-0.0452437498449955,0.0285749998449955,0.025));
#4357=CARTESIAN_POINT('',(-0.0452437498449955,0.0285749998449955,0.00824341009914097));
#4358=CARTESIAN_POINT('',(-0.0452437499999955,0.0333374999999955,0.00824341009914097));
#4359=CARTESIAN_POINT('',(-0.0452437499999955,0.0333375000000035,0.025));
#4360=CARTESIAN_POINT('',(-0.0452437498449955,0.0285749998449955,0.02451820432844));
#4361=CARTESIAN_POINT('',(4.49640324973189E-15,0.0333374999999955,0.025));
#4362=CARTESIAN_POINT('',(0.0276179400000045,0.0333374999999955,0.0160226665127641));
#4363=CARTESIAN_POINT('',(0.0276179400000045,0.0333374999999955,0.0125559992362634));
#4364=CARTESIAN_POINT('',(0.0276179400000045,0.0333374999999955,0.0160252312418603));
#4365=CARTESIAN_POINT('',(0.0359929400000045,0.0333374999999955,0.0160252312418603));
#4366=CARTESIAN_POINT('',(0.0361179400000045,0.0333374999999955,0.0160252312418603));
#4367=CARTESIAN_POINT('',(0.0361179400000045,0.0333374999999955,0.0141656152390619));
#4368=CARTESIAN_POINT('',(0.0361179400000045,0.0333374999999955,0.0125559992362634));
#4369=CARTESIAN_POINT('',(0.0277429400000045,0.0333374999999955,0.0125559992362634));
#4370=CARTESIAN_POINT('',(4.49640324973189E-15,0.0333374999999955,0.00824341009914097));
#4371=CARTESIAN_POINT('',(-0.0550062500000045,4.06272238073768E-14,0.025));
#4372=CARTESIAN_POINT('',(-0.0550062500000045,0.000650624272920215,0.0193113751074641));
#4373=CARTESIAN_POINT('',(-0.0658937499999955,-0.0357968090354963,0.0175));
#4374=CARTESIAN_POINT('',(0.0494562500000045,-0.0363374999999143,0.0175));
#4375=CARTESIAN_POINT('',(-0.0494562500000045,-0.0363374999999143,0.0175));
#4376=CARTESIAN_POINT('',(0.0494562500000045,-0.0363374999999143,0.0175));
#4377=CARTESIAN_POINT('',(0.0494562500000045,-0.0327874999999135,0.0175));
#4378=CARTESIAN_POINT('',(0.0530062500000045,-0.0327874999999135,0.0175));
#4379=CARTESIAN_POINT('',(-0.0658937499999955,-0.0327874999999135,0.0175));
#4380=CARTESIAN_POINT('',(-0.0658937499999955,-0.0327874999999135,0.0175));
#4381=CARTESIAN_POINT('',(-0.0530062500000045,-0.0327874999999135,0.0175));
#4382=CARTESIAN_POINT('',(-0.0494562500000045,-0.0327874999999143,0.0175));
#4383=CARTESIAN_POINT('',(-0.0658937499999955,4.10158018659956E-14,0.02125));
#4384=CARTESIAN_POINT('',(0.0530062500000045,0.0327874999999955,0.025));
#4385=CARTESIAN_POINT('',(-0.0658937499999955,4.10158018659956E-14,0.02125));
#4386=CARTESIAN_POINT('',(-0.0530062500000045,4.10158018659956E-14,0.02125));
#4387=CARTESIAN_POINT('',(-0.0494562500000045,0.0327874999999955,0.025));
#4388=CARTESIAN_POINT('',(-0.0494562500000045,0.0383374999999955,0.023));
#4389=CARTESIAN_POINT('',(-0.0530062500000045,0.0327874999999955,0.025));
#4390=CARTESIAN_POINT('',(-0.0536726738185523,0.0328254865741519,0.0243335761814522));
#4391=CARTESIAN_POINT('',(-0.054338967491191,0.0328592460014456,0.0236667998864195));
#4392=CARTESIAN_POINT('',(-0.055005252453114,0.0328927225041725,0.023));
#4393=CARTESIAN_POINT('',(-0.0550062500000045,0.000650624272920215,0.0193113751074641));
#4394=CARTESIAN_POINT('',(-0.0530062500000045,-0.0327874999999135,0.0175));
#4395=CARTESIAN_POINT('',(-0.0536726738185523,-0.0327495134257572,0.0168335761814522));
#4396=CARTESIAN_POINT('',(-0.054338967491191,-0.0327157539984635,0.0161667998864195));
#4397=CARTESIAN_POINT('',(-0.0550052524531139,-0.0326822774957366,0.0155));
#4398=CARTESIAN_POINT('',(0.00212307254879101,0.0383374999999955,0.023));
#4399=CARTESIAN_POINT('',(0.0494562500000045,0.0383374999999955,0.023));
#4400=CARTESIAN_POINT('',(-0.0494562500000045,-0.0327874999999143,0.0175));
#4401=CARTESIAN_POINT('',(-0.0494562500000045,-0.0363374999999143,0.0175));
#4402=CARTESIAN_POINT('',(0.0494562500000045,0.0327874999999955,0.025));
#4403=CARTESIAN_POINT('',(0.0530062500000045,0.0327874999999955,0.025));
#4404=CARTESIAN_POINT('',(0.0536726738185523,0.0328254865741519,0.0243335761814522));
#4405=CARTESIAN_POINT('',(0.054338967491191,0.0328592460014457,0.0236667998864195));
#4406=CARTESIAN_POINT('',(0.055005252453114,0.0328927225041726,0.023));
#4407=CARTESIAN_POINT('',(-0.0658937499999955,-0.0363374999999143,0.0175));
#4408=CARTESIAN_POINT('',(0.0494562500000045,-0.0363374999999143,0.0175));
#4409=CARTESIAN_POINT('',(0.0530062500000045,4.10158018659956E-14,0.02125));
#4410=CARTESIAN_POINT('',(0.0530062500000045,-0.0327874999999135,0.0175));
#4411=CARTESIAN_POINT('',(0.0536726738185523,-0.0327495134257571,0.0168335761814522));
#4412=CARTESIAN_POINT('',(0.054338967491191,-0.0327157539984634,0.0161667998864195));
#4413=CARTESIAN_POINT('',(0.055005252453114,-0.0326822774957366,0.0155));
#4414=CARTESIAN_POINT('',(0.0494562500000045,-0.0327874999999135,0.0175));
#4415=CARTESIAN_POINT('',(0.0509937500000045,-0.0344306641186728,0.000666993257491482));
#4416=CARTESIAN_POINT('',(0.0509937500000045,0.0350124753965291,0.00824341009914097));
#4417=CARTESIAN_POINT('',(1.38777878078145E-17,4.06272238073768E-14,-0.001));
#4418=CARTESIAN_POINT('',(0.0460000000000045,0.0333374999999955,-0.001));
#4419=CARTESIAN_POINT('',(0.0460000000000045,0.0338374999999955,-0.001));
#4420=CARTESIAN_POINT('',(0.0460000000000045,0.0328374999999955,-0.001));
#4421=CARTESIAN_POINT('',(-0.0459999999999955,0.0328374999999955,-0.001));
#4422=CARTESIAN_POINT('',(-0.0459999999999955,0.0328374999999955,-0.001));
#4423=CARTESIAN_POINT('',(-0.0459999999999955,0.0333374999999955,-0.001));
#4424=CARTESIAN_POINT('',(-0.0459999999999955,0.0338374999999955,-0.001));
#4425=CARTESIAN_POINT('',(8.93473891364292E-18,0.0338374999999955,-0.001));
#4426=CARTESIAN_POINT('',(1.38777878078145E-17,4.06272238073768E-14,-0.001));
#4427=CARTESIAN_POINT('',(0.0460000000000045,-0.0333375000000045,-0.001));
#4428=CARTESIAN_POINT('',(0.0460000000000045,-0.0328375000000045,-0.001));
#4429=CARTESIAN_POINT('',(0.0460000000000045,-0.0338375000000045,-0.001));
#4430=CARTESIAN_POINT('',(-0.0459999999999955,-0.0338375000000045,-0.001));
#4431=CARTESIAN_POINT('',(-0.0459999999999955,-0.0338375000000045,-0.001));
#4432=CARTESIAN_POINT('',(-0.0459999999999955,-0.0333375000000045,-0.001));
#4433=CARTESIAN_POINT('',(-0.0459999999999955,-0.0328375000000045,-0.001));
#4434=CARTESIAN_POINT('',(9.08082089055412E-18,-0.0328375000000045,-0.001));
#4435=CARTESIAN_POINT('',(4.5102810375397E-15,0.0348374999999955,0.));
#4436=CARTESIAN_POINT('',(-0.0459999999999955,0.0348374999999955,0.));
#4437=CARTESIAN_POINT('',(0.0460000000000045,0.0338374999999955,-0.001));
#4438=CARTESIAN_POINT('',(0.0460000000000045,0.0333374999999955,-0.001));
#4439=CARTESIAN_POINT('',(0.0460000000000045,0.0328374999999955,-0.001));
#4440=CARTESIAN_POINT('',(-0.0459999999999955,0.0333374999999955,-0.001));
#4441=CARTESIAN_POINT('',(-0.0459999999999955,0.0318374999999955,0.));
#4442=CARTESIAN_POINT('',(9.08082089056731E-18,0.0328374999999955,-0.001));
#4443=CARTESIAN_POINT('',(0.0237500000000044,-0.0318375000000045,0.));
#4444=CARTESIAN_POINT('',(-0.0459999999999955,-0.0318375000000045,0.));
#4445=CARTESIAN_POINT('',(0.0460000000000045,-0.0328375000000045,-0.001));
#4446=CARTESIAN_POINT('',(0.0460000000000045,-0.0333375000000045,-0.001));
#4447=CARTESIAN_POINT('',(0.0460000000000045,-0.0338375000000045,-0.001));
#4448=CARTESIAN_POINT('',(-0.0459999999999955,-0.0333375000000045,-0.001));
#4449=CARTESIAN_POINT('',(-0.0459999999999955,-0.0348375000000045,0.));
#4450=CARTESIAN_POINT('',(8.93473891362974E-18,-0.0338375000000045,-0.001));
#4451=CARTESIAN_POINT('',(-0.0329999999999955,-0.0313375000000045,0.0446));
#4452=CARTESIAN_POINT('',(-0.0329999999999955,-0.0310875000000045,0.0446));
#4453=CARTESIAN_POINT('',(-0.0329999999999955,-0.0315875000000045,0.0446));
#4454=CARTESIAN_POINT('',(-0.0344999999999955,-0.0315875000000045,0.0446));
#4455=CARTESIAN_POINT('',(-0.0359999999999955,-0.0315875000000045,0.0446));
#4456=CARTESIAN_POINT('',(-0.0359999999999955,-0.0313375000000045,0.0446));
#4457=CARTESIAN_POINT('',(-0.0359999999999955,-0.0310875000000045,0.0446));
#4458=CARTESIAN_POINT('',(-0.0344999999999955,-0.0310875000000045,0.0446));
#4459=CARTESIAN_POINT('',(-0.0344999999999955,0.0315875000000045,0.0446));
#4460=CARTESIAN_POINT('',(-0.0359999999999955,0.0315875000000045,0.0446));
#4461=CARTESIAN_POINT('',(-0.0329999999999955,0.0315875000000045,0.0446));
#4462=CARTESIAN_POINT('',(-0.0329999999999955,0.0313375000000045,0.0446));
#4463=CARTESIAN_POINT('',(-0.0329999999999955,0.0310875000000045,0.0446));
#4464=CARTESIAN_POINT('',(-0.0344999999999955,0.0310875000000045,0.0446));
#4465=CARTESIAN_POINT('',(-0.0359999999999955,0.0310875000000045,0.0446));
#4466=CARTESIAN_POINT('',(-0.0359999999999955,0.0313375000000045,0.0446));
#4467=CARTESIAN_POINT('',(-0.0229999999999955,0.0315875000000045,0.0446));
#4468=CARTESIAN_POINT('',(-0.0244999999999955,0.0315875000000045,0.0446));
#4469=CARTESIAN_POINT('',(-0.0214999999999955,0.0315875000000045,0.0446));
#4470=CARTESIAN_POINT('',(-0.0214999999999955,0.0313375000000045,0.0446));
#4471=CARTESIAN_POINT('',(-0.0214999999999955,0.0310875000000045,0.0446));
#4472=CARTESIAN_POINT('',(-0.0229999999999955,0.0310875000000045,0.0446));
#4473=CARTESIAN_POINT('',(-0.0244999999999955,0.0310875000000045,0.0446));
#4474=CARTESIAN_POINT('',(-0.0244999999999955,0.0313375000000045,0.0446));
#4475=CARTESIAN_POINT('',(-0.0114999999999955,0.0315875000000045,0.0446));
#4476=CARTESIAN_POINT('',(-0.0129999999999955,0.0315875000000045,0.0446));
#4477=CARTESIAN_POINT('',(-0.00999999999999551,0.0315875000000045,0.0446));
#4478=CARTESIAN_POINT('',(-0.00999999999999551,0.0313375000000045,0.0446));
#4479=CARTESIAN_POINT('',(-0.00999999999999551,0.0310875000000045,0.0446));
#4480=CARTESIAN_POINT('',(-0.0114999999999955,0.0310875000000045,0.0446));
#4481=CARTESIAN_POINT('',(-0.0129999999999955,0.0310875000000045,0.0446));
#4482=CARTESIAN_POINT('',(-0.0129999999999955,0.0313375000000045,0.0446));
#4483=CARTESIAN_POINT('',(-0.0229999999999955,-0.0310875000000045,0.0446));
#4484=CARTESIAN_POINT('',(-0.0244999999999955,-0.0310875000000045,0.0446));
#4485=CARTESIAN_POINT('',(-0.0214999999999955,-0.0310875000000045,0.0446));
#4486=CARTESIAN_POINT('',(-0.0214999999999955,-0.0313375000000045,0.0446));
#4487=CARTESIAN_POINT('',(-0.0214999999999955,-0.0315875000000045,0.0446));
#4488=CARTESIAN_POINT('',(-0.0229999999999955,-0.0315875000000045,0.0446));
#4489=CARTESIAN_POINT('',(-0.0244999999999955,-0.0315875000000045,0.0446));
#4490=CARTESIAN_POINT('',(-0.0244999999999955,-0.0313375000000045,0.0446));
#4491=CARTESIAN_POINT('',(-0.0114999999999955,-0.0310875000000045,0.0446));
#4492=CARTESIAN_POINT('',(-0.0129999999999955,-0.0310875000000045,0.0446));
#4493=CARTESIAN_POINT('',(-0.00999999999999551,-0.0310875000000045,0.0446));
#4494=CARTESIAN_POINT('',(-0.00999999999999551,-0.0313375000000045,0.0446));
#4495=CARTESIAN_POINT('',(-0.00999999999999551,-0.0315875000000045,0.0446));
#4496=CARTESIAN_POINT('',(-0.0114999999999955,-0.0315875000000045,0.0446));
#4497=CARTESIAN_POINT('',(-0.0129999999999955,-0.0315875000000045,0.0446));
#4498=CARTESIAN_POINT('',(-0.0129999999999955,-0.0313375000000045,0.0446));
#4499=CARTESIAN_POINT('',(0.00999999999999551,-0.0313375000000045,0.0446));
#4500=CARTESIAN_POINT('',(0.00999999999999551,-0.0315875000000045,0.0446));
#4501=CARTESIAN_POINT('',(0.00999999999999551,-0.0310875000000045,0.0446));
#4502=CARTESIAN_POINT('',(0.0114999999999955,-0.0310875000000045,0.0446));
#4503=CARTESIAN_POINT('',(0.0129999999999955,-0.0310875000000045,0.0446));
#4504=CARTESIAN_POINT('',(0.0129999999999955,-0.0313375000000045,0.0446));
#4505=CARTESIAN_POINT('',(0.0129999999999955,-0.0315875000000045,0.0446));
#4506=CARTESIAN_POINT('',(0.0114999999999955,-0.0315875000000045,0.0446));
#4507=CARTESIAN_POINT('',(0.0229999999999955,-0.0315875000000045,0.0446));
#4508=CARTESIAN_POINT('',(0.0244999999999955,-0.0315875000000045,0.0446));
#4509=CARTESIAN_POINT('',(0.0214999999999955,-0.0315875000000045,0.0446));
#4510=CARTESIAN_POINT('',(0.0214999999999955,-0.0313375000000045,0.0446));
#4511=CARTESIAN_POINT('',(0.0214999999999955,-0.0310875000000045,0.0446));
#4512=CARTESIAN_POINT('',(0.0229999999999955,-0.0310875000000045,0.0446));
#4513=CARTESIAN_POINT('',(0.0244999999999955,-0.0310875000000045,0.0446));
#4514=CARTESIAN_POINT('',(0.0244999999999955,-0.0313375000000045,0.0446));
#4515=CARTESIAN_POINT('',(0.0344999999999955,-0.0315875000000045,0.0446));
#4516=CARTESIAN_POINT('',(0.0359999999999955,-0.0315875000000045,0.0446));
#4517=CARTESIAN_POINT('',(0.0329999999999955,-0.0315875000000045,0.0446));
#4518=CARTESIAN_POINT('',(0.0329999999999955,-0.0313375000000045,0.0446));
#4519=CARTESIAN_POINT('',(0.0329999999999955,-0.0310875000000045,0.0446));
#4520=CARTESIAN_POINT('',(0.0344999999999955,-0.0310875000000045,0.0446));
#4521=CARTESIAN_POINT('',(0.0359999999999955,-0.0310875000000045,0.0446));
#4522=CARTESIAN_POINT('',(0.0359999999999955,-0.0313375000000045,0.0446));
#4523=CARTESIAN_POINT('',(0.0329999999999955,0.0313375000000045,0.0446));
#4524=CARTESIAN_POINT('',(0.0329999999999955,0.0310875000000045,0.0446));
#4525=CARTESIAN_POINT('',(0.0329999999999955,0.0315875000000045,0.0446));
#4526=CARTESIAN_POINT('',(0.0344999999999955,0.0315875000000045,0.0446));
#4527=CARTESIAN_POINT('',(0.0359999999999955,0.0315875000000045,0.0446));
#4528=CARTESIAN_POINT('',(0.0359999999999955,0.0313375000000045,0.0446));
#4529=CARTESIAN_POINT('',(0.0359999999999955,0.0310875000000045,0.0446));
#4530=CARTESIAN_POINT('',(0.0344999999999955,0.0310875000000045,0.0446));
#4531=CARTESIAN_POINT('',(0.0229999999999955,0.0310875000000045,0.0446));
#4532=CARTESIAN_POINT('',(0.0244999999999955,0.0310875000000045,0.0446));
#4533=CARTESIAN_POINT('',(0.0214999999999955,0.0310875000000045,0.0446));
#4534=CARTESIAN_POINT('',(0.0214999999999955,0.0313375000000045,0.0446));
#4535=CARTESIAN_POINT('',(0.0214999999999955,0.0315875000000045,0.0446));
#4536=CARTESIAN_POINT('',(0.0229999999999955,0.0315875000000045,0.0446));
#4537=CARTESIAN_POINT('',(0.0244999999999955,0.0315875000000045,0.0446));
#4538=CARTESIAN_POINT('',(0.0244999999999955,0.0313375000000045,0.0446));
#4539=CARTESIAN_POINT('',(0.00999999999999551,0.0313375000000045,0.0446));
#4540=CARTESIAN_POINT('',(0.00999999999999551,0.0310875000000045,0.0446));
#4541=CARTESIAN_POINT('',(0.00999999999999551,0.0315875000000045,0.0446));
#4542=CARTESIAN_POINT('',(0.0114999999999955,0.0315875000000045,0.0446));
#4543=CARTESIAN_POINT('',(0.0129999999999955,0.0315875000000045,0.0446));
#4544=CARTESIAN_POINT('',(0.0129999999999955,0.0313375000000045,0.0446));
#4545=CARTESIAN_POINT('',(0.0129999999999955,0.0310875000000045,0.0446));
#4546=CARTESIAN_POINT('',(0.0114999999999955,0.0310875000000045,0.0446));
#4547=CARTESIAN_POINT('',(2.60208521396521E-18,0.00265993693126717,0.00399413962308367));
#4548=CARTESIAN_POINT('',(2.60208521396521E-18,0.00257471289480306,0.00473928179985853));
#4549=CARTESIAN_POINT('',(0.005,0.00257471289480306,0.00473928179985853));
#4550=CARTESIAN_POINT('',(-0.005,0.00257471289480307,0.00473928179985853));
#4551=CARTESIAN_POINT('',(0.005,0.00265993693126717,0.00399413962308367));
#4552=CARTESIAN_POINT('',(0.005,0.00265993693126717,0.00399413962308367));
#4553=CARTESIAN_POINT('',(2.60208521396521E-18,0.00265993693126717,0.00399413962308367));
#4554=CARTESIAN_POINT('',(-0.005,0.00265993693126717,0.00399413962308367));
#4555=CARTESIAN_POINT('',(-0.005,0.00265993693126717,0.00399413962308367));
#4556=CARTESIAN_POINT('',(0.005,0.000176129675350993,0.00371005950153666));
#4557=CARTESIAN_POINT('',(0.005,9.09056388868884E-5,0.00445520167831151));
#4558=CARTESIAN_POINT('',(0.005,-0.00239290161702929,0.0041711215567645));
#4559=CARTESIAN_POINT('',(0.005,-0.00230767758056518,0.00342597937998964));
#4560=CARTESIAN_POINT('',(0.005,-0.00230767758056518,0.00342597937998964));
#4561=CARTESIAN_POINT('',(0.005,0.000176129675350993,0.00371005950153666));
#4562=CARTESIAN_POINT('',(8.67361737988404E-19,-0.00230767758056518,0.00342597937998964));
#4563=CARTESIAN_POINT('',(8.67361737988404E-19,-0.00239290161702929,0.0041711215567645));
#4564=CARTESIAN_POINT('',(-0.005,-0.00239290161702928,0.0041711215567645));
#4565=CARTESIAN_POINT('',(-0.005,-0.00230767758056518,0.00342597937998964));
#4566=CARTESIAN_POINT('',(-0.005,-0.00230767758056518,0.00342597937998964));
#4567=CARTESIAN_POINT('',(8.67361737988404E-19,-0.00230767758056518,0.00342597937998964));
#4568=CARTESIAN_POINT('',(0.0475,0.000176129675350999,0.00371005950153666));
#4569=CARTESIAN_POINT('',(0.0475,0.0299818167463451,0.00711902096010085));
#4570=CARTESIAN_POINT('',(0.0475,0.0299818167463451,0.00711902096010085));
#4571=CARTESIAN_POINT('',(0.0475,0.000176129675350999,0.00371005950153666));
#4572=CARTESIAN_POINT('',(0.0475,-0.0296295573956431,0.000301098042972466));
#4573=CARTESIAN_POINT('',(0.0475,-0.0296295573956431,0.000301098042972466));
#4574=CARTESIAN_POINT('',(0.,0.0299818167463451,0.00711902096010085));
#4575=CARTESIAN_POINT('',(-0.0475,0.0299818167463451,0.00711902096010085));
#4576=CARTESIAN_POINT('',(-0.0475,0.0299818167463451,0.00711902096010085));
#4577=CARTESIAN_POINT('',(0.,0.0299818167463451,0.00711902096010085));
#4578=CARTESIAN_POINT('',(-0.0475,0.000176129675350995,0.00371005950153666));
#4579=CARTESIAN_POINT('',(-0.0475,-0.0296295573956431,0.000301098042972466));
#4580=CARTESIAN_POINT('',(-0.0475,-0.0296295573956431,0.000301098042972466));
#4581=CARTESIAN_POINT('',(-0.0475,0.000176129675350995,0.00371005950153666));
#4582=CARTESIAN_POINT('',(0.,-0.0296295573956431,0.000301098042972466));
#4583=CARTESIAN_POINT('',(0.,-0.0296295573956431,0.000301098042972466));
#4584=CARTESIAN_POINT('',(-0.005,0.000176129675350994,0.00371005950153666));
#4585=CARTESIAN_POINT('',(-0.005,9.09056388868891E-5,0.00445520167831151));
#4586=CARTESIAN_POINT('',(-0.005,0.000176129675350994,0.00371005950153666));
#4587=CARTESIAN_POINT('',(4.50334214363579E-15,0.000176129675392228,0.00371005950154138));
#4588=CARTESIAN_POINT('',(0.0509937500000045,0.030846648985265,0.00797282378336699));
#4589=CARTESIAN_POINT('',(0.0298679400000045,0.044223857153712,0.0140511029600189));
#4590=CARTESIAN_POINT('',(0.0358679400000045,0.044223857153712,0.0140511029600189));
#4591=CARTESIAN_POINT('',(0.0358679400000045,0.0370892385489943,0.0132350962768948));
#4592=CARTESIAN_POINT('',(0.0358679400000045,0.0333374999999955,0.0128059992362634));
#4593=CARTESIAN_POINT('',(0.0278679400000045,0.0370892385489943,0.0132350962768948));
#4594=CARTESIAN_POINT('',(0.0278679400000045,0.0370892385489943,0.0132350962768948));
#4595=CARTESIAN_POINT('',(0.0278679400000045,0.044223857153712,0.0140511029600189));
#4596=CARTESIAN_POINT('',(0.0278679400000045,0.0333374999999955,0.0128059992362634));
#4597=CARTESIAN_POINT('',(4.49640324973189E-15,0.0333374999999955,0.0128059992362634));
#4598=CARTESIAN_POINT('',(0.0278679400000045,0.0440562498819993,0.0155165492410094));
#4599=CARTESIAN_POINT('',(0.0278679400000045,0.0398352442154968,0.0107852570116886));
#4600=CARTESIAN_POINT('',(0.0278679400000045,0.0372166078233117,0.013121464228276));
#4601=CARTESIAN_POINT('',(0.0278679400000045,0.0372166078233117,0.0163470955056238));
#4602=CARTESIAN_POINT('',(0.0278679400000045,0.0372166078233117,0.0162188958697484));
#4603=CARTESIAN_POINT('',(0.0278679400000045,0.0438886426102865,0.016981995522));
#4604=CARTESIAN_POINT('',(0.0278679400000045,0.0333374999999955,0.0157752312418603));
#4605=CARTESIAN_POINT('',(0.0278679400000045,0.0323374999999955,0.0157752312418603));
#4606=CARTESIAN_POINT('',(0.0278679400000045,0.0323374999999955,0.0157752312418603));
#4607=CARTESIAN_POINT('',(0.0278679400000045,0.0323374999999955,0.025));
#4608=CARTESIAN_POINT('',(0.0278679400000045,0.0323374999999955,0.0128059992362634));
#4609=CARTESIAN_POINT('',(0.0278679400000045,0.0323374999999955,0.0128059992362634));
#4610=CARTESIAN_POINT('',(0.0318679400000045,0.0438886426102865,0.016981995522));
#4611=CARTESIAN_POINT('',(0.0279078437006438,0.0371767041226724,0.0162143319696709));
#4612=CARTESIAN_POINT('',(0.0277405707256871,0.0373439770976291,0.016233463457005));
#4613=CARTESIAN_POINT('',(0.0318679400000045,0.0373439770976291,0.016233463457005));
#4614=CARTESIAN_POINT('',(0.0359953092743218,0.0373439770976291,0.016233463457005));
#4615=CARTESIAN_POINT('',(0.037480445429284,0.0388291132525912,0.0164033227157743));
#4616=CARTESIAN_POINT('',(0.0358679400000045,0.0372166078233117,0.0162188958697484));
#4617=CARTESIAN_POINT('',(0.0358679400000045,0.0438886426102865,0.016981995522));
#4618=CARTESIAN_POINT('',(0.0358679400000045,0.0333374999999955,0.0157752312418603));
#4619=CARTESIAN_POINT('',(4.49640324973189E-15,0.0333374999999955,0.0157752312418603));
#4620=CARTESIAN_POINT('',(0.0358679400000045,0.0440562498819993,0.0155165492410094));
#4621=CARTESIAN_POINT('',(0.0358679400000045,0.0372166078233117,0.0155165492410094));
#4622=CARTESIAN_POINT('',(0.0358679400000045,0.0372166078233117,0.013121464228276));
#4623=CARTESIAN_POINT('',(0.0358679400000045,0.0370892385489943,0.0132350962768948));
#4624=CARTESIAN_POINT('',(0.0358679400000045,0.0323374999999955,0.0128059992362634));
#4625=CARTESIAN_POINT('',(0.0358679400000045,0.0323374999999955,0.0128059992362634));
#4626=CARTESIAN_POINT('',(0.0358679400000045,0.0323374999999955,0.025));
#4627=CARTESIAN_POINT('',(0.0358679400000045,0.0323374999999955,0.0157752312418603));
#4628=CARTESIAN_POINT('',(0.0358679400000045,0.0323374999999955,0.0157752312418603));
#4629=CARTESIAN_POINT('',(0.0278679400000045,0.0372166078233117,0.0155165492410094));
#4630=CARTESIAN_POINT('',(0.0282470478233207,0.0368374999999955,0.0114495018578224));
#4631=CARTESIAN_POINT('',(0.0272484668574977,0.0378360809658184,0.0125688034501987));
#4632=CARTESIAN_POINT('',(0.0271863876515409,0.0378981601717754,0.0125101620296037));
#4633=CARTESIAN_POINT('',(0.0271863876515408,0.0378981601717754,0.0155165492410094));
#4634=CARTESIAN_POINT('',(0.0271863876515408,0.0378981601717754,0.0168546429292663));
#4635=CARTESIAN_POINT('',(0.0191853291212744,0.0458992187020417,0.0258229668410314));
#4636=CARTESIAN_POINT('',(0.0286321831013437,0.0364523647219725,0.0138032810142581));
#4637=CARTESIAN_POINT('',(0.0298679400000045,0.0370892385489943,0.0132350962768948));
#4638=CARTESIAN_POINT('',(0.0328794447993875,0.0342281126226946,0.0157876396756402));
#4639=CARTESIAN_POINT('',(0.0364874131425112,0.0378360809658184,0.0125688034501987));
#4640=CARTESIAN_POINT('',(0.0298679400000045,0.0378360809658184,0.0125688034501987));
#4641=CARTESIAN_POINT('',(0.00212307254879101,0.0383374999999955,0.0173470955056238));
#4642=CARTESIAN_POINT('',(0.026125727479761,0.0368374999999955,0.0156657572405981));
#4643=CARTESIAN_POINT('',(0.0271243084455869,0.0379568015923719,0.0169203736388425));
#4644=CARTESIAN_POINT('',(0.00212307254879101,0.0379568015923719,0.0169203736388425));
#4645=CARTESIAN_POINT('',(0.0366115715544221,0.0379568015923719,0.0169203736388425));
#4646=CARTESIAN_POINT('',(0.037610152520248,0.0368374999999955,0.0156657572405981));
#4647=CARTESIAN_POINT('',(0.0365494923484682,0.0378981601717754,0.0168546429292663));
#4648=CARTESIAN_POINT('',(0.0396230548443657,0.040971722667673,0.0202997750854667));
#4649=CARTESIAN_POINT('',(0.0369888321766884,0.0383374999999955,0.025));
#4650=CARTESIAN_POINT('',(0.0365494923484682,0.0378981601717754,0.025));
#4651=CARTESIAN_POINT('',(0.0365494923484682,0.0378981601717754,0.0125101620296037));
#4652=CARTESIAN_POINT('',(0.0354888321766883,0.0368374999999955,0.0114495018578224));
#4653=CARTESIAN_POINT('',(0.00212307254879101,0.0368374999999955,0.0179189546046654));
#4654=CARTESIAN_POINT('',(0.026125727479761,0.0368374999999955,0.0179189546046654));
#4655=CARTESIAN_POINT('',(0.037610152520248,0.0368374999999955,0.0179189546046654));
#4656=CARTESIAN_POINT('',(0.026125727479761,0.0368374999999955,0.025));
#4657=CARTESIAN_POINT('',(0.026125727479761,0.0368374999999955,0.0114495018578224));
#4658=CARTESIAN_POINT('',(0.037610152520248,0.0368374999999955,0.025));
#4659=CARTESIAN_POINT('',(0.037610152520248,0.0368374999999955,0.0114495018578224));
#4660=CARTESIAN_POINT('',(0.00212307254879101,0.0368374999999955,0.0114495018578224));
#4661=CARTESIAN_POINT('',(4.49640324973189E-15,0.0323374999999955,0.0128059992362634));
#4662=CARTESIAN_POINT('',(4.49640324973189E-15,0.0323374999999955,0.0128059992362634));
#4663=CARTESIAN_POINT('',(0.0359929400000045,0.0323374999999955,0.0160252312418603));
#4664=CARTESIAN_POINT('',(0.0276179400000045,0.0323374999999955,0.0160252312418603));
#4665=CARTESIAN_POINT('',(0.0276179400000045,0.0323374999999955,0.0160252312418603));
#4666=CARTESIAN_POINT('',(0.0359929400000045,0.0323374999999955,0.0160252312418603));
#4667=CARTESIAN_POINT('',(0.0361179400000045,0.0323374999999955,0.0160252312418603));
#4668=CARTESIAN_POINT('',(0.0361179400000045,0.0323374999999955,0.0160252312418603));
#4669=CARTESIAN_POINT('',(0.0276179400000045,0.0323374999999955,0.0160226665127641));
#4670=CARTESIAN_POINT('',(0.0276179400000045,0.0323374999999955,0.0125559992362634));
#4671=CARTESIAN_POINT('',(0.0276179400000045,0.0323374999999955,0.0125559992362634));
#4672=CARTESIAN_POINT('',(0.0276179400000045,0.0323374999999955,0.0160226665127641));
#4673=CARTESIAN_POINT('',(0.0277429400000045,0.0323374999999955,0.0125559992362634));
#4674=CARTESIAN_POINT('',(0.0361179400000045,0.0323374999999955,0.0125559992362634));
#4675=CARTESIAN_POINT('',(0.0361179400000045,0.0323374999999955,0.0125559992362634));
#4676=CARTESIAN_POINT('',(0.0277429400000045,0.0323374999999955,0.0125559992362634));
#4677=CARTESIAN_POINT('',(0.0361179400000045,0.0323374999999955,0.0141656152390619));
#4678=CARTESIAN_POINT('',(0.0361179400000045,0.0323374999999955,0.0141656152390619));
#4679=CARTESIAN_POINT('',(4.49640324973189E-15,0.0323374999999955,0.0157752312418603));
#4680=CARTESIAN_POINT('',(4.49640324973189E-15,0.0323374999999955,0.0157752312418603));
#4681=CARTESIAN_POINT('',(4.49640324973189E-15,0.0323374999999955,0.0166217050495705));
#4682=CARTESIAN_POINT('',(-0.00346109457314016,0.0118630528449606,0.00879170078130289));
#4683=MECHANICAL_DESIGN_GEOMETRIC_PRESENTATION_REPRESENTATION('',(#2853,
#2854,#2855),#4684);
#4684=(
GEOMETRIC_REPRESENTATION_CONTEXT(3)
GLOBAL_UNCERTAINTY_ASSIGNED_CONTEXT((#4688))
GLOBAL_UNIT_ASSIGNED_CONTEXT((#4694,#4693,#4692))
REPRESENTATION_CONTEXT('PrintThis!!','TOP_LEVEL_ASSEMBLY_PART')
);
#4685=(
GEOMETRIC_REPRESENTATION_CONTEXT(3)
GLOBAL_UNCERTAINTY_ASSIGNED_CONTEXT((#4689))
GLOBAL_UNIT_ASSIGNED_CONTEXT((#4694,#4693,#4692))
REPRESENTATION_CONTEXT('Part 9','COMPONENT_PART')
);
#4686=(
GEOMETRIC_REPRESENTATION_CONTEXT(3)
GLOBAL_UNCERTAINTY_ASSIGNED_CONTEXT((#4690))
GLOBAL_UNIT_ASSIGNED_CONTEXT((#4694,#4693,#4692))
REPRESENTATION_CONTEXT('Part 8','COMPONENT_PART')
);
#4687=(
GEOMETRIC_REPRESENTATION_CONTEXT(3)
GLOBAL_UNCERTAINTY_ASSIGNED_CONTEXT((#4691))
GLOBAL_UNIT_ASSIGNED_CONTEXT((#4694,#4693,#4692))
REPRESENTATION_CONTEXT('Part 1','COMPONENT_PART')
);
#4688=UNCERTAINTY_MEASURE_WITH_UNIT(LENGTH_MEASURE(1.E-8),#4694,
'DISTANCE_ACCURACY_VALUE','Maximum Tolerance applied to model');
#4689=UNCERTAINTY_MEASURE_WITH_UNIT(LENGTH_MEASURE(2.E-5),#4694,
'DISTANCE_ACCURACY_VALUE','Maximum Tolerance applied to model');
#4690=UNCERTAINTY_MEASURE_WITH_UNIT(LENGTH_MEASURE(2.00096875000236E-5),
#4694,'DISTANCE_ACCURACY_VALUE','Maximum Tolerance applied to model');
#4691=UNCERTAINTY_MEASURE_WITH_UNIT(LENGTH_MEASURE(2.E-5),#4694,
'DISTANCE_ACCURACY_VALUE','Maximum Tolerance applied to model');
#4692=(
NAMED_UNIT(*)
SI_UNIT($,.STERADIAN.)
SOLID_ANGLE_UNIT()
);
#4693=(
NAMED_UNIT(*)
PLANE_ANGLE_UNIT()
SI_UNIT($,.RADIAN.)
);
#4694=(
LENGTH_UNIT()
NAMED_UNIT(*)
SI_UNIT($,.METRE.)
);
#4695=PRODUCT_DEFINITION_SHAPE('','',#4702);
#4696=PRODUCT_DEFINITION_SHAPE('','',#4703);
#4697=PRODUCT_DEFINITION_SHAPE(' ','NAUO PRDDFN',#25);
#4698=PRODUCT_DEFINITION_SHAPE('','',#4704);
#4699=PRODUCT_DEFINITION_SHAPE(' ','NAUO PRDDFN',#26);
#4700=PRODUCT_DEFINITION_SHAPE('','',#4705);
#4701=PRODUCT_DEFINITION_SHAPE(' ','NAUO PRDDFN',#27);
#4702=PRODUCT_DEFINITION('','',#4710,#4706);
#4703=PRODUCT_DEFINITION('','',#4711,#4707);
#4704=PRODUCT_DEFINITION('','',#4712,#4708);
#4705=PRODUCT_DEFINITION('','',#4713,#4709);
#4706=PRODUCT_DEFINITION_CONTEXT('',#4731,'design');
#4707=PRODUCT_DEFINITION_CONTEXT('',#4731,'design');
#4708=PRODUCT_DEFINITION_CONTEXT('',#4731,'design');
#4709=PRODUCT_DEFINITION_CONTEXT('',#4731,'design');
#4710=PRODUCT_DEFINITION_FORMATION_WITH_SPECIFIED_SOURCE('','',#4718,
 .NOT_KNOWN.);
#4711=PRODUCT_DEFINITION_FORMATION_WITH_SPECIFIED_SOURCE('','',#4719,
 .NOT_KNOWN.);
#4712=PRODUCT_DEFINITION_FORMATION_WITH_SPECIFIED_SOURCE('','',#4720,
 .NOT_KNOWN.);
#4713=PRODUCT_DEFINITION_FORMATION_WITH_SPECIFIED_SOURCE('','',#4721,
 .NOT_KNOWN.);
#4714=PRODUCT_RELATED_PRODUCT_CATEGORY('','',(#4718));
#4715=PRODUCT_RELATED_PRODUCT_CATEGORY('','',(#4719));
#4716=PRODUCT_RELATED_PRODUCT_CATEGORY('','',(#4720));
#4717=PRODUCT_RELATED_PRODUCT_CATEGORY('','',(#4721));
#4718=PRODUCT('PrintThis!!','PrintThis!!','PrintThis!!',(#4726));
#4719=PRODUCT('Part 9','Part 9','Part 9',(#4727));
#4720=PRODUCT('Part 8','Part 8','Part 8',(#4728));
#4721=PRODUCT('Part 1','Part 1','Part 1',(#4729));
#4722=PRODUCT_CATEGORY('','');
#4723=PRODUCT_CATEGORY('','');
#4724=PRODUCT_CATEGORY('','');
#4725=PRODUCT_CATEGORY('','');
#4726=PRODUCT_CONTEXT('',#4731,'mechanical');
#4727=PRODUCT_CONTEXT('',#4731,'mechanical');
#4728=PRODUCT_CONTEXT('',#4731,'mechanical');
#4729=PRODUCT_CONTEXT('',#4731,'mechanical');
#4730=APPLICATION_PROTOCOL_DEFINITION('international standard',
'ap242_managed_model_based_3d_engineering',2020,#4731);
#4731=APPLICATION_CONTEXT('managed model based 3d engineering');
ENDSEC;
END-ISO-10303-21;
